date,ticker,symbol,kind,strike,expiration,volume,oi_before,premium,direction,side,status,oi_after,checked_date,weight
2026-10-01,NVDA,NVDA261002P00227500,PUT,227.5,2026-10-02,85855,12163,5408865,ALCISTA,BID,NO CONFIRMADA,22182.0,2026-10-02,
2026-10-01,NVDA,NVDA261002P00230000,PUT,230.0,2026-10-02,110843,22577,15628863,ALCISTA,BID,NO CONFIRMADA,26684.0,2026-10-02,
2026-10-01,NVDA,NVDA261002C00235000,CALL,235.0,2026-10-02,131514,63543,3682392,ALCISTA,ASK,NO CONFIRMADA,67064.0,2026-10-02,
2026-10-01,NVDA,NVDA261007C00235000,CALL,235.0,2026-10-07,6694,1314,1024182,ALCISTA,ASK,NO CONFIRMADA,2925.0,2026-10-02,
2026-10-01,NVDA,NVDA261002C00232500,CALL,232.5,2026-10-02,186116,52943,15075396,ALCISTA,MID,NO CONFIRMADA,54820.0,2026-10-02,
2026-10-01,NVDA,NVDA261002P00232500,PUT,232.5,2026-10-02,15447,2542,4325160,ALCISTA,BID,NO CONFIRMADA,4089.0,2026-10-02,
2026-10-01,NVDA,NVDA261002C00230000,CALL,230.0,2026-10-02,133857,28600,25432830,BAJISTA,BID,NO CONFIRMADA,31877.0,2026-10-02,
2026-10-01,NVDA,NVDA261007C00232500,CALL,232.5,2026-10-07,3636,1400,876276,ALCISTA,ASK,NO CONFIRMADA,2417.0,2026-10-02,
2026-10-01,NVDA,NVDA261002P00225000,PUT,225.0,2026-10-02,49367,17978,1382276,ALCISTA,BID,NO CONFIRMADA,21873.0,2026-10-02,
2026-10-01,NVDA,NVDA261007P00227500,PUT,227.5,2026-10-07,2693,523,549372,ALCISTA,BID,NO CONFIRMADA,1089.0,2026-10-02,
2026-10-01,NVDA,NVDA261007P00240000,PUT,240.0,2026-10-07,963,124,948555,ALCISTA,BID,NO CONFIRMADA,212.0,2026-10-02,
2026-10-01,NVDA,NVDA261106P00225000,PUT,225.0,2026-11-06,1065,539,670950,BAJISTA,ASK,CONFIRMADA,1573.0,2026-10-02,
2026-10-01,NVDA,NVDA261012P00240000,PUT,240.0,2026-10-12,801,42,805005,ALCISTA,BID,NO CONFIRMADA,174.0,2026-10-02,
2026-10-01,NVDA,NVDA261002C00237500,CALL,237.5,2026-10-02,50247,27425,452223,ALCISTA,ASK,NO CONFIRMADA,36003.0,2026-10-02,
2026-10-01,NVDA,NVDA261113C00230000,CALL,230.0,2026-11-13,451,0,511885,ALCISTA,ASK,CONFIRMADA,338.0,2026-10-02,
2026-10-01,NVDA,NVDA261005C00227500,CALL,227.5,2026-10-05,2365,1583,1035870,ALCISTA,ASK,NO CONFIRMADA,1630.0,2026-10-02,
2026-10-01,NVDA,NVDA261009P00237500,PUT,237.5,2026-10-09,1228,341,962752,ALCISTA,BID,NO CONFIRMADA,508.0,2026-10-02,
2026-10-01,NVDA,NVDA261007C00220000,CALL,220.0,2026-10-07,766,485,903880,ALCISTA,ASK,NO CONFIRMADA,533.0,2026-10-02,
2026-10-01,NVDA,NVDA261012P00232500,PUT,232.5,2026-10-12,409,27,220860,BAJISTA,ASK,NO CONFIRMADA,93.0,2026-10-02,
2026-10-01,NVDA,NVDA261014C00232500,CALL,232.5,2026-10-14,174,39,80040,ALCISTA,ASK,CONFIRMADA,186.0,2026-10-02,
2026-10-01,NVDA,NVDA261113C00240000,CALL,240.0,2026-11-13,135,0,86400,ALCISTA,ASK,CONFIRMADA,119.0,2026-10-02,
2026-10-01,NVDA,NVDA261005C00237500,CALL,237.5,2026-10-05,4761,2287,176157,ALCISTA,ASK,NO CONFIRMADA,3802.0,2026-10-02,
2026-10-01,NVDA,NVDA261007P00225000,PUT,225.0,2026-10-07,1826,567,239206,ALCISTA,BID,NO CONFIRMADA,1353.0,2026-10-02,
2026-10-01,NVDA,NVDA261005C00242500,CALL,242.5,2026-10-05,15369,2275,92214,BAJISTA,BID,NO CONFIRMADA,5531.0,2026-10-02,
2026-10-01,NVDA,NVDA261005P00225000,PUT,225.0,2026-10-05,6294,2758,465756,BAJISTA,MID,NO CONFIRMADA,4054.0,2026-10-02,
2026-10-01,NVDA,NVDA261012C00232500,CALL,232.5,2026-10-12,803,240,282656,ALCISTA,MID,NO CONFIRMADA,633.0,2026-10-02,
2026-10-01,NVDA,NVDA261218P00227000,PUT,227.0,2026-12-18,1108,912,1385000,BAJISTA,MID,CONFIRMADA,1907.0,2026-10-02,
2026-10-01,NVDA,NVDA261012C00225000,CALL,225.0,2026-10-12,390,171,317460,ALCISTA,ASK,NO CONFIRMADA,318.0,2026-10-02,
2026-10-01,NVDA,NVDA261007C00237500,CALL,237.5,2026-10-07,1590,1085,144690,ALCISTA,ASK,CONFIRMADA,2290.0,2026-10-02,
2026-10-01,NVDA,NVDA261012C00230000,CALL,230.0,2026-10-12,776,447,388000,ALCISTA,ASK,CONFIRMADA,1155.0,2026-10-02,
2026-10-01,NVDA,NVDA261012C00220000,CALL,220.0,2026-10-12,300,61,360300,ALCISTA,MID,NO CONFIRMADA,127.0,2026-10-02,
2026-10-01,NVDA,NVDA261005P00247500,PUT,247.5,2026-10-05,264,0,466488,BAJISTA,ASK,NO CONFIRMADA,1.0,2026-10-02,
2026-10-01,NVDA,NVDA261007C00250000,CALL,250.0,2026-10-07,13995,524,55980,BAJISTA,BID,NO CONFIRMADA,1748.0,2026-10-02,
2026-10-01,NVDA,NVDA261005P00235000,PUT,235.0,2026-10-05,846,252,427230,ALCISTA,BID,CONFIRMADA,1222.0,2026-10-02,
2026-10-01,NVDA,NVDA261005P00237500,PUT,237.5,2026-10-05,685,239,493200,ALCISTA,BID,NO CONFIRMADA,280.0,2026-10-02,
2026-10-01,NVDA,NVDA261106C00235000,CALL,235.0,2026-11-06,1091,1063,801885,ALCISTA,MID,CONFIRMADA,1762.0,2026-10-02,
2026-10-01,NVDA,NVDA261002P00222500,PUT,222.5,2026-10-02,19164,11495,268296,ALCISTA,BID,NO CONFIRMADA,13903.0,2026-10-02,
2026-10-01,NVDA,NVDA270416C00350000,CALL,350.0,2027-04-16,502,168,109436,ALCISTA,ASK,CONFIRMADA,669.0,2026-10-02,
2026-10-01,NVDA,NVDA261007C00215000,CALL,215.0,2026-10-07,431,144,690462,ALCISTA,ASK,NO CONFIRMADA,325.0,2026-10-02,
2026-10-01,NVDA,NVDA261014P00225000,PUT,225.0,2026-10-14,201,35,56682,BAJISTA,MID,CONFIRMADA,290.0,2026-10-02,
2026-10-01,NVDA,NVDA261002P00245000,PUT,245.0,2026-10-02,468,22,675324,ALCISTA,BID,NO CONFIRMADA,29.0,2026-10-02,
2026-10-01,NVDA,NVDA261005P00245000,PUT,245.0,2026-10-05,473,76,671660,ALCISTA,BID,PENDIENTE,,,
2026-10-01,NVDA,NVDA261030P00235000,PUT,235.0,2026-10-30,652,364,642220,ALCISTA,BID,NO CONFIRMADA,596.0,2026-10-02,
2026-10-01,NVDA,NVDA261012C00222500,CALL,222.5,2026-10-12,142,24,140154,ALCISTA,MID,CONFIRMADA,137.0,2026-10-02,
2026-10-01,NVDA,NVDA261012P00237500,PUT,237.5,2026-10-12,162,3,137700,BAJISTA,MID,NO CONFIRMADA,78.0,2026-10-02,
2026-10-01,NVDA,NVDA261007P00220000,PUT,220.0,2026-10-07,1833,941,106314,ALCISTA,BID,NO CONFIRMADA,1698.0,2026-10-02,
2026-10-01,NVDA,NVDA261009C00222500,CALL,222.5,2026-10-09,745,671,713710,ALCISTA,MID,NO CONFIRMADA,805.0,2026-10-02,
2026-10-01,NVDA,NVDA261007C00247500,CALL,247.5,2026-10-07,9118,3811,72944,BAJISTA,BID,NO CONFIRMADA,7443.0,2026-10-02,
2026-10-01,NVDA,NVDA261012P00230000,PUT,230.0,2026-10-12,394,220,158388,BAJISTA,MID,NO CONFIRMADA,400.0,2026-10-02,
2026-10-01,NVDA,NVDA261002C00240000,CALL,240.0,2026-10-02,54573,37812,109146,BAJISTA,BID,NO CONFIRMADA,49128.0,2026-10-02,
2026-10-01,NVDA,NVDA261007C00240000,CALL,240.0,2026-10-07,1782,1038,89100,BAJISTA,BID,CONFIRMADA,2251.0,2026-10-02,
2026-10-01,NVDA,NVDA261012C00235000,CALL,235.0,2026-10-12,624,515,157872,ALCISTA,MID,NO CONFIRMADA,804.0,2026-10-02,
2026-10-01,NVDA,NVDA261005C00240000,CALL,240.0,2026-10-05,5840,5171,93440,BAJISTA,BID,NO CONFIRMADA,7943.0,2026-10-02,
2026-10-01,NVDA,NVDA261007P00222500,PUT,222.5,2026-10-07,1011,989,87957,ALCISTA,BID,NO CONFIRMADA,1426.0,2026-10-02,
2026-10-01,NVDA,NVDA261009C00197500,CALL,197.5,2026-10-09,111,3,370518,ALCISTA,MID,NO CONFIRMADA,24.0,2026-10-02,
2026-10-01,NVDA,NVDA261014C00235000,CALL,235.0,2026-10-14,272,205,86768,ALCISTA,MID,NO CONFIRMADA,338.0,2026-10-02,
2026-10-01,NVDA,NVDA261002P00252500,PUT,252.5,2026-10-02,118,1,260190,BAJISTA,MID,PENDIENTE,,,
2026-10-01,NVDA,NVDA261002P00242500,PUT,242.5,2026-10-02,234,195,291798,BAJISTA,ASK,NO CONFIRMADA,3.0,2026-10-02,
2026-10-01,NVDA,NVDA261007C00217500,CALL,217.5,2026-10-07,524,355,712640,ALCISTA,MID,NO CONFIRMADA,415.0,2026-10-02,
2026-10-01,NVDA,NVDA261002P00237500,PUT,237.5,2026-10-02,718,563,509780,ALCISTA,BID,NO CONFIRMADA,520.0,2026-10-02,
2026-10-01,NVDA,NVDA261007P00235000,PUT,235.0,2026-10-07,227,168,135065,BAJISTA,MID,NO CONFIRMADA,231.0,2026-10-02,
2026-10-01,AAPL,AAPL261002C00332500,CALL,332.5,2026-10-02,57165,2319,3658560,ALCISTA,ASK,NO CONFIRMADA,10828.0,2026-10-02,
2026-10-01,AAPL,AAPL261002C00330000,CALL,330.0,2026-10-02,66178,3203,9198742,ALCISTA,MID,NO CONFIRMADA,11810.0,2026-10-02,
2026-10-01,AAPL,AAPL261002P00327500,PUT,327.5,2026-10-02,46976,5582,6811520,BAJISTA,MID,NO CONFIRMADA,10078.0,2026-10-02,
2026-10-01,AAPL,AAPL261002P00325000,PUT,325.0,2026-10-02,56105,6884,3815140,BAJISTA,MID,NO CONFIRMADA,12330.0,2026-10-02,
2026-10-01,AAPL,AAPL261002C00335000,CALL,335.0,2026-10-02,71700,5747,1792500,BAJISTA,BID,NO CONFIRMADA,19105.0,2026-10-02,
2026-10-01,AAPL,AAPL261002P00322500,PUT,322.5,2026-10-02,24938,3977,748140,BAJISTA,ASK,NO CONFIRMADA,6275.0,2026-10-02,
2026-10-01,AAPL,AAPL261002C00325000,CALL,325.0,2026-10-02,8102,2478,3645900,ALCISTA,ASK,NO CONFIRMADA,3756.0,2026-10-02,
2026-10-01,AAPL,AAPL261002C00337500,CALL,337.5,2026-10-02,55335,5069,608685,ALCISTA,ASK,NO CONFIRMADA,11811.0,2026-10-02,
2026-10-01,AAPL,AAPL261002C00327500,CALL,327.5,2026-10-02,19842,2047,5198604,BAJISTA,BID,NO CONFIRMADA,3144.0,2026-10-02,
2026-10-01,AAPL,AAPL261002P00320000,PUT,320.0,2026-10-02,30972,5877,402636,BAJISTA,ASK,NO CONFIRMADA,7999.0,2026-10-02,
2026-10-01,AAPL,AAPL261002P00330000,PUT,330.0,2026-10-02,33551,11658,9025219,BAJISTA,MID,NO CONFIRMADA,11165.0,2026-10-02,
2026-10-01,AAPL,AAPL261007C00327500,CALL,327.5,2026-10-07,712,71,323960,ALCISTA,ASK,NO CONFIRMADA,360.0,2026-10-02,
2026-10-01,AAPL,AAPL261009P00325000,PUT,325.0,2026-10-09,1582,1387,482510,BAJISTA,ASK,NO CONFIRMADA,1567.0,2026-10-02,
2026-10-01,AAPL,AAPL261007P00327500,PUT,327.5,2026-10-07,920,117,288880,BAJISTA,MID,NO CONFIRMADA,271.0,2026-10-02,
2026-10-01,AAPL,AAPL261007P00325000,PUT,325.0,2026-10-07,1059,460,236157,BAJISTA,ASK,NO CONFIRMADA,448.0,2026-10-02,
2026-10-01,AAPL,AAPL261016P00322500,PUT,322.5,2026-10-16,966,821,356454,BAJISTA,ASK,CONFIRMADA,1448.0,2026-10-02,
2026-10-01,AAPL,AAPL261007C00335000,CALL,335.0,2026-10-07,1554,251,226884,ALCISTA,MID,NO CONFIRMADA,779.0,2026-10-02,
2026-10-01,AAPL,AAPL261002C00340000,CALL,340.0,2026-10-02,34457,14220,172285,ALCISTA,ASK,NO CONFIRMADA,19274.0,2026-10-02,
2026-10-01,AAPL,AAPL261005C00337500,CALL,337.5,2026-10-05,2820,1184,118440,ALCISTA,ASK,NO CONFIRMADA,1773.0,2026-10-02,
2026-10-01,AAPL,AAPL261012C00332500,CALL,332.5,2026-10-12,240,79,80400,ALCISTA,ASK,CONFIRMADA,227.0,2026-10-02,
2026-10-01,AAPL,AAPL261009C00327500,CALL,327.5,2026-10-09,996,237,522900,ALCISTA,MID,NO CONFIRMADA,580.0,2026-10-02,
2026-10-01,AAPL,AAPL261005P00320000,PUT,320.0,2026-10-05,2103,1135,105150,BAJISTA,ASK,NO CONFIRMADA,1930.0,2026-10-02,
2026-10-01,AAPL,AAPL261014P00330000,PUT,330.0,2026-10-14,112,21,71120,BAJISTA,ASK,CONFIRMADA,80.0,2026-10-02,
2026-10-01,AAPL,AAPL261005P00322500,PUT,322.5,2026-10-05,725,291,64525,BAJISTA,ASK,NO CONFIRMADA,478.0,2026-10-02,
2026-10-01,AAPL,AAPL261002C00270000,CALL,270.0,2026-10-02,280,64,1643880,ALCISTA,MID,CONFIRMADA,208.0,2026-10-02,
2026-10-01,AAPL,AAPL261002P00317500,PUT,317.5,2026-10-02,10024,2186,50120,ALCISTA,BID,NO CONFIRMADA,3630.0,2026-10-02,
2026-10-01,AAPL,AAPL261007C00332500,CALL,332.5,2026-10-07,1545,984,342990,ALCISTA,MID,NO CONFIRMADA,1052.0,2026-10-02,
2026-10-01,AAPL,AAPL261016C00327500,CALL,327.5,2026-10-16,339,193,247470,ALCISTA,ASK,NO CONFIRMADA,303.0,2026-10-02,
2026-10-01,AAPL,AAPL261005C00335000,CALL,335.0,2026-10-05,3714,1994,282264,ALCISTA,MID,NO CONFIRMADA,2851.0,2026-10-02,
2026-10-01,AAPL,AAPL261002C00342500,CALL,342.5,2026-10-02,22784,14910,68352,ALCISTA,ASK,NO CONFIRMADA,13008.0,2026-10-02,
2026-10-01,AAPL,AAPL261009P00310000,PUT,310.0,2026-10-09,1694,1097,67760,BAJISTA,ASK,CONFIRMADA,2100.0,2026-10-02,
2026-10-01,AAPL,AAPL261016C00342500,CALL,342.5,2026-10-16,1256,1019,190912,BAJISTA,BID,CONFIRMADA,2046.0,2026-10-02,
2026-10-01,AAPL,AAPL261007P00322500,PUT,322.5,2026-10-07,324,228,51516,BAJISTA,ASK,CONFIRMADA,417.0,2026-10-02,
2026-10-01,AAPL,AAPL261005P00325000,PUT,325.0,2026-10-05,2032,1745,282448,BAJISTA,MID,NO CONFIRMADA,2073.0,2026-10-02,
2026-10-01,AAPL,AAPL261007P00330000,PUT,330.0,2026-10-07,404,347,183820,BAJISTA,ASK,NO CONFIRMADA,335.0,2026-10-02,
2026-10-01,AAPL,AAPL261014C00327500,CALL,327.5,2026-10-14,135,1,87750,ALCISTA,MID,CONFIRMADA,91.0,2026-10-02,
2026-10-01,AAPL,AAPL261106C00330000,CALL,330.0,2026-11-06,219,178,239805,ALCISTA,MID,NO CONFIRMADA,242.0,2026-10-02,
2026-10-01,AAPL,AAPL261030C00320000,CALL,320.0,2026-10-30,262,213,399550,BAJISTA,BID,CONFIRMADA,427.0,2026-10-02,
2026-10-01,AAPL,AAPL261009C00350000,CALL,350.0,2026-10-09,6394,5134,121486,ALCISTA,MID,NO CONFIRMADA,6669.0,2026-10-02,
2026-10-01,AAPL,AAPL261007C00337500,CALL,337.5,2026-10-07,620,267,57040,ALCISTA,MID,NO CONFIRMADA,442.0,2026-10-02,
2026-10-01,AAPL,AAPL261007C00340000,CALL,340.0,2026-10-07,1432,1150,78760,ALCISTA,MID,NO CONFIRMADA,1419.0,2026-10-02,
2026-10-01,AAPL,AAPL261012C00327500,CALL,327.5,2026-10-12,271,120,155825,ALCISTA,MID,CONFIRMADA,263.0,2026-10-02,
2026-10-01,AAPL,AAPL261016P00360000,PUT,360.0,2026-10-16,155,71,451360,ALCISTA,BID,NO CONFIRMADA,32.0,2026-10-02,
2026-10-01,SPY,SPY261001P00762000,PUT,762.0,2026-10-01,245586,7841,19401294,BAJISTA,ASK,VENCIDA,,2026-10-02,
2026-10-01,SPY,SPY261002P00760000,PUT,760.0,2026-10-02,72013,13354,11738119,BAJISTA,ASK,NO CONFIRMADA,18088.0,2026-10-02,
2026-10-01,SPY,SPY261001C00765000,CALL,765.0,2026-10-01,345930,8942,10723830,ALCISTA,ASK,VENCIDA,,2026-10-02,
2026-10-01,SPY,SPY261002C00763000,CALL,763.0,2026-10-02,36940,2726,10084620,ALCISTA,ASK,NO CONFIRMADA,4973.0,2026-10-02,
2026-10-01,SPY,SPY261002C00765000,CALL,765.0,2026-10-02,49880,7400,8778880,ALCISTA,ASK,NO CONFIRMADA,11041.0,2026-10-02,
2026-10-01,SPY,SPY261002C00764000,CALL,764.0,2026-10-02,38382,3553,8520804,ALCISTA,ASK,NO CONFIRMADA,6440.0,2026-10-02,
2026-10-01,SPY,SPY261001P00759000,PUT,759.0,2026-10-01,415129,5537,6226935,BAJISTA,ASK,VENCIDA,,2026-10-02,
2026-10-01,SPY,SPY261001C00766000,CALL,766.0,2026-10-01,315390,7780,5361630,ALCISTA,ASK,VENCIDA,,2026-10-02,
2026-10-01,SPY,SPY261002C00766000,CALL,766.0,2026-10-02,29167,4743,3995879,ALCISTA,ASK,NO CONFIRMADA,8940.0,2026-10-02,
2026-10-01,SPY,SPY261005C00763000,CALL,763.0,2026-10-05,8909,344,3314148,ALCISTA,ASK,NO CONFIRMADA,1606.0,2026-10-02,
2026-10-01,SPY,SPY261001P00758000,PUT,758.0,2026-10-01,350633,6404,2805064,BAJISTA,ASK,VENCIDA,,2026-10-02,
2026-10-01,SPY,SPY261005C00765000,CALL,765.0,2026-10-05,8782,1234,2362358,ALCISTA,ASK,NO CONFIRMADA,2050.0,2026-10-02,
2026-10-01,SPY,SPY261006P00761000,PUT,761.0,2026-10-06,5284,460,1801844,BAJISTA,ASK,NO CONFIRMADA,2108.0,2026-10-02,
2026-10-01,SPY,SPY261001C00763000,CALL,763.0,2026-10-01,393466,6823,37379270,BAJISTA,BID,VENCIDA,,2026-10-02,
2026-10-01,SPY,SPY261001P00761000,PUT,761.0,2026-10-01,400341,4413,18415686,ALCISTA,BID,VENCIDA,,2026-10-02,
2026-10-01,SPY,SPY261001C00764000,CALL,764.0,2026-10-01,300165,7671,16809240,BAJISTA,BID,VENCIDA,,2026-10-02,
2026-10-01,SPY,SPY261001P00760000,PUT,760.0,2026-10-01,562366,9202,14621516,ALCISTA,BID,VENCIDA,,2026-10-02,
2026-10-01,SPY,SPY261002P00761000,PUT,761.0,2026-10-02,46944,3061,9107136,ALCISTA,BID,NO CONFIRMADA,11273.0,2026-10-02,
2026-10-01,SPY,SPY261002P00762000,PUT,762.0,2026-10-02,30614,3863,7133062,ALCISTA,BID,NO CONFIRMADA,7876.0,2026-10-02,
2026-10-01,SPY,SPY261002P00759000,PUT,759.0,2026-10-02,35090,4234,4666970,ALCISTA,BID,NO CONFIRMADA,9055.0,2026-10-02,
2026-10-01,SPY,SPY261002P00758000,PUT,758.0,2026-10-02,30291,5543,3301719,ALCISTA,BID,NO CONFIRMADA,8553.0,2026-10-02,
2026-10-01,SPY,SPY261001P00757000,PUT,757.0,2026-10-01,278897,3886,1394485,BAJISTA,ASK,VENCIDA,,2026-10-02,
2026-10-01,SPY,SPY261002P00757000,PUT,757.0,2026-10-02,31890,4784,2838210,ALCISTA,BID,NO CONFIRMADA,8780.0,2026-10-02,
2026-10-01,SPY,SPY261005P00760000,PUT,760.0,2026-10-05,11405,1925,2828440,ALCISTA,BID,NO CONFIRMADA,4443.0,2026-10-02,
2026-10-01,SPY,SPY261001C00761000,CALL,761.0,2026-10-01,449605,1210,98463495,ALCISTA,ASK,VENCIDA,,2026-10-02,
2026-10-01,SPY,SPY261001C00760000,CALL,760.0,2026-10-01,252406,1481,75469394,ALCISTA,ASK,VENCIDA,,2026-10-02,
2026-10-01,SPY,SPY261002C00760000,CALL,760.0,2026-10-02,39496,2493,18168160,ALCISTA,ASK,NO CONFIRMADA,4043.0,2026-10-02,
2026-10-01,SPY,SPY261002C00761000,CALL,761.0,2026-10-02,40105,1014,15761265,ALCISTA,ASK,NO CONFIRMADA,4346.0,2026-10-02,
2026-10-01,SPY,SPY261002C00759000,CALL,759.0,2026-10-02,13492,434,7191236,ALCISTA,ASK,NO CONFIRMADA,1773.0,2026-10-02,
2026-10-01,SPY,SPY261002C00757000,CALL,757.0,2026-10-02,5596,570,3933988,ALCISTA,ASK,NO CONFIRMADA,1073.0,2026-10-02,
2026-10-01,SPY,SPY261005C00761000,CALL,761.0,2026-10-05,7343,201,3612756,ALCISTA,ASK,NO CONFIRMADA,1498.0,2026-10-02,
2026-10-01,SPY,SPY261002C00758000,CALL,758.0,2026-10-02,5639,681,3462346,ALCISTA,ASK,NO CONFIRMADA,1274.0,2026-10-02,
2026-10-01,SPY,SPY261005C00762000,CALL,762.0,2026-10-05,7456,250,3206080,ALCISTA,ASK,NO CONFIRMADA,1306.0,2026-10-02,
2026-10-01,SPY,SPY261015C00765000,CALL,765.0,2026-10-15,1682,0,1195902,ALCISTA,ASK,NO CONFIRMADA,651.0,2026-10-02,
2026-10-01,SPY,SPY261005P00761000,PUT,761.0,2026-10-05,7962,680,2229360,ALCISTA,BID,NO CONFIRMADA,1540.0,2026-10-02,
2026-10-01,SPY,SPY261002P00754000,PUT,754.0,2026-10-02,21054,3770,947430,BAJISTA,ASK,NO CONFIRMADA,7936.0,2026-10-02,
2026-10-01,SPY,SPY261006P00760000,PUT,760.0,2026-10-06,6635,984,1997135,ALCISTA,BID,NO CONFIRMADA,3207.0,2026-10-02,
2026-10-01,SPY,SPY261008C00764000,CALL,764.0,2026-10-08,1844,292,910936,ALCISTA,ASK,NO CONFIRMADA,646.0,2026-10-02,
2026-10-01,SPY,SPY261012P00764000,PUT,764.0,2026-10-12,3221,327,2245037,BAJISTA,ASK,NO CONFIRMADA,677.0,2026-10-02,
2026-10-01,SPY,SPY261001C00767000,CALL,767.0,2026-10-01,227716,8537,1821728,BAJISTA,BID,VENCIDA,,2026-10-02,
2026-10-01,SPY,SPY261002C00768000,CALL,768.0,2026-10-02,23927,4451,1818452,BAJISTA,BID,NO CONFIRMADA,9985.0,2026-10-02,
2026-10-01,SPY,SPY261002C00767000,CALL,767.0,2026-10-02,32598,9225,3357594,BAJISTA,BID,NO CONFIRMADA,8148.0,2026-10-02,
2026-10-01,SPY,SPY261005P00762000,PUT,762.0,2026-10-05,5525,892,1762475,ALCISTA,BID,NO CONFIRMADA,1586.0,2026-10-02,
2026-10-01,SPY,SPY261002P00756000,PUT,756.0,2026-10-02,24137,3723,1713727,ALCISTA,BID,NO CONFIRMADA,6505.0,2026-10-02,
2026-10-01,SPY,SPY261120P00722000,PUT,722.0,2026-11-20,2070,302,1144710,BAJISTA,ASK,NO CONFIRMADA,681.0,2026-10-02,
2026-10-01,SPY,SPY261016P00761000,PUT,761.0,2026-10-16,4532,3560,3163336,BAJISTA,ASK,NO CONFIRMADA,3628.0,2026-10-02,
2026-10-01,SPY,SPY261007C00764000,CALL,764.0,2026-10-07,1695,238,747495,ALCISTA,ASK,NO CONFIRMADA,624.0,2026-10-02,
2026-10-01,SPY,SPY261005C00764000,CALL,764.0,2026-10-05,5024,685,1587584,BAJISTA,BID,NO CONFIRMADA,1447.0,2026-10-02,
2026-10-01,SPY,SPY261006C00763000,CALL,763.0,2026-10-06,1581,225,705126,ALCISTA,ASK,NO CONFIRMADA,641.0,2026-10-02,
2026-10-01,SPY,SPY261002C00756000,CALL,756.0,2026-10-02,2350,482,1847100,ALCISTA,ASK,NO CONFIRMADA,585.0,2026-10-02,
2026-10-01,SPY,SPY261120P00737000,PUT,737.0,2026-11-20,2817,460,2115567,ALCISTA,BID,CONFIRMADA,4107.0,2026-10-02,
2026-10-01,SPY,SPY261005P00758000,PUT,758.0,2026-10-05,3485,468,665635,BAJISTA,ASK,NO CONFIRMADA,1268.0,2026-10-02,
2026-10-01,SPY,SPY261015P00760000,PUT,760.0,2026-10-15,914,0,606896,BAJISTA,ASK,NO CONFIRMADA,168.0,2026-10-02,
2026-10-01,SPY,SPY261106P00750000,PUT,750.0,2026-11-06,4068,2362,3494412,BAJISTA,ASK,CONFIRMADA,4402.0,2026-10-02,
2026-10-01,SPY,SPY261005C00759000,CALL,759.0,2026-10-05,2437,220,1527999,ALCISTA,ASK,NO CONFIRMADA,968.0,2026-10-02,
2026-10-01,SPY,SPY261001C00762000,CALL,762.0,2026-10-01,430178,2066,63666344,BAJISTA,BID,VENCIDA,,2026-10-02,
2026-10-01,SPY,SPY261001P00763000,PUT,763.0,2026-10-01,170944,7656,21197056,ALCISTA,BID,VENCIDA,,2026-10-02,
2026-10-01,SPY,SPY261001P00764000,PUT,764.0,2026-10-01,99696,7329,18443760,ALCISTA,BID,VENCIDA,,2026-10-02,
2026-10-01,SPY,SPY261001P00765000,PUT,765.0,2026-10-01,64587,7431,16598859,ALCISTA,BID,VENCIDA,,2026-10-02,
2026-10-01,SPY,SPY261002P00755000,PUT,755.0,2026-10-02,43049,13900,2453793,ALCISTA,BID,NO CONFIRMADA,21958.0,2026-10-02,
2026-10-01,SPY,SPY261005C00770000,CALL,770.0,2026-10-05,8661,2206,822795,ALCISTA,ASK,NO CONFIRMADA,3563.0,2026-10-02,
2026-10-01,SPY,SPY261006C00760000,CALL,760.0,2026-10-06,2252,155,1398492,ALCISTA,ASK,NO CONFIRMADA,414.0,2026-10-02,
2026-10-01,SPY,SPY261001P00766000,PUT,766.0,2026-10-01,27052,5618,9224732,ALCISTA,BID,VENCIDA,,2026-10-02,
2026-10-01,SPY,SPY261005C00766000,CALL,766.0,2026-10-05,4479,1399,1003296,ALCISTA,ASK,NO CONFIRMADA,1841.0,2026-10-02,
2026-10-01,SPY,SPY261006C00764000,CALL,764.0,2026-10-06,1774,420,675894,ALCISTA,ASK,NO CONFIRMADA,598.0,2026-10-02,
2026-10-01,SPY,SPY261008P00746000,PUT,746.0,2026-10-08,3230,72,484500,BAJISTA,ASK,NO CONFIRMADA,1505.0,2026-10-02,
2026-10-01,SPY,SPY261009C00767000,CALL,767.0,2026-10-09,4533,2991,1835865,ALCISTA,ASK,NO CONFIRMADA,3487.0,2026-10-02,
2026-10-01,SPY,SPY261005P00759000,PUT,759.0,2026-10-05,4774,752,1035958,ALCISTA,BID,NO CONFIRMADA,1499.0,2026-10-02,
2026-10-01,SPY,SPY261005C00750000,CALL,750.0,2026-10-05,2007,87,2629170,BAJISTA,BID,CONFIRMADA,1420.0,2026-10-02,
2026-10-01,SPY,SPY261106C00773000,CALL,773.0,2026-11-06,1570,81,1450680,BAJISTA,BID,CONFIRMADA,1612.0,2026-10-02,
2026-10-01,SPY,SPY261007C00763000,CALL,763.0,2026-10-07,1463,396,725648,ALCISTA,ASK,NO CONFIRMADA,560.0,2026-10-02,
2026-10-01,SPY,SPY261002P00763000,PUT,763.0,2026-10-02,25025,5739,6906900,ALCISTA,BID,NO CONFIRMADA,7173.0,2026-10-02,
2026-10-01,SPY,SPY261002P00764000,PUT,764.0,2026-10-02,16569,3827,5302080,ALCISTA,BID,NO CONFIRMADA,8275.0,2026-10-02,
2026-10-01,SPY,SPY261009C00764000,CALL,764.0,2026-10-09,2896,1901,1639136,ALCISTA,ASK,NO CONFIRMADA,3171.0,2026-10-02,
2026-10-01,SPY,SPY261015P00755000,PUT,755.0,2026-10-15,850,0,402050,BAJISTA,ASK,NO CONFIRMADA,317.0,2026-10-02,
2026-10-01,SPY,SPY261009C00763000,CALL,763.0,2026-10-09,2314,1421,1432366,ALCISTA,ASK,NO CONFIRMADA,1984.0,2026-10-02,
2026-10-01,SPY,SPY261014C00765000,CALL,765.0,2026-10-14,555,85,373515,ALCISTA,ASK,CONFIRMADA,416.0,2026-10-02,
2026-10-01,SPY,SPY261002C00762000,CALL,762.0,2026-10-02,42518,2204,14030940,ALCISTA,MID,NO CONFIRMADA,4772.0,2026-10-02,
2026-10-01,SPY,SPY261006C00761000,CALL,761.0,2026-10-06,1780,40,993240,ALCISTA,ASK,NO CONFIRMADA,411.0,2026-10-02,
2026-10-01,SPY,SPY261006P00762000,PUT,762.0,2026-10-06,2208,406,821376,ALCISTA,BID,NO CONFIRMADA,797.0,2026-10-02,
2026-10-01,SPY,SPY261006C00762000,CALL,762.0,2026-10-06,1978,120,979110,ALCISTA,ASK,NO CONFIRMADA,549.0,2026-10-02,
2026-10-01,SPY,SPY261005C00752000,CALL,752.0,2026-10-05,1743,69,2067198,BAJISTA,BID,CONFIRMADA,1077.0,2026-10-02,
2026-10-01,SPY,SPY261005C00753000,CALL,753.0,2026-10-05,1924,123,2050984,BAJISTA,BID,NO CONFIRMADA,733.0,2026-10-02,
2026-10-01,SPY,SPY261120P00707000,PUT,707.0,2026-11-20,1292,175,521968,BAJISTA,ASK,CONFIRMADA,1305.0,2026-10-02,
2026-10-01,SPY,SPY261009C00770000,CALL,770.0,2026-10-09,9938,5872,2742888,BAJISTA,BID,NO CONFIRMADA,7750.0,2026-10-02,
2026-10-01,SPY,SPY261001P00753000,PUT,753.0,2026-10-01,167715,2376,335430,BAJISTA,ASK,VENCIDA,,2026-10-02,
2026-10-01,SPY,SPY261013C00763000,CALL,763.0,2026-10-13,1069,4,734403,BAJISTA,BID,NO CONFIRMADA,389.0,2026-10-02,
2026-10-01,SPY,SPY261016C00790000,CALL,790.0,2026-10-16,30940,29722,1547000,ALCISTA,ASK,NO CONFIRMADA,30265.0,2026-10-02,
2026-10-01,SPY,SPY261005C00758000,CALL,758.0,2026-10-05,1242,172,874368,ALCISTA,ASK,NO CONFIRMADA,581.0,2026-10-02,
2026-10-01,SPY,SPY261005C00754000,CALL,754.0,2026-10-05,1864,162,1873320,BAJISTA,BID,CONFIRMADA,1119.0,2026-10-02,
2026-10-01,SPY,SPY261030C00763000,CALL,763.0,2026-10-30,975,396,1290900,ALCISTA,ASK,CONFIRMADA,959.0,2026-10-02,
2026-10-01,SPY,SPY261006C00769000,CALL,769.0,2026-10-06,2070,434,345690,ALCISTA,ASK,NO CONFIRMADA,963.0,2026-10-02,
2026-10-01,SPY,SPY261009P00760000,PUT,760.0,2026-10-09,9215,8392,4073030,ALCISTA,BID,NO CONFIRMADA,10722.0,2026-10-02,
2026-10-01,SPY,SPY261013P00767000,PUT,767.0,2026-10-13,1043,222,912625,BAJISTA,ASK,NO CONFIRMADA,579.0,2026-10-02,
2026-10-01,SPY,SPY261002C00770000,CALL,770.0,2026-10-02,41364,15400,1613196,BAJISTA,BID,NO CONFIRMADA,18665.0,2026-10-02,
2026-10-01,SPY,SPY261006P00759000,PUT,759.0,2026-10-06,1582,400,438214,BAJISTA,ASK,NO CONFIRMADA,697.0,2026-10-02,
2026-10-01,SPY,SPY261008C00762000,CALL,762.0,2026-10-08,1282,67,782020,ALCISTA,ASK,NO CONFIRMADA,266.0,2026-10-02,
2026-10-01,SPY,SPY261001P00756000,PUT,756.0,2026-10-01,211757,6960,635271,ALCISTA,BID,VENCIDA,,2026-10-02,
2026-10-01,SPY,SPY261009C00761000,CALL,761.0,2026-10-09,2443,918,1844465,ALCISTA,ASK,NO CONFIRMADA,1230.0,2026-10-02,
2026-10-01,SPY,SPY261001C00768000,CALL,768.0,2026-10-01,153133,16308,612532,BAJISTA,BID,VENCIDA,,2026-10-02,
2026-10-01,SPY,SPY261001C00759000,CALL,759.0,2026-10-01,82774,2411,31867990,ALCISTA,ASK,VENCIDA,,2026-10-02,
2026-10-01,SPY,SPY261001C00758000,CALL,758.0,2026-10-01,41595,1860,19882410,ALCISTA,ASK,VENCIDA,,2026-10-02,
2026-10-01,SPY,SPY261001C00756000,CALL,756.0,2026-10-01,12814,287,8623822,ALCISTA,ASK,VENCIDA,,2026-10-02,
2026-10-01,SPY,SPY261001C00754000,CALL,754.0,2026-10-01,4485,226,4014075,ALCISTA,ASK,VENCIDA,,2026-10-02,
2026-10-01,SPY,SPY261009C00760000,CALL,760.0,2026-10-09,5404,1296,4350220,ALCISTA,MID,NO CONFIRMADA,2130.0,2026-10-02,
2026-10-01,SPY,SPY270226C00778000,CALL,778.0,2027-02-26,213,31,591714,ALCISTA,ASK,CONFIRMADA,159.0,2026-10-02,
2026-10-01,SPY,SPY261007P00770000,PUT,770.0,2026-10-07,1556,469,1341272,BAJISTA,ASK,NO CONFIRMADA,1223.0,2026-10-02,
2026-10-01,SPY,SPY261007C00761000,CALL,761.0,2026-10-07,1122,49,697884,ALCISTA,ASK,NO CONFIRMADA,338.0,2026-10-02,
2026-10-01,SPY,SPY261002P00752000,PUT,752.0,2026-10-02,14278,3813,399784,BAJISTA,ASK,NO CONFIRMADA,7059.0,2026-10-02,
2026-10-01,SPY,SPY261002C00769000,CALL,769.0,2026-10-02,16940,4744,931700,BAJISTA,BID,NO CONFIRMADA,5858.0,2026-10-02,
2026-10-01,SPY,SPY261016C00764000,CALL,764.0,2026-10-16,2960,2771,2391680,BAJISTA,BID,NO CONFIRMADA,2901.0,2026-10-02,
2026-10-01,SPY,SPY261001P00755000,PUT,755.0,2026-10-01,259592,8194,519184,ALCISTA,BID,VENCIDA,,2026-10-02,
2026-10-01,SPY,SPY261012C00765000,CALL,765.0,2026-10-12,928,314,524320,ALCISTA,ASK,NO CONFIRMADA,677.0,2026-10-02,
2026-10-01,SPY,SPY261001C00700000,CALL,700.0,2026-10-01,418,74,2627130,ALCISTA,ASK,VENCIDA,,2026-10-02,
2026-10-01,SPY,SPY261006C00765000,CALL,765.0,2026-10-06,2535,674,828945,BAJISTA,BID,NO CONFIRMADA,1928.0,2026-10-02,
2026-10-01,SPY,SPY261106P00763000,PUT,763.0,2026-11-06,695,140,927825,BAJISTA,ASK,NO CONFIRMADA,451.0,2026-10-02,
2026-10-01,SPY,SPY261106C00763000,CALL,763.0,2026-11-06,226,46,343520,ALCISTA,ASK,CONFIRMADA,181.0,2026-10-02,
2026-10-01,SPY,SPY261007P00747000,PUT,747.0,2026-10-07,1843,280,208259,BAJISTA,ASK,CONFIRMADA,1239.0,2026-10-02,
2026-10-01,SPY,SPY261120C00761000,CALL,761.0,2026-11-20,964,50,1865340,BAJISTA,BID,CONFIRMADA,564.0,2026-10-02,
2026-10-01,SPY,SPY261013P00762000,PUT,762.0,2026-10-13,303,45,198768,BAJISTA,ASK,NO CONFIRMADA,137.0,2026-10-02,
2026-10-01,SPY,SPY261012C00763000,CALL,763.0,2026-10-12,619,194,422777,ALCISTA,ASK,NO CONFIRMADA,232.0,2026-10-02,
2026-10-01,SPY,SPY261008P00762000,PUT,762.0,2026-10-08,953,93,446957,ALCISTA,BID,NO CONFIRMADA,233.0,2026-10-02,
2026-10-01,SPY,SPY261001P00771000,PUT,771.0,2026-10-01,2495,429,2282925,BAJISTA,ASK,VENCIDA,,2026-10-02,
2026-10-01,SPY,SPY261014C00764000,CALL,764.0,2026-10-14,254,0,182880,ALCISTA,ASK,CONFIRMADA,137.0,2026-10-02,
2026-10-01,SPY,SPY270630P00780000,PUT,780.0,2027-06-30,761,324,3213703,BAJISTA,ASK,CONFIRMADA,881.0,2026-10-02,
2026-10-01,SPY,SPY261120P00761000,PUT,761.0,2026-11-20,713,389,993209,BAJISTA,ASK,NO CONFIRMADA,645.0,2026-10-02,
2026-10-01,SPY,SPY261007P00762000,PUT,762.0,2026-10-07,919,296,403441,BAJISTA,ASK,NO CONFIRMADA,456.0,2026-10-02,
2026-10-01,SPY,SPY261006C00758000,CALL,758.0,2026-10-06,661,71,510292,ALCISTA,ASK,NO CONFIRMADA,158.0,2026-10-02,
2026-10-01,SPY,SPY261012P00757000,PUT,757.0,2026-10-12,516,114,211044,BAJISTA,ASK,NO CONFIRMADA,197.0,2026-10-02,
2026-10-01,SPY,SPY261015C00760000,CALL,760.0,2026-10-15,473,0,483879,ALCISTA,ASK,NO CONFIRMADA,225.0,2026-10-02,
2026-10-01,SPY,SPY261006C00759000,CALL,759.0,2026-10-06,691,31,478863,ALCISTA,ASK,NO CONFIRMADA,116.0,2026-10-02,
2026-10-01,SPY,SPY261005P00752000,PUT,752.0,2026-10-05,4578,1495,379974,BAJISTA,ASK,NO CONFIRMADA,2473.0,2026-10-02,
2026-10-01,SPY,SPY261005C00767000,CALL,767.0,2026-10-05,4002,1181,736368,BAJISTA,BID,NO CONFIRMADA,2043.0,2026-10-02,
2026-10-01,SPY,SPY261014P00762000,PUT,762.0,2026-10-14,219,0,153738,BAJISTA,ASK,NO CONFIRMADA,77.0,2026-10-02,
2026-10-01,SPY,SPY261106C00760000,CALL,760.0,2026-11-06,943,193,1527660,BAJISTA,BID,CONFIRMADA,1035.0,2026-10-02,
2026-10-01,SPY,SPY261007C00748000,CALL,748.0,2026-10-07,637,50,995631,BAJISTA,BID,CONFIRMADA,452.0,2026-10-02,
2026-10-01,SPY,SPY261106C00761000,CALL,761.0,2026-11-06,918,3,1445850,BAJISTA,BID,CONFIRMADA,849.0,2026-10-02,
2026-10-01,SPY,SPY261007C00745000,CALL,745.0,2026-10-07,228,13,440040,ALCISTA,ASK,CONFIRMADA,134.0,2026-10-02,
2026-10-01,SPY,SPY261015P00765000,PUT,765.0,2026-10-15,510,0,435540,BAJISTA,ASK,NO CONFIRMADA,253.0,2026-10-02,
2026-10-01,SPY,SPY261007C00765000,CALL,765.0,2026-10-07,1270,587,491490,ALCISTA,ASK,CONFIRMADA,1309.0,2026-10-02,
2026-10-01,SPY,SPY261005P00755000,PUT,755.0,2026-10-05,5926,5512,746676,BAJISTA,ASK,NO CONFIRMADA,6686.0,2026-10-02,
2026-10-01,SPY,SPY261002P00753000,PUT,753.0,2026-10-02,18908,5583,661780,ALCISTA,BID,NO CONFIRMADA,9538.0,2026-10-02,
2026-10-01,SPY,SPY261008P00760000,PUT,760.0,2026-10-08,1452,948,622908,BAJISTA,ASK,NO CONFIRMADA,1415.0,2026-10-02,
2026-10-01,SPY,SPY261001P00792000,PUT,792.0,2026-10-01,607,0,1789436,BAJISTA,ASK,VENCIDA,,2026-10-02,
2026-10-01,SPY,SPY261008C00761000,CALL,761.0,2026-10-08,602,14,406350,ALCISTA,ASK,NO CONFIRMADA,199.0,2026-10-02,
2026-10-01,SPY,SPY261001C00770000,CALL,770.0,2026-10-01,64383,12681,128766,ALCISTA,ASK,VENCIDA,,2026-10-02,
2026-10-01,SPY,SPY261015P00745000,PUT,745.0,2026-10-15,470,0,127840,BAJISTA,ASK,CONFIRMADA,421.0,2026-10-02,
2026-10-01,SPY,SPY261001P00802000,PUT,802.0,2026-10-01,437,0,1720032,BAJISTA,ASK,VENCIDA,,2026-10-02,
2026-10-01,SPY,SPY261120P00759000,PUT,759.0,2026-11-20,536,259,698408,BAJISTA,ASK,CONFIRMADA,701.0,2026-10-02,
2026-10-01,SPY,SPY261014P00761000,PUT,761.0,2026-10-14,176,0,126544,BAJISTA,ASK,CONFIRMADA,130.0,2026-10-02,
2026-10-01,SPY,SPY261013P00759000,PUT,759.0,2026-10-13,231,27,123123,BAJISTA,ASK,NO CONFIRMADA,80.0,2026-10-02,
2026-10-01,SPY,SPY261106P00760000,PUT,760.0,2026-11-06,719,443,807437,BAJISTA,ASK,CONFIRMADA,855.0,2026-10-02,
2026-10-01,SPY,SPY261007P00758000,PUT,758.0,2026-10-07,1075,369,317125,BAJISTA,ASK,NO CONFIRMADA,683.0,2026-10-02,
2026-10-01,SPY,SPY261007C00760000,CALL,760.0,2026-10-07,1211,62,817425,BAJISTA,BID,NO CONFIRMADA,252.0,2026-10-02,
2026-10-01,SPY,SPY261015C00770000,CALL,770.0,2026-10-15,690,0,297390,BAJISTA,BID,CONFIRMADA,364.0,2026-10-02,
2026-10-01,SPY,SPY261012P00759000,PUT,759.0,2026-10-12,454,122,212472,BAJISTA,ASK,NO CONFIRMADA,188.0,2026-10-02,
2026-10-01,SPY,SPY261002P00751000,PUT,751.0,2026-10-02,13717,2411,288057,ALCISTA,BID,NO CONFIRMADA,5001.0,2026-10-02,
2026-10-01,SPY,SPY261007C00766000,CALL,766.0,2026-10-07,1451,877,494791,ALCISTA,ASK,NO CONFIRMADA,992.0,2026-10-02,
2026-10-01,SPY,SPY261013C00770000,CALL,770.0,2026-10-13,828,154,279036,BAJISTA,BID,NO CONFIRMADA,490.0,2026-10-02,
2026-10-01,SPY,SPY261007P00761000,PUT,761.0,2026-10-07,524,143,208552,BAJISTA,ASK,NO CONFIRMADA,340.0,2026-10-02,
2026-10-01,SPY,SPY261016C00774000,CALL,774.0,2026-10-16,3795,3405,1286505,BAJISTA,BID,NO CONFIRMADA,3561.0,2026-10-02,
2026-10-01,SPY,SPY261001C00757000,CALL,757.0,2026-10-01,23848,523,13688752,BAJISTA,BID,VENCIDA,,2026-10-02,
2026-10-01,SPY,SPY261001C00560000,CALL,560.0,2026-10-01,596,0,12044564,BAJISTA,BID,VENCIDA,,2026-10-02,
2026-10-01,SPY,SPY261001C00650000,CALL,650.0,2026-10-01,790,29,8824300,BAJISTA,BID,VENCIDA,,2026-10-02,
2026-10-01,SPY,SPY261001C00555000,CALL,555.0,2026-10-01,241,0,4977614,BAJISTA,BID,VENCIDA,,2026-10-02,
2026-10-01,SPY,SPY261001C00680000,CALL,680.0,2026-10-01,528,104,4322208,BAJISTA,BID,VENCIDA,,2026-10-02,
2026-10-01,SPY,SPY261001C00660000,CALL,660.0,2026-10-01,349,39,3532927,BAJISTA,BID,VENCIDA,,2026-10-02,
2026-10-01,SPY,SPY261006C00767000,CALL,767.0,2026-10-06,1324,515,316436,ALCISTA,ASK,NO CONFIRMADA,986.0,2026-10-02,
2026-10-01,SPY,SPY261014P00759000,PUT,759.0,2026-10-14,165,0,99495,BAJISTA,ASK,CONFIRMADA,149.0,2026-10-02,
2026-10-01,SPY,SPY261001P00773000,PUT,773.0,2026-10-01,1371,133,1432695,BAJISTA,ASK,VENCIDA,,2026-10-02,
2026-10-01,SPY,SPY261006C00755000,CALL,755.0,2026-10-06,317,57,317634,ALCISTA,ASK,CONFIRMADA,865.0,2026-10-02,
2026-10-01,SPY,SPY261005P00757000,PUT,757.0,2026-10-05,2759,761,455235,ALCISTA,BID,NO CONFIRMADA,1240.0,2026-10-02,
2026-10-01,SPY,SPY261120C00776000,CALL,776.0,2026-11-20,1042,439,1094100,BAJISTA,BID,CONFIRMADA,1440.0,2026-10-02,
2026-10-01,SPY,SPY261005C00768000,CALL,768.0,2026-10-05,3040,1899,456000,ALCISTA,ASK,NO CONFIRMADA,1767.0,2026-10-02,
2026-10-01,SPY,SPY261014C00766000,CALL,766.0,2026-10-14,152,0,92872,ALCISTA,ASK,CONFIRMADA,175.0,2026-10-02,
2026-10-01,SPY,SPY261012C00762000,CALL,762.0,2026-10-12,403,39,298220,ALCISTA,ASK,NO CONFIRMADA,192.0,2026-10-02,
2026-10-01,SPY,SPY261002C00771000,CALL,771.0,2026-10-02,12856,6420,359968,ALCISTA,ASK,NO CONFIRMADA,8792.0,2026-10-02,
2026-10-01,SPY,SPY261014C00762000,CALL,762.0,2026-10-14,343,0,290521,ALCISTA,ASK,CONFIRMADA,242.0,2026-10-02,
2026-10-01,SPY,SPY261007C00770000,CALL,770.0,2026-10-07,1910,933,345710,ALCISTA,ASK,NO CONFIRMADA,1682.0,2026-10-02,
2026-10-01,SPY,SPY261009P00750000,PUT,750.0,2026-10-09,8367,8203,1681767,BAJISTA,MID,NO CONFIRMADA,7853.0,2026-10-02,
2026-10-01,SPY,SPY261014P00756000,PUT,756.0,2026-10-14,158,0,82634,BAJISTA,ASK,CONFIRMADA,96.0,2026-10-02,
2026-10-01,SPY,SPY261014P00757000,PUT,757.0,2026-10-14,159,0,81885,BAJISTA,ASK,CONFIRMADA,152.0,2026-10-02,
2026-10-01,SPY,SPY261001C00771000,CALL,771.0,2026-10-01,40894,6121,81788,ALCISTA,ASK,VENCIDA,,2026-10-02,
2026-10-01,SPY,SPY261014C00763000,CALL,763.0,2026-10-14,294,0,221676,BAJISTA,BID,CONFIRMADA,194.0,2026-10-02,
2026-10-01,SPY,SPY261007P00748000,PUT,748.0,2026-10-07,1280,321,138240,BAJISTA,ASK,NO CONFIRMADA,734.0,2026-10-02,
2026-10-01,SPY,SPY261007P00751000,PUT,751.0,2026-10-07,1012,282,166980,BAJISTA,ASK,NO CONFIRMADA,532.0,2026-10-02,
2026-10-01,SPY,SPY261002P00766000,PUT,766.0,2026-10-02,5265,3342,2306070,ALCISTA,BID,NO CONFIRMADA,4897.0,2026-10-02,
2026-10-01,SPY,SPY261013C00765000,CALL,765.0,2026-10-13,913,307,514932,BAJISTA,BID,NO CONFIRMADA,605.0,2026-10-02,
2026-10-01,SPY,SPY261013P00758000,PUT,758.0,2026-10-13,162,22,76302,BAJISTA,ASK,CONFIRMADA,127.0,2026-10-02,
2026-10-01,SPY,SPY261012C00770000,CALL,770.0,2026-10-12,1204,785,391300,ALCISTA,ASK,CONFIRMADA,1421.0,2026-10-02,
2026-10-01,SPY,SPY261001P00775000,PUT,775.0,2026-10-01,939,27,1167177,BAJISTA,ASK,VENCIDA,,2026-10-02,
2026-10-01,SPY,SPY261008P00754000,PUT,754.0,2026-10-08,456,112,120840,BAJISTA,ASK,NO CONFIRMADA,222.0,2026-10-02,
2026-10-01,SPY,SPY261012P00760000,PUT,760.0,2026-10-12,904,810,452000,BAJISTA,ASK,NO CONFIRMADA,883.0,2026-10-02,
2026-10-01,SPY,SPY261113P00730000,PUT,730.0,2026-11-13,211,0,121325,BAJISTA,ASK,CONFIRMADA,172.0,2026-10-02,
2026-10-01,SPY,SPY261014P00747000,PUT,747.0,2026-10-14,212,0,68900,BAJISTA,ASK,CONFIRMADA,210.0,2026-10-02,
2026-10-01,SPY,SPY261005C00793000,CALL,793.0,2026-10-05,33633,319,67266,ALCISTA,ASK,NO CONFIRMADA,9442.0,2026-10-02,
2026-10-01,SPY,SPY261013P00757000,PUT,757.0,2026-10-13,305,89,157685,BAJISTA,ASK,CONFIRMADA,298.0,2026-10-02,
2026-10-01,SPY,SPY261014P00752000,PUT,752.0,2026-10-14,135,0,66150,BAJISTA,ASK,NO CONFIRMADA,32.0,2026-10-02,
2026-10-01,SPY,SPY261012P00743000,PUT,743.0,2026-10-12,314,45,65312,BAJISTA,ASK,CONFIRMADA,258.0,2026-10-02,
2026-10-01,SPY,SPY261013C00767000,CALL,767.0,2026-10-13,660,170,312180,BAJISTA,BID,NO CONFIRMADA,464.0,2026-10-02,
2026-10-01,SPY,SPY261001C00580000,CALL,580.0,2026-10-01,128,0,2327808,BAJISTA,BID,VENCIDA,,2026-10-02,
2026-10-01,SPY,SPY261006C00770000,CALL,770.0,2026-10-06,2437,1477,341180,ALCISTA,ASK,NO CONFIRMADA,2074.0,2026-10-02,
2026-10-01,SPY,SPY261005P00754000,PUT,754.0,2026-10-05,2458,583,265464,ALCISTA,BID,NO CONFIRMADA,968.0,2026-10-02,
2026-10-01,SPY,SPY261012C00766000,CALL,766.0,2026-10-12,592,309,299552,ALCISTA,ASK,NO CONFIRMADA,314.0,2026-10-02,
2026-10-01,SPY,SPY261005P00756000,PUT,756.0,2026-10-05,1927,936,281342,BAJISTA,ASK,NO CONFIRMADA,1176.0,2026-10-02,
2026-10-01,SPY,SPY261008C00767000,CALL,767.0,2026-10-08,713,303,247411,ALCISTA,ASK,NO CONFIRMADA,365.0,2026-10-02,
2026-10-01,SPY,SPY261001P00754000,PUT,754.0,2026-10-01,184940,3998,184940,ALCISTA,BID,VENCIDA,,2026-10-02,
2026-10-01,SPY,SPY261014P00751000,PUT,751.0,2026-10-14,166,0,62582,BAJISTA,ASK,NO CONFIRMADA,58.0,2026-10-02,
2026-10-01,SPY,SPY261008C00766000,CALL,766.0,2026-10-08,381,113,152400,ALCISTA,ASK,NO CONFIRMADA,293.0,2026-10-02,
2026-10-01,SPY,SPY261005P00770000,PUT,770.0,2026-10-05,1270,1055,1075690,BAJISTA,ASK,NO CONFIRMADA,1578.0,2026-10-02,
2026-10-01,SPY,SPY261001C00640000,CALL,640.0,2026-10-01,183,23,2234247,BAJISTA,BID,VENCIDA,,2026-10-02,
2026-10-01,SPY,SPY261012P00739000,PUT,739.0,2026-10-12,331,38,59580,BAJISTA,ASK,CONFIRMADA,289.0,2026-10-02,
2026-10-01,SPY,SPY261008P00764000,PUT,764.0,2026-10-08,1340,718,804000,BAJISTA,ASK,NO CONFIRMADA,846.0,2026-10-02,
2026-10-01,SPY,SPY261007C00762000,CALL,762.0,2026-10-07,929,180,511879,BAJISTA,BID,NO CONFIRMADA,513.0,2026-10-02,
2026-10-01,SPY,SPY261015P00750000,PUT,750.0,2026-10-15,497,0,174447,ALCISTA,BID,CONFIRMADA,464.0,2026-10-02,
2026-10-01,SPY,SPY261008P00761000,PUT,761.0,2026-10-08,683,182,297788,ALCISTA,BID,NO CONFIRMADA,234.0,2026-10-02,
2026-10-01,SPY,SPY261001C00755000,CALL,755.0,2026-10-01,12017,643,9265107,ALCISTA,MID,VENCIDA,,2026-10-02,
2026-10-01,SPY,SPY261001P00767000,PUT,767.0,2026-10-01,12436,6226,5459404,BAJISTA,ASK,VENCIDA,,2026-10-02,
2026-10-01,SPY,SPY261001C00727000,CALL,727.0,2026-10-01,948,98,3386256,ALCISTA,MID,VENCIDA,,2026-10-02,
2026-10-01,SPY,SPY261106P00730000,PUT,730.0,2026-11-06,1239,1126,586047,BAJISTA,ASK,CONFIRMADA,2074.0,2026-10-02,
2026-10-01,SPY,SPY261012P00767000,PUT,767.0,2026-10-12,608,229,566048,BAJISTA,ASK,NO CONFIRMADA,216.0,2026-10-02,
2026-10-01,SPY,SPY261013P00761000,PUT,761.0,2026-10-13,272,90,164560,BAJISTA,ASK,NO CONFIRMADA,172.0,2026-10-02,
2026-10-01,SPY,SPY261001C00721000,CALL,721.0,2026-10-01,510,77,2090490,BAJISTA,BID,VENCIDA,,2026-10-02,
2026-10-01,SPY,SPY261009P00765000,PUT,765.0,2026-10-09,3084,2193,1964508,ALCISTA,BID,NO CONFIRMADA,2256.0,2026-10-02,
2026-10-01,SPY,SPY261015P00740000,PUT,740.0,2026-10-15,251,0,52710,BAJISTA,ASK,CONFIRMADA,272.0,2026-10-02,
2026-10-01,SPY,SPY261007P00737000,PUT,737.0,2026-10-07,1437,284,51732,BAJISTA,ASK,NO CONFIRMADA,656.0,2026-10-02,
2026-10-01,SPY,SPY261001P00778000,PUT,778.0,2026-10-01,587,1,956223,BAJISTA,ASK,VENCIDA,,2026-10-02,
2026-10-01,SPY,SPY261013P00763000,PUT,763.0,2026-10-13,290,51,202130,BAJISTA,ASK,NO CONFIRMADA,143.0,2026-10-02,
2026-10-01,SPY,SPY261113P00735000,PUT,735.0,2026-11-13,146,0,91250,BAJISTA,ASK,CONFIRMADA,144.0,2026-10-02,
2026-10-01,SPY,SPY261001C00769000,CALL,769.0,2026-10-01,76136,5999,152272,BAJISTA,BID,VENCIDA,,2026-10-02,
2026-10-01,SPY,SPY261009P00759000,PUT,759.0,2026-10-09,1984,1842,803520,ALCISTA,BID,NO CONFIRMADA,1680.0,2026-10-02,
2026-10-01,SPY,SPY261012C00764000,CALL,764.0,2026-10-12,418,105,242440,BAJISTA,BID,CONFIRMADA,1234.0,2026-10-02,
2026-10-01,SPY,SPY261012P00748000,PUT,748.0,2026-10-12,301,71,76755,BAJISTA,ASK,NO CONFIRMADA,92.0,2026-10-02,
2026-10-01,SPY,SPY261002C00685000,CALL,685.0,2026-10-02,203,58,1601467,ALCISTA,ASK,NO CONFIRMADA,66.0,2026-10-02,
2026-10-01,SPY,SPY261005P00763000,PUT,763.0,2026-10-05,3819,1759,1355745,ALCISTA,BID,NO CONFIRMADA,2044.0,2026-10-02,
2026-10-01,SPY,SPY261013P00753000,PUT,753.0,2026-10-13,132,28,55176,BAJISTA,ASK,CONFIRMADA,114.0,2026-10-02,
2026-10-01,SPY,SPY261006P00764000,PUT,764.0,2026-10-06,1983,617,902265,ALCISTA,BID,CONFIRMADA,1776.0,2026-10-02,
2026-10-01,SPY,SPY261008C00756000,CALL,756.0,2026-10-08,453,59,434427,BAJISTA,BID,NO CONFIRMADA,155.0,2026-10-02,
2026-10-01,SPY,SPY261009C00771000,CALL,771.0,2026-10-09,2476,1324,552148,BAJISTA,BID,NO CONFIRMADA,1715.0,2026-10-02,
2026-10-01,SPY,SPY261008P00756000,PUT,756.0,2026-10-08,510,177,147390,BAJISTA,ASK,NO CONFIRMADA,309.0,2026-10-02,
2026-10-01,SPY,SPY261013P00764000,PUT,764.0,2026-10-13,223,18,174832,BAJISTA,ASK,NO CONFIRMADA,110.0,2026-10-02,
2026-10-01,SPY,SPY261008P00744000,PUT,744.0,2026-10-08,659,154,65241,BAJISTA,ASK,CONFIRMADA,596.0,2026-10-02,
2026-10-01,SPY,SPY261001P00768000,PUT,768.0,2026-10-01,9636,2736,5097444,ALCISTA,BID,VENCIDA,,2026-10-02,
2026-10-01,SPY,SPY261002C00754000,CALL,754.0,2026-10-02,1622,898,1441958,BAJISTA,BID,NO CONFIRMADA,823.0,2026-10-02,
2026-10-01,SPY,SPY261007P00752000,PUT,752.0,2026-10-07,806,293,151528,BAJISTA,ASK,CONFIRMADA,753.0,2026-10-02,
2026-10-01,SPY,SPY261001P00791000,PUT,791.0,2026-10-01,288,0,816480,BAJISTA,ASK,VENCIDA,,2026-10-02,
2026-10-01,SPY,SPY261001P00830000,PUT,830.0,2026-10-01,119,0,814674,BAJISTA,ASK,VENCIDA,,2026-10-02,
2026-10-01,SPY,SPY261012C00760000,CALL,760.0,2026-10-12,740,152,634920,ALCISTA,MID,NO CONFIRMADA,405.0,2026-10-02,
2026-10-01,SPY,SPY261007P00759000,PUT,759.0,2026-10-07,691,381,228721,BAJISTA,ASK,NO CONFIRMADA,573.0,2026-10-02,
2026-10-01,SPY,SPY261013C00760000,CALL,760.0,2026-10-13,182,31,165802,ALCISTA,ASK,CONFIRMADA,124.0,2026-10-02,
2026-10-01,SPY,SPY261113P00740000,PUT,740.0,2026-11-13,101,0,74841,BAJISTA,ASK,CONFIRMADA,85.0,2026-10-02,
2026-10-01,SPY,SPY261008P00765000,PUT,765.0,2026-10-08,1342,1130,822646,BAJISTA,ASK,NO CONFIRMADA,1034.0,2026-10-02,
2026-10-01,SPY,SPY261007C00754000,CALL,754.0,2026-10-07,144,24,163440,ALCISTA,ASK,CONFIRMADA,301.0,2026-10-02,
2026-10-01,SPY,SPY261002P00749000,PUT,749.0,2026-10-02,11444,4512,160216,BAJISTA,ASK,NO CONFIRMADA,6917.0,2026-10-02,
2026-10-01,SPY,SPY261113P00725000,PUT,725.0,2026-11-13,139,0,73392,BAJISTA,ASK,CONFIRMADA,127.0,2026-10-02,
2026-10-01,SPY,SPY261005C00745000,CALL,745.0,2026-10-05,436,88,810088,ALCISTA,ASK,NO CONFIRMADA,299.0,2026-10-02,
2026-10-01,SPY,SPY261013C00745000,CALL,745.0,2026-10-13,206,5,391812,BAJISTA,BID,CONFIRMADA,201.0,2026-10-02,
2026-10-01,SPY,SPY261002C00773000,CALL,773.0,2026-10-02,11528,4624,161392,ALCISTA,ASK,NO CONFIRMADA,10274.0,2026-10-02,
2026-10-01,SPY,SPY261120P00635000,PUT,635.0,2026-11-20,3276,2489,412776,BAJISTA,ASK,CONFIRMADA,5336.0,2026-10-02,
2026-10-01,SPY,SPY261001P00776000,PUT,776.0,2026-10-01,544,1,768128,BAJISTA,ASK,VENCIDA,,2026-10-02,
2026-10-01,SPY,SPY261120P00600000,PUT,600.0,2026-11-20,5695,5625,461295,BAJISTA,ASK,CONFIRMADA,9986.0,2026-10-02,
2026-10-01,SPY,SPY261005C00757000,CALL,757.0,2026-10-05,483,80,371910,BAJISTA,BID,CONFIRMADA,525.0,2026-10-02,
2026-10-01,SPY,SPY261006P00758000,PUT,758.0,2026-10-06,1145,351,270220,ALCISTA,BID,NO CONFIRMADA,673.0,2026-10-02,
2026-10-01,SPY,SPY261006P00752000,PUT,752.0,2026-10-06,985,158,118200,ALCISTA,BID,NO CONFIRMADA,532.0,2026-10-02,
2026-10-01,SPY,SPY261012P00751000,PUT,751.0,2026-10-12,255,71,84915,BAJISTA,ASK,CONFIRMADA,297.0,2026-10-02,
2026-10-01,SPY,SPY261005P00764000,PUT,764.0,2026-10-05,1568,1016,661696,BAJISTA,ASK,CONFIRMADA,2478.0,2026-10-02,
2026-10-01,SPY,SPY261006C00751000,CALL,751.0,2026-10-06,292,59,372300,BAJISTA,BID,CONFIRMADA,249.0,2026-10-02,
2026-10-01,SPY,SPY261008C00760000,CALL,760.0,2026-10-08,515,65,365650,BAJISTA,BID,NO CONFIRMADA,151.0,2026-10-02,
2026-10-01,SPY,SPY261007P00754000,PUT,754.0,2026-10-07,925,450,185000,BAJISTA,ASK,NO CONFIRMADA,553.0,2026-10-02,
2026-10-01,SPY,SPY261013P00754000,PUT,754.0,2026-10-13,207,60,90045,BAJISTA,ASK,CONFIRMADA,242.0,2026-10-02,
2026-10-01,SPY,SPY261005C00751000,CALL,751.0,2026-10-05,721,253,860874,BAJISTA,BID,NO CONFIRMADA,404.0,2026-10-02,
2026-10-01,SPY,SPY261008P00763000,PUT,763.0,2026-10-08,783,308,436914,BAJISTA,ASK,NO CONFIRMADA,497.0,2026-10-02,
2026-10-01,SPY,SPY261006P00755000,PUT,755.0,2026-10-06,1828,648,314416,ALCISTA,BID,NO CONFIRMADA,1116.0,2026-10-02,
2026-10-01,SPY,SPY261001P00752000,PUT,752.0,2026-10-01,112224,4358,112224,ALCISTA,BID,VENCIDA,,2026-10-02,
2026-10-01,SPY,SPY261014P00764000,PUT,764.0,2026-10-14,171,0,143127,BAJISTA,ASK,NO CONFIRMADA,41.0,2026-10-02,
2026-10-01,SPY,SPY261001P00785000,PUT,785.0,2026-10-01,696,0,1542336,ALCISTA,BID,VENCIDA,,2026-10-02,
2026-10-01,SPY,SPY261001P00777000,PUT,777.0,2026-10-01,497,8,713195,BAJISTA,ASK,VENCIDA,,2026-10-02,
2026-10-01,SPY,SPY261006C00766000,CALL,766.0,2026-10-06,1636,576,459716,ALCISTA,MID,NO CONFIRMADA,832.0,2026-10-02,
2026-10-01,SPY,SPY261007P00755000,PUT,755.0,2026-10-07,996,638,220116,BAJISTA,ASK,NO CONFIRMADA,953.0,2026-10-02,
2026-10-01,SPY,SPY261030C00764000,CALL,764.0,2026-10-30,765,762,936360,BAJISTA,BID,NO CONFIRMADA,939.0,2026-10-02,
2026-10-01,SPY,SPY261008P00757000,PUT,757.0,2026-10-08,542,285,184280,BAJISTA,ASK,NO CONFIRMADA,367.0,2026-10-02,
2026-10-01,SPY,SPY261023C00769000,CALL,769.0,2026-10-23,987,569,699783,BAJISTA,BID,NO CONFIRMADA,805.0,2026-10-02,
2026-10-01,SPY,SPY261002P00800000,PUT,800.0,2026-10-02,177,6,692247,BAJISTA,ASK,NO CONFIRMADA,27.0,2026-10-02,
2026-10-01,SPY,SPY261005P00765000,PUT,765.0,2026-10-05,2792,1636,1248024,ALCISTA,BID,NO CONFIRMADA,2714.0,2026-10-02,
2026-10-01,SPY,SPY261106C00765000,CALL,765.0,2026-11-06,599,266,832610,ALCISTA,MID,CONFIRMADA,579.0,2026-10-02,
2026-10-01,SPY,SPY261106C00770000,CALL,770.0,2026-11-06,672,389,690144,BAJISTA,BID,NO CONFIRMADA,592.0,2026-10-02,
2026-10-01,SPY,SPY261001C00752000,CALL,752.0,2026-10-01,1443,105,1458873,BAJISTA,BID,VENCIDA,,2026-10-02,
2026-10-01,SPY,SPY261007C00769000,CALL,769.0,2026-10-07,961,626,207576,ALCISTA,ASK,NO CONFIRMADA,813.0,2026-10-02,
2026-10-01,SPY,SPY261014C00767000,CALL,767.0,2026-10-14,195,0,99255,BAJISTA,BID,CONFIRMADA,220.0,2026-10-02,
2026-10-01,SPY,SPY261001P00774000,PUT,774.0,2026-10-01,535,91,662330,BAJISTA,ASK,VENCIDA,,2026-10-02,
2026-10-01,SPY,SPY261113P00720000,PUT,720.0,2026-11-13,112,0,52416,BAJISTA,ASK,CONFIRMADA,145.0,2026-10-02,
2026-10-01,SPY,SPY261001C00670000,CALL,670.0,2026-10-01,228,58,2104440,BAJISTA,BID,VENCIDA,,2026-10-02,
2026-10-01,SPY,SPY261006C00757000,CALL,757.0,2026-10-06,400,32,316000,BAJISTA,BID,CONFIRMADA,271.0,2026-10-02,
2026-10-01,SPY,SPY261005P00753000,PUT,753.0,2026-10-05,3227,1255,303338,ALCISTA,BID,NO CONFIRMADA,1988.0,2026-10-02,
2026-10-01,SPY,SPY261007P00757000,PUT,757.0,2026-10-07,644,408,193844,BAJISTA,ASK,NO CONFIRMADA,515.0,2026-10-02,
2026-10-01,SPY,SPY261005C00769000,CALL,769.0,2026-10-05,1777,1343,215017,ALCISTA,ASK,NO CONFIRMADA,1938.0,2026-10-02,
2026-10-01,SPY,SPY261005P00751000,PUT,751.0,2026-10-05,2439,1387,175608,BAJISTA,ASK,NO CONFIRMADA,1568.0,2026-10-02,
2026-10-01,SPY,SPY261012P00761000,PUT,761.0,2026-10-12,316,176,170008,BAJISTA,ASK,NO CONFIRMADA,151.0,2026-10-02,
2026-10-01,SPY,SPY261013P00773000,PUT,773.0,2026-10-13,100,2,119900,BAJISTA,ASK,CONFIRMADA,103.0,2026-10-02,
2026-10-01,SPY,SPY261007P00750000,PUT,750.0,2026-10-07,1348,847,183328,BAJISTA,ASK,NO CONFIRMADA,969.0,2026-10-02,
2026-10-01,SPY,SPY261009P00748000,PUT,748.0,2026-10-09,1164,859,202536,BAJISTA,ASK,CONFIRMADA,1697.0,2026-10-02,
2026-10-01,SPY,SPY261002C00680000,CALL,680.0,2026-10-02,158,25,1298286,BAJISTA,BID,NO CONFIRMADA,23.0,2026-10-02,
2026-10-01,SPY,SPY261001P00803000,PUT,803.0,2026-10-01,145,0,598415,BAJISTA,ASK,VENCIDA,,2026-10-02,
2026-10-01,SPY,SPY261015C00775000,CALL,775.0,2026-10-15,315,0,85680,BAJISTA,BID,CONFIRMADA,176.0,2026-10-02,
2026-10-01,SPY,SPY261002P00802000,PUT,802.0,2026-10-02,142,0,588306,BAJISTA,ASK,NO CONFIRMADA,3.0,2026-10-02,
2026-10-01,SPY,SPY261006P00771000,PUT,771.0,2026-10-06,520,359,544960,BAJISTA,ASK,NO CONFIRMADA,352.0,2026-10-02,
2026-10-01,SPY,SPY261231P00772000,PUT,772.0,2026-12-31,120,9,285600,BAJISTA,ASK,CONFIRMADA,129.0,2026-10-02,
2026-10-01,SPY,SPY261012P00769000,PUT,769.0,2026-10-12,592,529,617456,BAJISTA,ASK,NO CONFIRMADA,584.0,2026-10-02,
2026-10-01,SPY,SPY261030P00731000,PUT,731.0,2026-10-30,835,660,312290,BAJISTA,ASK,CONFIRMADA,1353.0,2026-10-02,
2026-10-01,SPY,SPY261106C00762000,CALL,762.0,2026-11-06,272,29,428400,BAJISTA,BID,NO CONFIRMADA,137.0,2026-10-02,
2026-10-01,SPY,SPY261013C00764000,CALL,764.0,2026-10-13,210,14,137760,ALCISTA,MID,CONFIRMADA,152.0,2026-10-02,
2026-10-01,SPY,SPY261013C00771000,CALL,771.0,2026-10-13,257,51,77614,BAJISTA,BID,CONFIRMADA,245.0,2026-10-02,
2026-10-01,SPY,SPY261001C00753000,CALL,753.0,2026-10-01,1813,242,1769488,ALCISTA,MID,VENCIDA,,2026-10-02,
2026-10-01,SPY,SPY261014C00745000,CALL,745.0,2026-10-14,129,0,266514,BAJISTA,BID,CONFIRMADA,127.0,2026-10-02,
2026-10-01,SPY,SPY261007C00753000,CALL,753.0,2026-10-07,222,12,262626,BAJISTA,BID,CONFIRMADA,146.0,2026-10-02,
2026-10-01,SPY,SPY261012C00761000,CALL,761.0,2026-10-12,354,19,261252,BAJISTA,BID,NO CONFIRMADA,126.0,2026-10-02,
2026-10-01,SPY,SPY261218C00768000,CALL,768.0,2026-12-18,323,144,658920,BAJISTA,BID,CONFIRMADA,385.0,2026-10-02,
2026-10-01,SPY,SPY261013C00774000,CALL,774.0,2026-10-13,557,272,124211,ALCISTA,ASK,CONFIRMADA,692.0,2026-10-02,
2026-10-01,SPY,SPY261120P00754000,PUT,754.0,2026-11-20,211,130,244338,BAJISTA,ASK,CONFIRMADA,419.0,2026-10-02,
2026-10-01,SPY,SPY261005C00740000,CALL,740.0,2026-10-05,224,43,524832,ALCISTA,ASK,NO CONFIRMADA,92.0,2026-10-02,
2026-10-01,SPY,SPY261007P00739000,PUT,739.0,2026-10-07,1175,351,55225,BAJISTA,ASK,NO CONFIRMADA,245.0,2026-10-02,
2026-10-01,SPY,SPY261007C00690000,CALL,690.0,2026-10-07,158,12,1143288,BAJISTA,BID,NO CONFIRMADA,32.0,2026-10-02,
2026-10-01,SPY,SPY261012P00765000,PUT,765.0,2026-10-12,723,607,532851,BAJISTA,ASK,NO CONFIRMADA,708.0,2026-10-02,
2026-10-01,SPY,SPY261006P00751000,PUT,751.0,2026-10-06,981,489,120663,BAJISTA,ASK,NO CONFIRMADA,702.0,2026-10-02,
2026-10-01,SPY,SPY261007C00771000,CALL,771.0,2026-10-07,843,453,128979,ALCISTA,ASK,NO CONFIRMADA,485.0,2026-10-02,
2026-10-01,SPY,SPY261013C00766000,CALL,766.0,2026-10-13,288,81,148320,BAJISTA,BID,NO CONFIRMADA,178.0,2026-10-02,
2026-10-01,SPY,SPY261014P00763000,PUT,763.0,2026-10-14,118,0,88854,BAJISTA,ASK,CONFIRMADA,172.0,2026-10-02,
2026-10-01,SPY,SPY261013C00761000,CALL,761.0,2026-10-13,296,1,238576,BAJISTA,BID,NO CONFIRMADA,78.0,2026-10-02,
2026-10-01,SPY,SPY261120C00763000,CALL,763.0,2026-11-20,227,103,407919,BAJISTA,BID,NO CONFIRMADA,198.0,2026-10-02,
2026-10-01,SPY,SPY261014C00760000,CALL,760.0,2026-10-14,260,6,232180,BAJISTA,BID,NO CONFIRMADA,97.0,2026-10-02,
2026-10-01,SPY,SPY261218C00739000,CALL,739.0,2026-12-18,134,1,534124,BAJISTA,BID,CONFIRMADA,132.0,2026-10-02,
2026-10-01,SPY,SPY261008C00772000,CALL,772.0,2026-10-08,503,200,81989,ALCISTA,ASK,NO CONFIRMADA,397.0,2026-10-02,
2026-10-01,SPY,SPY261014C00768000,CALL,768.0,2026-10-14,126,0,60732,BAJISTA,BID,CONFIRMADA,80.0,2026-10-02,
2026-10-01,SPY,SPY261014C00761000,CALL,761.0,2026-10-14,255,0,222105,BAJISTA,BID,NO CONFIRMADA,79.0,2026-10-02,
2026-10-01,SPY,SPY261008C00755000,CALL,755.0,2026-10-08,223,39,221662,BAJISTA,BID,NO CONFIRMADA,124.0,2026-10-02,
2026-10-01,SPY,SPY261005C00773000,CALL,773.0,2026-10-05,2234,1042,98296,ALCISTA,ASK,NO CONFIRMADA,1644.0,2026-10-02,
2026-10-01,SPY,SPY261001C00665000,CALL,665.0,2026-10-01,160,41,1562240,BAJISTA,BID,VENCIDA,,2026-10-02,
2026-10-01,SPY,SPY261106C00764000,CALL,764.0,2026-11-06,285,137,404700,BAJISTA,BID,NO CONFIRMADA,244.0,2026-10-02,
2026-10-01,SPY,SPY270226C00761000,CALL,761.0,2027-02-26,140,12,511000,BAJISTA,BID,CONFIRMADA,145.0,2026-10-02,
2026-10-01,SPY,SPY261008C00759000,CALL,759.0,2026-10-08,276,22,216384,BAJISTA,BID,NO CONFIRMADA,103.0,2026-10-02,
2026-10-01,SPY,SPY261006P00770000,PUT,770.0,2026-10-06,1298,1146,1050082,ALCISTA,BID,NO CONFIRMADA,1372.0,2026-10-02,
2026-10-01,SPY,SPY261006P00754000,PUT,754.0,2026-10-06,950,858,159600,BAJISTA,ASK,NO CONFIRMADA,833.0,2026-10-02,
2026-10-01,SPY,SPY261007P00742000,PUT,742.0,2026-10-07,850,291,57800,BAJISTA,ASK,NO CONFIRMADA,530.0,2026-10-02,
2026-10-01,SPY,SPY261009C00777000,CALL,777.0,2026-10-09,1544,1255,148224,ALCISTA,ASK,NO CONFIRMADA,1782.0,2026-10-02,
2026-10-01,SPY,SPY270226C00774000,CALL,774.0,2027-02-26,125,38,351875,BAJISTA,BID,CONFIRMADA,118.0,2026-10-02,
2026-10-01,SPY,SPY261007P00769000,PUT,769.0,2026-10-07,494,326,392236,BAJISTA,ASK,NO CONFIRMADA,522.0,2026-10-02,
2026-10-01,SPY,SPY261013P00760000,PUT,760.0,2026-10-13,539,307,284592,ALCISTA,BID,CONFIRMADA,919.0,2026-10-02,
2026-10-01,SPY,SPY261002C00774000,CALL,774.0,2026-10-02,9734,4886,97340,ALCISTA,ASK,NO CONFIRMADA,9498.0,2026-10-02,
2026-10-01,SPY,SPY261005P00745000,PUT,745.0,2026-10-05,2907,1348,84303,BAJISTA,ASK,NO CONFIRMADA,1779.0,2026-10-02,
2026-10-01,SPY,SPY261007P00743000,PUT,743.0,2026-10-07,758,291,64430,BAJISTA,ASK,CONFIRMADA,761.0,2026-10-02,
2026-10-01,SPY,SPY261013C00762000,CALL,762.0,2026-10-13,256,22,196352,BAJISTA,BID,NO CONFIRMADA,89.0,2026-10-02,
2026-10-01,SPY,SPY261030C00761000,CALL,761.0,2026-10-30,448,402,648256,ALCISTA,ASK,NO CONFIRMADA,503.0,2026-10-02,
2026-10-01,SPY,SPY261005P00748000,PUT,748.0,2026-10-05,2944,882,126592,ALCISTA,BID,NO CONFIRMADA,2060.0,2026-10-02,
2026-10-01,SPY,SPY261006P00757000,PUT,757.0,2026-10-06,626,536,136468,BAJISTA,ASK,NO CONFIRMADA,639.0,2026-10-02,
2026-10-01,SPY,SPY261007C00758000,CALL,758.0,2026-10-07,246,87,201720,ALCISTA,ASK,NO CONFIRMADA,140.0,2026-10-02,
2026-10-01,SPY,SPY261002P00750000,PUT,750.0,2026-10-02,21743,20055,347888,ALCISTA,BID,NO CONFIRMADA,21394.0,2026-10-02,
2026-10-01,SPY,SPY261008P00748000,PUT,748.0,2026-10-08,689,530,125398,BAJISTA,ASK,NO CONFIRMADA,618.0,2026-10-02,
2026-10-01,SPY,SPY261002C00752000,CALL,752.0,2026-10-02,836,171,917928,BAJISTA,BID,NO CONFIRMADA,228.0,2026-10-02,
2026-10-01,SPY,SPY261006P00748000,PUT,748.0,2026-10-06,1173,757,107916,BAJISTA,ASK,NO CONFIRMADA,1219.0,2026-10-02,
2026-10-01,SPY,SPY261007C00756000,CALL,756.0,2026-10-07,201,17,181503,BAJISTA,BID,CONFIRMADA,204.0,2026-10-02,
2026-10-01,SPY,SPY261008C00763000,CALL,763.0,2026-10-08,421,143,230708,ALCISTA,MID,NO CONFIRMADA,161.0,2026-10-02,
2026-10-01,SPY,SPY261012P00768000,PUT,768.0,2026-10-12,330,197,319770,BAJISTA,ASK,NO CONFIRMADA,179.0,2026-10-02,
2026-10-01,SPY,SPY261012P00766000,PUT,766.0,2026-10-12,312,143,251784,BAJISTA,ASK,NO CONFIRMADA,272.0,2026-10-02,
2026-10-01,SPY,SPY261009P00730000,PUT,730.0,2026-10-09,2596,2322,127204,BAJISTA,ASK,NO CONFIRMADA,3321.0,2026-10-02,
2026-10-01,SPY,SPY261005P00749000,PUT,749.0,2026-10-05,1604,1003,97844,BAJISTA,ASK,NO CONFIRMADA,1800.0,2026-10-02,
2026-10-01,SPY,SPY261006P00753000,PUT,753.0,2026-10-06,692,451,99648,BAJISTA,ASK,NO CONFIRMADA,635.0,2026-10-02,
2026-10-01,SPY,SPY261030C00829000,CALL,829.0,2026-10-30,7570,1096,75700,BAJISTA,BID,CONFIRMADA,7136.0,2026-10-02,
2026-10-01,SPY,SPY261001C00751000,CALL,751.0,2026-10-01,853,185,947683,BAJISTA,BID,VENCIDA,,2026-10-02,
2026-10-01,SPY,SPY261007P00767000,PUT,767.0,2026-10-07,500,482,397000,BAJISTA,ASK,NO CONFIRMADA,620.0,2026-10-02,
2026-10-01,SPY,SPY261013C00769000,CALL,769.0,2026-10-13,416,162,156000,BAJISTA,BID,NO CONFIRMADA,356.0,2026-10-02,
2026-10-01,SPY,SPY261007P00749000,PUT,749.0,2026-10-07,877,801,120149,BAJISTA,ASK,CONFIRMADA,1281.0,2026-10-02,
2026-10-01,SPY,SPY261007P00745000,PUT,745.0,2026-10-07,1159,1093,120536,BAJISTA,ASK,NO CONFIRMADA,1662.0,2026-10-02,
2026-10-01,SPY,SPY261120P00741000,PUT,741.0,2026-11-20,215,184,184040,BAJISTA,ASK,CONFIRMADA,323.0,2026-10-02,
2026-10-01,SPY,SPY261008P00766000,PUT,766.0,2026-10-08,338,164,240318,BAJISTA,ASK,CONFIRMADA,355.0,2026-10-02,
2026-10-01,SPY,SPY261030P00714000,PUT,714.0,2026-10-30,838,809,192740,BAJISTA,ASK,NO CONFIRMADA,1011.0,2026-10-02,
2026-10-01,SPY,SPY261014P00750000,PUT,750.0,2026-10-14,250,158,87000,BAJISTA,ASK,CONFIRMADA,1278.0,2026-10-02,
2026-10-01,SPY,SPY261001C00719000,CALL,719.0,2026-10-01,297,82,1296999,BAJISTA,BID,VENCIDA,,2026-10-02,
2026-10-01,SPY,SPY261008P00738000,PUT,738.0,2026-10-08,1011,487,63693,BAJISTA,ASK,CONFIRMADA,1026.0,2026-10-02,
2026-10-01,SPY,SPY261006P00750000,PUT,750.0,2026-10-06,3114,1532,295830,BAJISTA,MID,NO CONFIRMADA,1836.0,2026-10-02,
2026-10-01,SPY,SPY261007P00753000,PUT,753.0,2026-10-07,1076,539,190452,ALCISTA,BID,NO CONFIRMADA,618.0,2026-10-02,
2026-10-01,SPY,SPY261005C00774000,CALL,774.0,2026-10-05,1924,945,63492,ALCISTA,ASK,NO CONFIRMADA,1789.0,2026-10-02,
2026-10-01,SPY,SPY261012C00767000,CALL,767.0,2026-10-12,513,299,215460,BAJISTA,BID,NO CONFIRMADA,329.0,2026-10-02,
2026-10-01,SPY,SPY261009P00733000,PUT,733.0,2026-10-09,822,392,60828,BAJISTA,ASK,CONFIRMADA,1093.0,2026-10-02,
2026-10-01,SPY,SPY261012P00763000,PUT,763.0,2026-10-12,430,263,277780,BAJISTA,ASK,NO CONFIRMADA,433.0,2026-10-02,
2026-10-01,SPY,SPY261014P00760000,PUT,760.0,2026-10-14,401,259,230575,ALCISTA,BID,NO CONFIRMADA,449.0,2026-10-02,
2026-10-01,SPY,SPY261005P00746000,PUT,746.0,2026-10-05,2214,585,73062,ALCISTA,BID,NO CONFIRMADA,904.0,2026-10-02,
2026-10-01,SPY,SPY261001P00769000,PUT,769.0,2026-10-01,4548,3056,2787924,ALCISTA,BID,VENCIDA,,2026-10-02,
2026-10-01,SPY,SPY261218P00722000,PUT,722.0,2026-12-18,148,54,129056,BAJISTA,ASK,CONFIRMADA,197.0,2026-10-02,
2026-10-01,SPY,SPY261013C00768000,CALL,768.0,2026-10-13,503,296,210254,BAJISTA,BID,CONFIRMADA,560.0,2026-10-02,
2026-10-01,SPY,SPY261008C00737000,CALL,737.0,2026-10-08,116,7,311576,ALCISTA,ASK,NO CONFIRMADA,16.0,2026-10-02,
2026-10-01,SPY,SPY261231C00804000,CALL,804.0,2026-12-31,169,18,106132,BAJISTA,BID,CONFIRMADA,609.0,2026-10-02,
2026-10-01,SPY,SPY261012C00771000,CALL,771.0,2026-10-12,360,333,102600,ALCISTA,ASK,NO CONFIRMADA,420.0,2026-10-02,
2026-10-01,SPY,SPY261001P00787000,PUT,787.0,2026-10-01,116,0,306240,BAJISTA,ASK,VENCIDA,,2026-10-02,
2026-10-01,SPY,SPY261002C00675000,CALL,675.0,2026-10-02,132,36,1147740,BAJISTA,BID,NO CONFIRMADA,33.0,2026-10-02,
2026-10-01,SPY,SPY261009C00759000,CALL,759.0,2026-10-09,858,768,710424,BAJISTA,BID,NO CONFIRMADA,1140.0,2026-10-02,
2026-10-01,SPY,SPY261120C00771000,CALL,771.0,2026-11-20,287,243,378553,BAJISTA,BID,NO CONFIRMADA,311.0,2026-10-02,
2026-10-01,SPY,SPY261120C00766000,CALL,766.0,2026-11-20,224,176,361984,BAJISTA,BID,NO CONFIRMADA,266.0,2026-10-02,
2026-10-01,SPY,SPY261106P00765000,PUT,765.0,2026-11-06,345,290,455400,BAJISTA,ASK,CONFIRMADA,469.0,2026-10-02,
2026-10-01,SPY,SPY261007C00759000,CALL,759.0,2026-10-07,276,66,193200,BAJISTA,BID,NO CONFIRMADA,103.0,2026-10-02,
2026-10-01,SPY,SPY261008P00758000,PUT,758.0,2026-10-08,464,218,155904,ALCISTA,BID,NO CONFIRMADA,370.0,2026-10-02,
2026-10-01,SPY,SPY261002C00753000,CALL,753.0,2026-10-02,1607,570,1528257,BAJISTA,BID,NO CONFIRMADA,726.0,2026-10-02,
2026-10-01,SPY,SPY261012P00762000,PUT,762.0,2026-10-12,324,181,180792,ALCISTA,BID,NO CONFIRMADA,179.0,2026-10-02,
2026-10-01,SPY,SPY261106P00715000,PUT,715.0,2026-11-06,435,318,134850,BAJISTA,ASK,NO CONFIRMADA,412.0,2026-10-02,
2026-10-01,SPY,SPY261008P00759000,PUT,759.0,2026-10-08,479,175,177230,BAJISTA,MID,NO CONFIRMADA,194.0,2026-10-02,
2026-10-01,SPY,SPY261007C00773000,CALL,773.0,2026-10-07,665,453,70490,ALCISTA,ASK,NO CONFIRMADA,624.0,2026-10-02,
2026-10-01,SPY,SPY261012C00773000,CALL,773.0,2026-10-12,273,163,61425,ALCISTA,ASK,NO CONFIRMADA,194.0,2026-10-02,
2026-10-01,SPY,SPY261006P00744000,PUT,744.0,2026-10-06,977,545,56666,BAJISTA,ASK,NO CONFIRMADA,694.0,2026-10-02,
2026-10-01,SPY,SPY261001P00770000,PUT,770.0,2026-10-01,3729,3049,2662506,ALCISTA,BID,VENCIDA,,2026-10-02,
2026-10-01,SPY,SPY261007P00771000,PUT,771.0,2026-10-07,255,219,282030,BAJISTA,ASK,CONFIRMADA,352.0,2026-10-02,
2026-10-01,SPY,SPY261001P00786000,PUT,786.0,2026-10-01,110,0,268950,BAJISTA,ASK,VENCIDA,,2026-10-02,
2026-10-01,SPY,SPY261009C00746000,CALL,746.0,2026-10-09,126,34,216342,BAJISTA,BID,CONFIRMADA,149.0,2026-10-02,
2026-10-01,SPY,SPY261106P00756000,PUT,756.0,2026-11-06,129,103,131709,BAJISTA,ASK,NO CONFIRMADA,138.0,2026-10-02,
2026-10-01,SPY,SPY261005C00742000,CALL,742.0,2026-10-05,341,74,703142,BAJISTA,BID,CONFIRMADA,306.0,2026-10-02,
2026-10-01,SPY,SPY261005C00772000,CALL,772.0,2026-10-05,2036,814,114016,BAJISTA,BID,NO CONFIRMADA,1312.0,2026-10-02,
2026-10-01,SPY,SPY261007P00744000,PUT,744.0,2026-10-07,623,383,58562,BAJISTA,ASK,NO CONFIRMADA,657.0,2026-10-02,
2026-10-01,SPY,SPY261008C00765000,CALL,765.0,2026-10-08,731,576,320909,ALCISTA,MID,CONFIRMADA,1348.0,2026-10-02,
2026-10-01,SPY,SPY261014C00759000,CALL,759.0,2026-10-14,120,0,113280,BAJISTA,BID,NO CONFIRMADA,59.0,2026-10-02,
2026-10-01,SPY,SPY261006C00736000,CALL,736.0,2026-10-06,232,46,589976,BAJISTA,BID,CONFIRMADA,193.0,2026-10-02,
2026-10-01,SPY,SPY261231C00762000,CALL,762.0,2026-12-31,112,8,286384,BAJISTA,BID,CONFIRMADA,108.0,2026-10-02,
2026-10-01,SPY,SPY261218P00733000,PUT,733.0,2026-12-18,209,191,219868,BAJISTA,ASK,CONFIRMADA,421.0,2026-10-02,
2026-10-01,SPY,SPY261023P00743000,PUT,743.0,2026-10-23,317,312,142016,BAJISTA,ASK,NO CONFIRMADA,381.0,2026-10-02,
2026-10-01,SPY,SPY261218P00718000,PUT,718.0,2026-12-18,142,59,116156,BAJISTA,ASK,CONFIRMADA,200.0,2026-10-02,
2026-10-01,SPY,SPY261005C00748000,CALL,748.0,2026-10-05,398,49,580682,BAJISTA,BID,NO CONFIRMADA,141.0,2026-10-02,
2026-10-01,SPY,SPY261008C00758000,CALL,758.0,2026-10-08,133,5,107464,BAJISTA,BID,NO CONFIRMADA,58.0,2026-10-02,
2026-10-01,SPY,SPY261012C00769000,CALL,769.0,2026-10-12,219,210,79716,ALCISTA,ASK,NO CONFIRMADA,285.0,2026-10-02,
2026-10-01,SPY,SPY261013C00772000,CALL,772.0,2026-10-13,214,148,61418,ALCISTA,ASK,NO CONFIRMADA,223.0,2026-10-02,
2026-10-01,SPY,SPY261013P00766000,PUT,766.0,2026-10-13,119,43,118643,BAJISTA,ASK,CONFIRMADA,136.0,2026-10-02,
2026-10-01,SPY,SPY261007C00730000,CALL,730.0,2026-10-07,249,14,831411,ALCISTA,MID,NO CONFIRMADA,29.0,2026-10-02,
2026-10-01,SPY,SPY261012C00768000,CALL,768.0,2026-10-12,518,445,202020,BAJISTA,BID,NO CONFIRMADA,438.0,2026-10-02,
2026-10-01,SPY,SPY261006P00756000,PUT,756.0,2026-10-06,623,279,120239,ALCISTA,BID,NO CONFIRMADA,344.0,2026-10-02,
2026-10-01,SPY,SPY261007C00734000,CALL,734.0,2026-10-07,194,19,558720,BAJISTA,BID,NO CONFIRMADA,84.0,2026-10-02,
2026-10-01,SPY,SPY261009C00752000,CALL,752.0,2026-10-09,519,333,726600,ALCISTA,MID,NO CONFIRMADA,332.0,2026-10-02,
2026-10-01,SPY,SPY261008C00770000,CALL,770.0,2026-10-08,867,728,193341,BAJISTA,BID,NO CONFIRMADA,887.0,2026-10-02,
2026-10-01,SPY,SPY261006C00774000,CALL,774.0,2026-10-06,890,571,51620,ALCISTA,ASK,NO CONFIRMADA,677.0,2026-10-02,
2026-10-01,SPY,SPY261001C00733000,CALL,733.0,2026-10-01,408,137,1181160,BAJISTA,BID,VENCIDA,,2026-10-02,
2026-10-01,SPY,SPY261009P00727000,PUT,727.0,2026-10-09,1267,931,57015,BAJISTA,ASK,CONFIRMADA,1898.0,2026-10-02,
2026-10-01,SPY,SPY261001C00748000,CALL,748.0,2026-10-01,690,183,862500,BAJISTA,BID,VENCIDA,,2026-10-02,
2026-10-01,SPY,SPY261023C00759000,CALL,759.0,2026-10-23,648,631,855360,BAJISTA,BID,NO CONFIRMADA,710.0,2026-10-02,
2026-10-01,SPY,SPY261002P00779000,PUT,779.0,2026-10-02,327,14,526797,ALCISTA,BID,NO CONFIRMADA,48.0,2026-10-02,
2026-10-01,SPY,SPY261006P00747000,PUT,747.0,2026-10-06,694,470,51356,BAJISTA,ASK,NO CONFIRMADA,768.0,2026-10-02,
2026-10-01,SPY,SPY261001C00690000,CALL,690.0,2026-10-01,303,132,2203416,ALCISTA,MID,VENCIDA,,2026-10-02,
2026-10-01,SPY,SPY261130C00791000,CALL,791.0,2026-11-30,389,244,240791,BAJISTA,BID,CONFIRMADA,505.0,2026-10-02,
2026-10-01,SPY,SPY261008P00745000,PUT,745.0,2026-10-08,552,494,65136,BAJISTA,ASK,NO CONFIRMADA,664.0,2026-10-02,
2026-10-01,SPY,SPY261006C00749000,CALL,749.0,2026-10-06,192,69,271296,BAJISTA,BID,CONFIRMADA,225.0,2026-10-02,
2026-10-01,SPY,SPY261005C00771000,CALL,771.0,2026-10-05,2156,1472,157388,BAJISTA,BID,NO CONFIRMADA,2095.0,2026-10-02,
2026-10-01,SPY,SPY261005C00755000,CALL,755.0,2026-10-05,497,304,433384,BAJISTA,BID,NO CONFIRMADA,489.0,2026-10-02,
2026-10-01,SPY,SPY261106P00722000,PUT,722.0,2026-11-06,171,85,66690,BAJISTA,ASK,CONFIRMADA,210.0,2026-10-02,
2026-10-01,SPY,SPY261007P00763000,PUT,763.0,2026-10-07,649,259,299189,ALCISTA,BID,NO CONFIRMADA,419.0,2026-10-02,
2026-10-01,SPY,SPY261231P00724000,PUT,724.0,2026-12-31,170,153,182070,BAJISTA,ASK,CONFIRMADA,323.0,2026-10-02,
2026-10-01,SPY,SPY261218C00799000,CALL,799.0,2026-12-18,469,257,316106,BAJISTA,BID,CONFIRMADA,641.0,2026-10-02,
2026-10-01,SPY,SPY261013C00773000,CALL,773.0,2026-10-13,237,228,60909,ALCISTA,ASK,NO CONFIRMADA,235.0,2026-10-02,
2026-10-01,SPY,SPY261014P00765000,PUT,765.0,2026-10-14,265,255,222865,BAJISTA,ASK,NO CONFIRMADA,334.0,2026-10-02,
2026-10-01,SPY,SPY261008C00750000,CALL,750.0,2026-10-08,124,35,174964,BAJISTA,BID,NO CONFIRMADA,66.0,2026-10-02,
2026-10-01,SPY,SPY261130P00719000,PUT,719.0,2026-11-30,122,75,75762,BAJISTA,ASK,CONFIRMADA,188.0,2026-10-02,
2026-10-01,SPY,SPY261006P00763000,PUT,763.0,2026-10-06,1166,539,487388,BAJISTA,MID,NO CONFIRMADA,969.0,2026-10-02,
2026-10-01,SPY,SPY261218P00701000,PUT,701.0,2026-12-18,135,56,83565,BAJISTA,ASK,CONFIRMADA,144.0,2026-10-02,
2026-10-01,SPY,SPY261005P00780000,PUT,780.0,2026-10-05,110,12,193270,BAJISTA,ASK,NO CONFIRMADA,54.0,2026-10-02,
2026-10-01,SPY,SPY261106P00660000,PUT,660.0,2026-11-06,468,226,52416,BAJISTA,ASK,NO CONFIRMADA,458.0,2026-10-02,
2026-10-01,SPY,SPY261218C00769000,CALL,769.0,2026-12-18,156,93,303420,BAJISTA,BID,CONFIRMADA,290.0,2026-10-02,
2026-10-01,SPY,SPY261218C00793000,CALL,793.0,2026-12-18,321,172,276702,BAJISTA,BID,CONFIRMADA,376.0,2026-10-02,
2026-10-01,SPY,SPY261001C00718000,CALL,718.0,2026-10-01,305,142,1335595,BAJISTA,BID,VENCIDA,,2026-10-02,
2026-10-01,SPY,SPY261218C00794000,CALL,794.0,2026-12-18,395,278,327060,BAJISTA,BID,CONFIRMADA,569.0,2026-10-02,
2026-10-01,SPY,SPY261218P00738000,PUT,738.0,2026-12-18,113,82,130515,BAJISTA,ASK,CONFIRMADA,204.0,2026-10-02,
2026-10-01,SPY,SPY261002C00729000,CALL,729.0,2026-10-02,236,168,804996,ALCISTA,ASK,NO CONFIRMADA,250.0,2026-10-02,
2026-10-01,SPY,SPY261001P00779000,PUT,779.0,2026-10-01,261,1,422820,ALCISTA,BID,VENCIDA,,2026-10-02,
2026-10-01,SPY,SPY261007P00746000,PUT,746.0,2026-10-07,1048,499,88032,ALCISTA,BID,NO CONFIRMADA,501.0,2026-10-02,
2026-10-01,SPY,SPY261106P00705000,PUT,705.0,2026-11-06,365,351,89060,BAJISTA,ASK,NO CONFIRMADA,355.0,2026-10-02,
2026-10-01,SPY,SPY261030C00762000,CALL,762.0,2026-10-30,422,291,576030,BAJISTA,BID,CONFIRMADA,655.0,2026-10-02,
2026-10-01,SPY,SPY261007C00732000,CALL,732.0,2026-10-07,135,20,413235,BAJISTA,BID,NO CONFIRMADA,24.0,2026-10-02,
2026-10-01,SPY,SPY261106C00766000,CALL,766.0,2026-11-06,122,60,149816,BAJISTA,BID,NO CONFIRMADA,96.0,2026-10-02,
2026-10-01,SPY,SPY261005C00775000,CALL,775.0,2026-10-05,4398,2608,105552,BAJISTA,BID,NO CONFIRMADA,3588.0,2026-10-02,
2026-10-01,SPY,SPY261009C00753000,CALL,753.0,2026-10-09,168,61,199920,BAJISTA,BID,CONFIRMADA,162.0,2026-10-02,
2026-10-01,SPY,SPY261008P00753000,PUT,753.0,2026-10-08,719,415,157461,BAJISTA,MID,NO CONFIRMADA,571.0,2026-10-02,
2026-10-01,SPY,SPY261106C00778000,CALL,778.0,2026-11-06,108,35,73548,BAJISTA,BID,CONFIRMADA,129.0,2026-10-02,
2026-10-01,SPY,SPY261001C00731000,CALL,731.0,2026-10-01,190,110,604580,ALCISTA,ASK,VENCIDA,,2026-10-02,
2026-10-01,SPY,SPY261001P00772000,PUT,772.0,2026-10-01,628,166,580272,ALCISTA,BID,VENCIDA,,2026-10-02,
2026-10-01,SPY,SPY270617P00330000,PUT,330.0,2027-06-17,730,188,74460,ALCISTA,BID,CONFIRMADA,899.0,2026-10-02,
2026-10-01,SPY,SPY261008C00730000,CALL,730.0,2026-10-08,152,3,512392,ALCISTA,MID,NO CONFIRMADA,9.0,2026-10-02,
2026-10-01,SPY,SPY261005C00756000,CALL,756.0,2026-10-05,287,137,232470,BAJISTA,BID,CONFIRMADA,460.0,2026-10-02,
2026-10-01,SPY,SPY261001C00744000,CALL,744.0,2026-10-01,537,234,987006,BAJISTA,BID,VENCIDA,,2026-10-02,
2026-10-01,SPY,SPY261106C00780000,CALL,780.0,2026-11-06,259,200,162911,BAJISTA,BID,CONFIRMADA,364.0,2026-10-02,
2026-10-01,SPY,SPY261001C00729000,CALL,729.0,2026-10-01,273,113,914550,BAJISTA,BID,VENCIDA,,2026-10-02,
2026-10-01,SPY,SPY261008C00733000,CALL,733.0,2026-10-08,106,2,314820,BAJISTA,BID,NO CONFIRMADA,9.0,2026-10-02,
2026-10-01,SPY,SPY261002C00670000,CALL,670.0,2026-10-02,105,33,975555,ALCISTA,MID,NO CONFIRMADA,33.0,2026-10-02,
2026-10-01,SPY,SPY261007C00733000,CALL,733.0,2026-10-07,105,11,311115,BAJISTA,BID,NO CONFIRMADA,10.0,2026-10-02,
2026-10-01,SPY,SPY261006C00747000,CALL,747.0,2026-10-06,138,48,231702,ALCISTA,MID,CONFIRMADA,153.0,2026-10-02,
2026-10-01,SPY,SPY261002P00778000,PUT,778.0,2026-10-02,276,65,415104,ALCISTA,BID,NO CONFIRMADA,58.0,2026-10-02,
2026-10-01,SPY,SPY261001P00780000,PUT,780.0,2026-10-01,175,1,300300,ALCISTA,BID,VENCIDA,,2026-10-02,
2026-10-01,SPY,SPY261008C00734000,CALL,734.0,2026-10-08,105,0,296835,BAJISTA,BID,NO CONFIRMADA,12.0,2026-10-02,
2026-10-01,SPY,SPY261006C00756000,CALL,756.0,2026-10-06,285,164,237405,BAJISTA,BID,NO CONFIRMADA,134.0,2026-10-02,
2026-10-01,SPY,SPY261007C00779000,CALL,779.0,2026-10-07,1995,1036,53865,BAJISTA,BID,NO CONFIRMADA,1407.0,2026-10-02,
2026-10-01,SPY,SPY261008C00735000,CALL,735.0,2026-10-08,151,1,431558,ALCISTA,MID,NO CONFIRMADA,13.0,2026-10-02,
2026-10-01,SPY,SPY261001C00743000,CALL,743.0,2026-10-01,466,152,918952,ALCISTA,MID,VENCIDA,,2026-10-02,
2026-10-01,SPY,SPY261007C00723000,CALL,723.0,2026-10-07,106,3,424636,ALCISTA,MID,NO CONFIRMADA,42.0,2026-10-02,
2026-10-01,SPY,SPY261007C00738000,CALL,738.0,2026-10-07,112,11,278432,BAJISTA,BID,NO CONFIRMADA,56.0,2026-10-02,
2026-10-01,SPY,SPY261007C00757000,CALL,757.0,2026-10-07,276,173,234048,BAJISTA,BID,NO CONFIRMADA,212.0,2026-10-02,
2026-10-01,SPY,SPY261130C00801000,CALL,801.0,2026-11-30,365,303,140525,BAJISTA,BID,CONFIRMADA,498.0,2026-10-02,
2026-10-01,SPY,SPY261002P00780000,PUT,780.0,2026-10-02,340,108,581740,ALCISTA,BID,NO CONFIRMADA,100.0,2026-10-02,
2026-10-01,SPY,SPY261023C00798000,CALL,798.0,2026-10-23,2441,1416,102522,BAJISTA,BID,NO CONFIRMADA,1277.0,2026-10-02,
2026-10-01,SPY,SPY261023C00762000,CALL,762.0,2026-10-23,352,278,390016,BAJISTA,BID,NO CONFIRMADA,353.0,2026-10-02,
2026-10-01,SPY,SPY261008C00736000,CALL,736.0,2026-10-08,140,2,389340,ALCISTA,MID,NO CONFIRMADA,14.0,2026-10-02,
2026-10-01,SPY,SPY261002C00715000,CALL,715.0,2026-10-02,347,266,1643045,ALCISTA,MID,NO CONFIRMADA,240.0,2026-10-02,
2026-10-01,SPY,SPY261006C00742000,CALL,742.0,2026-10-06,228,52,492480,ALCISTA,MID,NO CONFIRMADA,143.0,2026-10-02,
2026-10-01,SPY,SPY261002C00741000,CALL,741.0,2026-10-02,176,44,370304,BAJISTA,BID,NO CONFIRMADA,44.0,2026-10-02,
2026-10-01,SPY,SPY261005P00747000,PUT,747.0,2026-10-05,1590,1175,58830,ALCISTA,BID,NO CONFIRMADA,1172.0,2026-10-02,
2026-10-01,SPY,SPY261001C00750000,CALL,750.0,2026-10-01,805,543,974855,BAJISTA,BID,VENCIDA,,2026-10-02,
2026-10-01,SPY,SPY261001C00720000,CALL,720.0,2026-10-01,171,73,698193,BAJISTA,BID,VENCIDA,,2026-10-02,
2026-10-01,SPY,SPY261007C00740000,CALL,740.0,2026-10-07,100,16,229300,BAJISTA,BID,NO CONFIRMADA,38.0,2026-10-02,
2026-10-01,SPY,SPY261007C00735000,CALL,735.0,2026-10-07,126,17,351288,ALCISTA,MID,NO CONFIRMADA,31.0,2026-10-02,
2026-10-01,SPY,SPY261002P00748000,PUT,748.0,2026-10-02,6128,5106,61280,ALCISTA,BID,NO CONFIRMADA,6253.0,2026-10-02,
2026-10-01,SPY,SPY261006C00741000,CALL,741.0,2026-10-06,183,40,404430,ALCISTA,MID,NO CONFIRMADA,76.0,2026-10-02,
2026-10-01,SPY,SPY261008C00771000,CALL,771.0,2026-10-08,332,281,59760,BAJISTA,BID,NO CONFIRMADA,281.0,2026-10-02,
2026-10-01,SPY,SPY261005P00773000,PUT,773.0,2026-10-05,365,262,422670,BAJISTA,ASK,NO CONFIRMADA,440.0,2026-10-02,
2026-10-01,SPY,SPY261006C00773000,CALL,773.0,2026-10-06,854,691,53802,BAJISTA,BID,NO CONFIRMADA,877.0,2026-10-02,
2026-10-01,SPY,SPY261006C00737000,CALL,737.0,2026-10-06,121,29,296571,BAJISTA,BID,NO CONFIRMADA,38.0,2026-10-02,
2026-10-01,SPY,SPY261001C00728000,CALL,728.0,2026-10-01,254,168,862076,BAJISTA,BID,VENCIDA,,2026-10-02,
2026-10-01,SPY,SPY261002C00724000,CALL,724.0,2026-10-02,250,233,954250,BAJISTA,BID,CONFIRMADA,382.0,2026-10-02,
2026-10-01,SPY,SPY261106C00776000,CALL,776.0,2026-11-06,110,92,86570,BAJISTA,BID,NO CONFIRMADA,113.0,2026-10-02,
2026-10-01,SPY,SPY261005C00746000,CALL,746.0,2026-10-05,546,270,922194,ALCISTA,MID,NO CONFIRMADA,387.0,2026-10-02,
2026-10-01,SPY,SPY261006C00735000,CALL,735.0,2026-10-06,126,36,339570,BAJISTA,BID,NO CONFIRMADA,71.0,2026-10-02,
2026-10-01,SPY,SPY261001C00746000,CALL,746.0,2026-10-01,498,378,786342,BAJISTA,BID,VENCIDA,,2026-10-02,
2026-10-01,SPY,SPY261002C00695000,CALL,695.0,2026-10-02,102,62,686052,BAJISTA,BID,NO CONFIRMADA,47.0,2026-10-02,
2026-10-01,SPY,SPY261001C00749000,CALL,749.0,2026-10-01,487,238,585374,BAJISTA,BID,VENCIDA,,2026-10-02,
2026-10-01,SPY,SPY261002C00751000,CALL,751.0,2026-10-02,597,231,696699,ALCISTA,MID,NO CONFIRMADA,332.0,2026-10-02,
2026-10-01,SPY,SPY261218C00762000,CALL,762.0,2026-12-18,163,139,395275,BAJISTA,BID,NO CONFIRMADA,161.0,2026-10-02,
2026-10-01,SPY,SPY261005C00744000,CALL,744.0,2026-10-05,279,92,539028,ALCISTA,MID,CONFIRMADA,267.0,2026-10-02,
2026-10-01,SPY,SPY261001C00745000,CALL,745.0,2026-10-01,448,404,735168,BAJISTA,BID,VENCIDA,,2026-10-02,
2026-10-01,SPY,SPY261002C00690000,CALL,690.0,2026-10-02,103,101,728828,BAJISTA,BID,NO CONFIRMADA,99.0,2026-10-02,
2026-10-01,SPY,SPY261005P00774000,PUT,774.0,2026-10-05,388,203,431456,ALCISTA,BID,NO CONFIRMADA,245.0,2026-10-02,
2026-10-01,SPY,SPY261001C00705000,CALL,705.0,2026-10-01,106,101,602080,BAJISTA,BID,VENCIDA,,2026-10-02,
2026-10-01,SPY,SPY261005C00743000,CALL,743.0,2026-10-05,202,69,410262,ALCISTA,MID,NO CONFIRMADA,87.0,2026-10-02,
2026-10-01,SPY,SPY261002C00748000,CALL,748.0,2026-10-02,291,144,394014,BAJISTA,BID,CONFIRMADA,305.0,2026-10-02,
2026-10-01,SPY,SPY261001C00740000,CALL,740.0,2026-10-01,237,181,519267,BAJISTA,BID,VENCIDA,,2026-10-02,
2026-10-01,SPY,SPY261001C00724000,CALL,724.0,2026-10-01,134,107,507056,BAJISTA,BID,VENCIDA,,2026-10-02,
2026-10-01,SPY,SPY261005C00735000,CALL,735.0,2026-10-05,139,82,379470,BAJISTA,BID,NO CONFIRMADA,84.0,2026-10-02,
2026-10-01,SPY,SPY261006C00740000,CALL,740.0,2026-10-06,109,31,254297,ALCISTA,MID,NO CONFIRMADA,35.0,2026-10-02,
2026-10-01,SPY,SPY261006C00738000,CALL,738.0,2026-10-06,103,43,239269,BAJISTA,BID,NO CONFIRMADA,68.0,2026-10-02,
2026-10-01,SPY,SPY261001C00738000,CALL,738.0,2026-10-01,144,99,342288,BAJISTA,BID,VENCIDA,,2026-10-02,
2026-10-01,SPY,SPY261001C00739000,CALL,739.0,2026-10-01,147,119,325752,BAJISTA,BID,VENCIDA,,2026-10-02,
2026-10-01,SPY,SPY261005C00741000,CALL,741.0,2026-10-05,130,58,281320,ALCISTA,MID,NO CONFIRMADA,63.0,2026-10-02,
2026-10-01,SPY,SPY261005C00732000,CALL,732.0,2026-10-05,102,71,312222,ALCISTA,MID,CONFIRMADA,127.0,2026-10-02,
2026-10-01,SPX,SPXW261001C07660000,CALL,7660.0,2026-10-01,67121,810,58999359,ALCISTA,ASK,VENCIDA,,2026-10-02,
2026-10-01,SPX,SPXW261001C07665000,CALL,7665.0,2026-10-01,52863,556,35418210,ALCISTA,ASK,VENCIDA,,2026-10-02,
2026-10-01,SPX,SPXW261001C07670000,CALL,7670.0,2026-10-01,65189,929,32594500,ALCISTA,ASK,VENCIDA,,2026-10-02,
2026-10-01,SPX,SPXW261001P07650000,PUT,7650.0,2026-10-01,41444,4213,30668560,BAJISTA,ASK,VENCIDA,,2026-10-02,
2026-10-01,SPX,SPXW261001C07675000,CALL,7675.0,2026-10-01,56449,1662,20886130,ALCISTA,ASK,VENCIDA,,2026-10-02,
2026-10-01,SPX,SPXW261001C07680000,CALL,7680.0,2026-10-01,58157,862,15120820,ALCISTA,ASK,VENCIDA,,2026-10-02,
2026-10-01,SPX,SPXW261001C07685000,CALL,7685.0,2026-10-01,41426,1038,7663810,ALCISTA,ASK,VENCIDA,,2026-10-02,
2026-10-01,SPX,SPXW261001P07615000,PUT,7615.0,2026-10-01,53644,1961,4827960,BAJISTA,ASK,VENCIDA,,2026-10-02,
2026-10-01,SPX,SPXW261001C07700000,CALL,7700.0,2026-10-01,60768,4573,3949920,ALCISTA,ASK,VENCIDA,,2026-10-02,
2026-10-01,SPX,SPXW261001P07600000,PUT,7600.0,2026-10-01,108813,3711,3808455,BAJISTA,ASK,VENCIDA,,2026-10-02,
2026-10-01,SPX,SPXW261006P07545000,PUT,7545.0,2026-10-06,2531,203,3168812,BAJISTA,ASK,CONFIRMADA,2633.0,2026-10-02,
2026-10-01,SPX,SPXW261001C07695000,CALL,7695.0,2026-10-01,32128,1260,2891520,ALCISTA,ASK,VENCIDA,,2026-10-02,
2026-10-01,SPX,SPXW261002C07680000,CALL,7680.0,2026-10-02,3398,731,5742620,ALCISTA,ASK,NO CONFIRMADA,1891.0,2026-10-02,
2026-10-01,SPX,SPXW261009C07745000,CALL,7745.0,2026-10-09,1235,196,2709590,ALCISTA,ASK,CONFIRMADA,1295.0,2026-10-02,
2026-10-01,SPX,SPXW261002C07670000,CALL,7670.0,2026-10-02,1878,415,4017042,ALCISTA,ASK,CONFIRMADA,1675.0,2026-10-02,
2026-10-01,SPX,SPXW261008C07750000,CALL,7750.0,2026-10-08,1786,377,2841526,ALCISTA,ASK,CONFIRMADA,1936.0,2026-10-02,
2026-10-01,SPX,SPXW261006P07625000,PUT,7625.0,2026-10-06,1435,331,4376750,BAJISTA,ASK,CONFIRMADA,1485.0,2026-10-02,
2026-10-01,SPX,SPXW261106P06825000,PUT,6825.0,2026-11-06,8883,22,14195034,BAJISTA,ASK,CONFIRMADA,7261.0,2026-10-02,
2026-10-01,SPX,SPXW261106P06800000,PUT,6800.0,2026-11-06,8857,758,13489211,BAJISTA,ASK,CONFIRMADA,7611.0,2026-10-02,
2026-10-01,SPX,SPXW261127P07000000,PUT,7000.0,2026-11-27,1300,4,5284500,BAJISTA,ASK,CONFIRMADA,1805.0,2026-10-02,
2026-10-01,SPX,SPXW261022P06800000,PUT,6800.0,2026-10-22,3001,106,1551517,BAJISTA,ASK,CONFIRMADA,3025.0,2026-10-02,
2026-10-01,SPX,SPXW261001C07705000,CALL,7705.0,2026-10-01,29532,1871,1476600,ALCISTA,ASK,VENCIDA,,2026-10-02,
2026-10-01,SPX,SPXW261001P07640000,PUT,7640.0,2026-10-01,55652,2358,23373840,ALCISTA,BID,VENCIDA,,2026-10-02,
2026-10-01,SPX,SPXW261001P07645000,PUT,7645.0,2026-10-01,38023,860,21292880,ALCISTA,BID,VENCIDA,,2026-10-02,
2026-10-01,SPX,SPXW261001P07635000,PUT,7635.0,2026-10-01,59839,1996,18550090,ALCISTA,BID,VENCIDA,,2026-10-02,
2026-10-01,SPX,SPXW261001P07620000,PUT,7620.0,2026-10-01,91271,2003,11135062,ALCISTA,BID,VENCIDA,,2026-10-02,
2026-10-01,SPX,SPXW261001P07625000,PUT,7625.0,2026-10-01,61937,2347,10529290,ALCISTA,BID,VENCIDA,,2026-10-02,
2026-10-01,SPX,SPXW261001C07690000,CALL,7690.0,2026-10-01,42762,1007,5345250,BAJISTA,BID,VENCIDA,,2026-10-02,
2026-10-01,SPX,SPXW261231P07395000,PUT,7395.0,2026-12-31,381,57,4931664,BAJISTA,ASK,CONFIRMADA,395.0,2026-10-02,
2026-10-01,SPX,SPXW261009C07665000,CALL,7665.0,2026-10-09,763,88,4116385,BAJISTA,BID,NO CONFIRMADA,400.0,2026-10-02,
2026-10-01,SPX,SPXW261231P07095000,PUT,7095.0,2026-12-31,380,74,3082560,BAJISTA,ASK,CONFIRMADA,454.0,2026-10-02,
2026-10-01,SPX,SPXW261007C07715000,CALL,7715.0,2026-10-07,1286,193,2816340,BAJISTA,BID,NO CONFIRMADA,446.0,2026-10-02,
2026-10-01,SPX,SPXW261002C07675000,CALL,7675.0,2026-10-02,2073,764,3996744,ALCISTA,ASK,CONFIRMADA,2639.0,2026-10-02,
2026-10-01,SPX,SPXW261008C07675000,CALL,7675.0,2026-10-08,748,156,3012196,BAJISTA,BID,CONFIRMADA,796.0,2026-10-02,
2026-10-01,SPX,SPXW261001C07640000,CALL,7640.0,2026-10-01,56967,388,122479050,ALCISTA,ASK,VENCIDA,,2026-10-02,
2026-10-01,SPX,SPXW261001C07635000,CALL,7635.0,2026-10-01,40906,247,104596642,ALCISTA,ASK,VENCIDA,,2026-10-02,
2026-10-01,SPX,SPXW261001C07630000,CALL,7630.0,2026-10-01,31681,304,93142140,ALCISTA,ASK,VENCIDA,,2026-10-02,
2026-10-01,SPX,SPXW261001C07645000,CALL,7645.0,2026-10-01,49413,1614,87461010,ALCISTA,ASK,VENCIDA,,2026-10-02,
2026-10-01,SPX,SPXW261001C07655000,CALL,7655.0,2026-10-01,53983,375,61270705,ALCISTA,ASK,VENCIDA,,2026-10-02,
2026-10-01,SPX,SPXW261001P07660000,PUT,7660.0,2026-10-01,19221,1608,23065200,BAJISTA,ASK,VENCIDA,,2026-10-02,
2026-10-01,SPX,SPXW261001P07670000,PUT,7670.0,2026-10-01,10345,1738,18827900,BAJISTA,ASK,VENCIDA,,2026-10-02,
2026-10-01,SPX,SPXW261008P07725000,PUT,7725.0,2026-10-08,1006,100,9561024,BAJISTA,ASK,CONFIRMADA,1080.0,2026-10-02,
2026-10-01,SPX,SPXW261002C07580000,CALL,7580.0,2026-10-02,1097,82,9389223,ALCISTA,ASK,NO CONFIRMADA,407.0,2026-10-02,
2026-10-01,SPX,SPXW261002C07635000,CALL,7635.0,2026-10-02,2192,166,9272160,ALCISTA,ASK,NO CONFIRMADA,373.0,2026-10-02,
2026-10-01,SPX,SPXW261002C07585000,CALL,7585.0,2026-10-02,1038,58,8437902,ALCISTA,ASK,NO CONFIRMADA,366.0,2026-10-02,
2026-10-01,SPX,SPXW261002C07630000,CALL,7630.0,2026-10-02,1644,253,7628160,ALCISTA,ASK,NO CONFIRMADA,429.0,2026-10-02,
2026-10-01,SPX,SPXW261006P07685000,PUT,7685.0,2026-10-06,891,151,4924557,BAJISTA,ASK,CONFIRMADA,667.0,2026-10-02,
2026-10-01,SPX,SPXW261005C07635000,CALL,7635.0,2026-10-05,685,66,3534600,ALCISTA,ASK,NO CONFIRMADA,327.0,2026-10-02,
2026-10-01,SPX,SPX270219P07040000,PUT,7040.0,2027-02-19,200,0,2281400,BAJISTA,ASK,CONFIRMADA,310.0,2026-10-02,
2026-10-01,SPX,SPXW261007C07670000,CALL,7670.0,2026-10-07,585,73,2252250,BAJISTA,BID,CONFIRMADA,665.0,2026-10-02,
2026-10-01,SPX,SPXW261005C07630000,CALL,7630.0,2026-10-05,486,64,2668140,ALCISTA,ASK,NO CONFIRMADA,144.0,2026-10-02,
2026-10-01,SPX,SPXW261001P07655000,PUT,7655.0,2026-10-01,22362,1027,21132090,BAJISTA,MID,VENCIDA,,2026-10-02,
2026-10-01,SPX,SPXW261001P07630000,PUT,7630.0,2026-10-01,73641,1787,17452917,BAJISTA,MID,VENCIDA,,2026-10-02,
2026-10-01,SPX,SPXW261002C07660000,CALL,7660.0,2026-10-02,1920,328,5088000,ALCISTA,MID,NO CONFIRMADA,741.0,2026-10-02,
2026-10-01,SPX,SPXW261001P07610000,PUT,7610.0,2026-10-01,57980,2875,3594760,BAJISTA,MID,VENCIDA,,2026-10-02,
2026-10-01,SPX,SPXW261007C07710000,CALL,7710.0,2026-10-07,1133,229,2179892,BAJISTA,BID,NO CONFIRMADA,492.0,2026-10-02,
2026-10-01,SPX,SPXW261005C07620000,CALL,7620.0,2026-10-05,463,101,2884490,ALCISTA,ASK,NO CONFIRMADA,219.0,2026-10-02,
2026-10-01,SPX,SPXW261008P07600000,PUT,7600.0,2026-10-08,836,364,2658480,BAJISTA,ASK,CONFIRMADA,1034.0,2026-10-02,
2026-10-01,SPX,SPXW261002P07620000,PUT,7620.0,2026-10-02,2112,1048,2914560,BAJISTA,ASK,CONFIRMADA,2824.0,2026-10-02,
2026-10-01,SPX,SPXW261027C07660000,CALL,7660.0,2026-10-27,276,19,2874816,BAJISTA,BID,NO CONFIRMADA,142.0,2026-10-02,
2026-10-01,SPX,SPX270115C07910000,CALL,7910.0,2027-01-15,130,4,1976780,ALCISTA,ASK,CONFIRMADA,127.0,2026-10-02,
2026-10-01,SPX,SPXW261002P07640000,PUT,7640.0,2026-10-02,2606,1461,5167698,BAJISTA,ASK,NO CONFIRMADA,1628.0,2026-10-02,
2026-10-01,SPX,SPXW261009C07770000,CALL,7770.0,2026-10-09,3292,1913,4914956,ALCISTA,ASK,CONFIRMADA,4489.0,2026-10-02,
2026-10-01,SPX,SPXW261002C07710000,CALL,7710.0,2026-10-02,2965,1113,2155555,ALCISTA,ASK,CONFIRMADA,2735.0,2026-10-02,
2026-10-01,SPX,SPXW261127P06000000,PUT,6000.0,2026-11-27,1298,0,1291510,BAJISTA,ASK,CONFIRMADA,1298.0,2026-10-02,
2026-10-01,SPX,SPXW261027C07925000,CALL,7925.0,2026-10-27,1879,142,2630600,BAJISTA,BID,CONFIRMADA,1997.0,2026-10-02,
2026-10-01,SPX,SPX261218P07195000,PUT,7195.0,2026-12-18,205,1,1629750,BAJISTA,ASK,CONFIRMADA,206.0,2026-10-02,
2026-10-01,SPX,SPXW261015P07645000,PUT,7645.0,2026-10-15,102,12,749292,BAJISTA,ASK,CONFIRMADA,73.0,2026-10-02,
2026-10-01,SPX,SPXW261013P07500000,PUT,7500.0,2026-10-13,813,355,2093475,BAJISTA,ASK,CONFIRMADA,1141.0,2026-10-02,
2026-10-01,SPX,SPXW261002P07650000,PUT,7650.0,2026-10-02,3660,3173,8674200,BAJISTA,ASK,NO CONFIRMADA,3564.0,2026-10-02,
2026-10-01,SPX,SPXW261002C07685000,CALL,7685.0,2026-10-02,1969,595,2874740,BAJISTA,BID,CONFIRMADA,1904.0,2026-10-02,
2026-10-01,SPX,SPXW261006C07725000,CALL,7725.0,2026-10-06,1053,183,1485783,BAJISTA,BID,CONFIRMADA,985.0,2026-10-02,
2026-10-01,SPX,SPXW270630C07780000,CALL,7780.0,2027-06-30,240,0,11333520,BAJISTA,BID,NO CONFIRMADA,111.0,2026-10-02,
2026-10-01,SPX,SPX270115C07765000,CALL,7765.0,2027-01-15,180,5,3828600,BAJISTA,BID,CONFIRMADA,187.0,2026-10-02,
2026-10-01,SPX,SPXW261001P07605000,PUT,7605.0,2026-10-01,44589,1825,2095683,BAJISTA,MID,VENCIDA,,2026-10-02,
2026-10-01,SPX,SPXW261007P07665000,PUT,7665.0,2026-10-07,531,144,2814300,BAJISTA,ASK,CONFIRMADA,655.0,2026-10-02,
2026-10-01,SPX,SPXW270226P06700000,PUT,6700.0,2027-02-26,173,33,1417562,BAJISTA,ASK,CONFIRMADA,206.0,2026-10-02,
2026-10-01,SPX,SPXW261002C07705000,CALL,7705.0,2026-10-02,2928,823,2430240,BAJISTA,BID,CONFIRMADA,2377.0,2026-10-02,
2026-10-01,SPX,SPXW261029P07620000,PUT,7620.0,2026-10-29,100,1,948000,BAJISTA,ASK,CONFIRMADA,101.0,2026-10-02,
2026-10-01,SPX,SPXW270226P06675000,PUT,6675.0,2027-02-26,173,16,1380367,BAJISTA,ASK,CONFIRMADA,189.0,2026-10-02,
2026-10-01,SPX,SPX261218P07295000,PUT,7295.0,2026-12-18,140,12,1377180,BAJISTA,ASK,CONFIRMADA,152.0,2026-10-02,
2026-10-01,SPX,SPXW261002C07725000,CALL,7725.0,2026-10-02,5323,3596,2342120,ALCISTA,ASK,NO CONFIRMADA,4450.0,2026-10-02,
2026-10-01,SPX,SPXW261008P07630000,PUT,7630.0,2026-10-08,304,102,1325440,BAJISTA,ASK,CONFIRMADA,367.0,2026-10-02,
2026-10-01,SPX,SPXW261001C07720000,CALL,7720.0,2026-10-01,29651,1639,593020,ALCISTA,ASK,VENCIDA,,2026-10-02,
2026-10-01,SPX,SPXW261002C07730000,CALL,7730.0,2026-10-02,2312,593,901680,ALCISTA,ASK,CONFIRMADA,2310.0,2026-10-02,
2026-10-01,SPX,SPXW261002C07665000,CALL,7665.0,2026-10-02,1291,355,3086781,ALCISTA,MID,NO CONFIRMADA,690.0,2026-10-02,
2026-10-01,SPX,SPXW270226P06925000,PUT,6925.0,2027-02-26,120,19,1259760,BAJISTA,ASK,CONFIRMADA,92.0,2026-10-02,
2026-10-01,SPX,SPXW270226P07075000,PUT,7075.0,2027-02-26,173,49,2153331,BAJISTA,ASK,CONFIRMADA,221.0,2026-10-02,
2026-10-01,SPX,SPXW261001C07650000,CALL,7650.0,2026-10-01,82359,1964,116126190,BAJISTA,BID,VENCIDA,,2026-10-02,
2026-10-01,SPX,SPXW261001C07625000,CALL,7625.0,2026-10-01,20393,248,66889040,BAJISTA,BID,VENCIDA,,2026-10-02,
2026-10-01,SPX,SPX271015P08850000,PUT,8850.0,2027-10-15,220,39,21894400,BAJISTA,ASK,NO CONFIRMADA,113.0,2026-10-02,
2026-10-01,SPX,SPXW261001P07665000,PUT,7665.0,2026-10-01,14807,1299,21647834,ALCISTA,BID,VENCIDA,,2026-10-02,
2026-10-01,SPX,SPXW261009P07745000,PUT,7745.0,2026-10-09,1129,101,11425480,ALCISTA,BID,CONFIRMADA,1197.0,2026-10-02,
2026-10-01,SPX,SPXW261002C07640000,CALL,7640.0,2026-10-02,2521,419,9579800,BAJISTA,BID,NO CONFIRMADA,727.0,2026-10-02,
2026-10-01,SPX,SPXW270930P07650000,PUT,7650.0,2027-09-30,163,65,6410138,BAJISTA,ASK,CONFIRMADA,228.0,2026-10-02,
2026-10-01,SPX,SPXW261005C07550000,CALL,7550.0,2026-10-05,319,45,3448390,BAJISTA,BID,NO CONFIRMADA,129.0,2026-10-02,
2026-10-01,SPX,SPXW261016C07730000,CALL,7730.0,2026-10-16,394,234,1950694,ALCISTA,ASK,CONFIRMADA,552.0,2026-10-02,
2026-10-01,SPX,SPX270219P07780000,PUT,7780.0,2027-02-19,100,0,2978400,BAJISTA,ASK,CONFIRMADA,103.0,2026-10-02,
2026-10-01,SPX,SPXW261002C07695000,CALL,7695.0,2026-10-02,2090,672,2319900,BAJISTA,BID,CONFIRMADA,1904.0,2026-10-02,
2026-10-01,SPX,SPXW261016P07560000,PUT,7560.0,2026-10-16,419,310,2054357,BAJISTA,ASK,CONFIRMADA,664.0,2026-10-02,
2026-10-01,SPX,SPXW261001P07595000,PUT,7595.0,2026-10-01,59562,1847,1608174,BAJISTA,MID,VENCIDA,,2026-10-02,
2026-10-01,SPX,SPXW261106P07650000,PUT,7650.0,2026-11-06,259,214,3197614,BAJISTA,ASK,CONFIRMADA,387.0,2026-10-02,
2026-10-01,SPX,SPXW261002C07620000,CALL,7620.0,2026-10-02,1009,217,4934010,BAJISTA,BID,NO CONFIRMADA,283.0,2026-10-02,
2026-10-01,SPX,SPXW261027C07825000,CALL,7825.0,2026-10-27,1252,399,4382000,BAJISTA,BID,CONFIRMADA,1450.0,2026-10-02,
2026-10-01,SPX,SPXW261022P07370000,PUT,7370.0,2026-10-22,142,0,478824,BAJISTA,ASK,CONFIRMADA,138.0,2026-10-02,
2026-10-01,SPX,SPXW261103C07670000,CALL,7670.0,2026-11-03,125,0,1508250,BAJISTA,BID,CONFIRMADA,125.0,2026-10-02,
2026-10-01,SPX,SPXW261001P07680000,PUT,7680.0,2026-10-01,4811,1065,12330593,ALCISTA,BID,VENCIDA,,2026-10-02,
2026-10-01,SPX,SPXW261102C07680000,CALL,7680.0,2026-11-02,121,40,1466520,ALCISTA,ASK,CONFIRMADA,137.0,2026-10-02,
2026-10-01,SPX,SPXW270630C08190000,CALL,8190.0,2027-06-30,240,20,6129120,ALCISTA,MID,NO CONFIRMADA,131.0,2026-10-02,
2026-10-01,SPX,SPXW261005P07630000,PUT,7630.0,2026-10-05,646,393,1673140,BAJISTA,ASK,NO CONFIRMADA,608.0,2026-10-02,
2026-10-01,SPX,SPXW261002P07645000,PUT,7645.0,2026-10-02,1720,875,3663600,ALCISTA,BID,CONFIRMADA,1917.0,2026-10-02,
2026-10-01,SPX,SPXW261006C07645000,CALL,7645.0,2026-10-06,215,32,1098650,ALCISTA,ASK,NO CONFIRMADA,76.0,2026-10-02,
2026-10-01,SPX,SPX270917P06950000,PUT,6950.0,2027-09-17,700,405,15820000,BAJISTA,ASK,CONFIRMADA,965.0,2026-10-02,
2026-10-01,SPX,SPXW261103P07670000,PUT,7670.0,2026-11-03,129,3,1572123,BAJISTA,ASK,CONFIRMADA,129.0,2026-10-02,
2026-10-01,SPX,SPXW261028P07510000,PUT,7510.0,2026-10-28,100,0,598000,BAJISTA,ASK,CONFIRMADA,100.0,2026-10-02,
2026-10-01,SPX,SPX261218P07290000,PUT,7290.0,2026-12-18,2400,1460,23812800,BAJISTA,ASK,CONFIRMADA,3856.0,2026-10-02,
2026-10-01,SPX,SPXW261120P07640000,PUT,7640.0,2026-11-20,162,106,2232360,BAJISTA,ASK,CONFIRMADA,309.0,2026-10-02,
2026-10-01,SPX,SPXW261002C07750000,CALL,7750.0,2026-10-02,9335,7196,1670965,ALCISTA,ASK,NO CONFIRMADA,9660.0,2026-10-02,
2026-10-01,SPX,SPXW261002C07755000,CALL,7755.0,2026-10-02,3125,696,475000,ALCISTA,ASK,CONFIRMADA,3267.0,2026-10-02,
2026-10-01,SPX,SPXW261007C07675000,CALL,7675.0,2026-10-07,798,466,2992500,BAJISTA,BID,CONFIRMADA,1090.0,2026-10-02,
2026-10-01,SPX,SPXW261008P07675000,PUT,7675.0,2026-10-08,751,377,5354630,BAJISTA,ASK,CONFIRMADA,1016.0,2026-10-02,
2026-10-01,SPX,SPXW261027C07610000,CALL,7610.0,2026-10-27,275,0,3618725,BAJISTA,BID,CONFIRMADA,148.0,2026-10-02,
2026-10-01,SPX,SPXW261002C07645000,CALL,7645.0,2026-10-02,1862,374,6554240,ALCISTA,MID,NO CONFIRMADA,771.0,2026-10-02,
2026-10-01,SPX,SPXW261030P06990000,PUT,6990.0,2026-10-30,501,120,751500,BAJISTA,ASK,CONFIRMADA,621.0,2026-10-02,
2026-10-01,SPX,SPXW261002C07690000,CALL,7690.0,2026-10-02,2092,751,2719600,ALCISTA,MID,NO CONFIRMADA,1473.0,2026-10-02,
2026-10-01,SPX,SPXW270930C08500000,CALL,8500.0,2027-09-30,200,59,4793600,BAJISTA,BID,CONFIRMADA,240.0,2026-10-02,
2026-10-01,SPX,SPXW261006P07650000,PUT,7650.0,2026-10-06,943,673,3564540,ALCISTA,BID,CONFIRMADA,1522.0,2026-10-02,
2026-10-01,SPX,SPXW261005C07660000,CALL,7660.0,2026-10-05,302,141,1099280,ALCISTA,ASK,NO CONFIRMADA,186.0,2026-10-02,
2026-10-01,SPX,SPXW261006C07710000,CALL,7710.0,2026-10-06,604,154,1147600,BAJISTA,BID,CONFIRMADA,624.0,2026-10-02,
2026-10-01,SPX,SPXW261005C07700000,CALL,7700.0,2026-10-05,3801,3035,6727770,BAJISTA,BID,NO CONFIRMADA,2965.0,2026-10-02,
2026-10-01,SPX,SPXW261002P07600000,PUT,7600.0,2026-10-02,6459,5183,5683920,ALCISTA,BID,NO CONFIRMADA,6650.0,2026-10-02,
2026-10-01,SPX,SPXW261009P07720000,PUT,7720.0,2026-10-09,1094,633,9537492,BAJISTA,ASK,CONFIRMADA,1615.0,2026-10-02,
2026-10-01,SPX,SPXW261005P07645000,PUT,7645.0,2026-10-05,476,399,1475600,BAJISTA,ASK,NO CONFIRMADA,376.0,2026-10-02,
2026-10-01,SPX,SPXW261002P07615000,PUT,7615.0,2026-10-02,1119,835,1398750,BAJISTA,ASK,CONFIRMADA,2431.0,2026-10-02,
2026-10-01,SPX,SPX271015P07700000,PUT,7700.0,2027-10-15,107,29,4444994,BAJISTA,ASK,CONFIRMADA,193.0,2026-10-02,
2026-10-01,SPX,SPXW261023C07775000,CALL,7775.0,2026-10-23,818,370,3775070,BAJISTA,BID,CONFIRMADA,1167.0,2026-10-02,
2026-10-01,SPX,SPXW261005P07640000,PUT,7640.0,2026-10-05,473,399,1466300,BAJISTA,ASK,NO CONFIRMADA,437.0,2026-10-02,
2026-10-01,SPX,SPXW261005C07740000,CALL,7740.0,2026-10-05,975,319,711750,ALCISTA,ASK,CONFIRMADA,973.0,2026-10-02,
2026-10-01,SPX,SPX261016P07095000,PUT,7095.0,2026-10-16,500,103,345000,BAJISTA,ASK,CONFIRMADA,597.0,2026-10-02,
2026-10-01,SPX,SPXW261007P07690000,PUT,7690.0,2026-10-07,514,311,3919764,BAJISTA,ASK,CONFIRMADA,661.0,2026-10-02,
2026-10-01,SPX,SPXW261005C07640000,CALL,7640.0,2026-10-05,660,185,3164040,BAJISTA,BID,NO CONFIRMADA,421.0,2026-10-02,
2026-10-01,SPX,SPXW261001P07590000,PUT,7590.0,2026-10-01,51163,2614,1023260,BAJISTA,MID,VENCIDA,,2026-10-02,
2026-10-01,SPX,SPXW261001P07675000,PUT,7675.0,2026-10-01,7910,2224,16848300,ALCISTA,BID,VENCIDA,,2026-10-02,
2026-10-01,SPX,SPXW261005C07720000,CALL,7720.0,2026-10-05,737,302,854920,ALCISTA,ASK,NO CONFIRMADA,507.0,2026-10-02,
2026-10-01,SPX,SPXW261022P07075000,PUT,7075.0,2026-10-22,256,42,298496,BAJISTA,ASK,CONFIRMADA,268.0,2026-10-02,
2026-10-01,SPX,SPXW261002P07635000,PUT,7635.0,2026-10-02,4125,2048,7458000,BAJISTA,MID,NO CONFIRMADA,1631.0,2026-10-02,
2026-10-01,SPX,SPXW261030C07930000,CALL,7930.0,2026-10-30,922,289,1970314,BAJISTA,BID,CONFIRMADA,1172.0,2026-10-02,
2026-10-01,SPX,SPXW270219C08125000,CALL,8125.0,2027-02-19,135,4,1446660,BAJISTA,BID,NO CONFIRMADA,64.0,2026-10-02,
2026-10-01,SPX,SPXW261005C07675000,CALL,7675.0,2026-10-05,1119,972,2842260,BAJISTA,BID,NO CONFIRMADA,624.0,2026-10-02,
2026-10-01,SPX,SPXW261002C07700000,CALL,7700.0,2026-10-02,11176,5944,10963656,ALCISTA,MID,NO CONFIRMADA,7148.0,2026-10-02,
2026-10-01,SPX,SPXW261106P07625000,PUT,7625.0,2026-11-06,159,120,1805127,BAJISTA,ASK,CONFIRMADA,246.0,2026-10-02,
2026-10-01,SPX,SPXW261008C07640000,CALL,7640.0,2026-10-08,119,24,786590,ALCISTA,ASK,CONFIRMADA,92.0,2026-10-02,
2026-10-01,SPX,SPXW261002C07650000,CALL,7650.0,2026-10-02,5066,1528,16109880,BAJISTA,BID,NO CONFIRMADA,1786.0,2026-10-02,
2026-10-01,SPX,SPXW261006C07750000,CALL,7750.0,2026-10-06,1224,741,1059984,ALCISTA,ASK,CONFIRMADA,1364.0,2026-10-02,
2026-10-01,SPX,SPXW261001C07710000,CALL,7710.0,2026-10-01,29090,2712,930880,ALCISTA,MID,VENCIDA,,2026-10-02,
2026-10-01,SPX,SPXW261009C07815000,CALL,7815.0,2026-10-09,1032,144,629520,BAJISTA,BID,CONFIRMADA,1085.0,2026-10-02,
2026-10-01,SPX,SPXW261001P07690000,PUT,7690.0,2026-10-01,2004,1552,6993960,BAJISTA,ASK,VENCIDA,,2026-10-02,
2026-10-01,SPX,SPXW261001C07615000,CALL,7615.0,2026-10-01,5496,101,24083472,ALCISTA,ASK,VENCIDA,,2026-10-02,
2026-10-01,SPX,SPXW261001C07610000,CALL,7610.0,2026-10-01,3733,154,17881070,ALCISTA,ASK,VENCIDA,,2026-10-02,
2026-10-01,SPX,SPXW261001C07595000,CALL,7595.0,2026-10-01,993,87,6305550,ALCISTA,ASK,VENCIDA,,2026-10-02,
2026-10-01,SPX,SPXW261001C07585000,CALL,7585.0,2026-10-01,824,17,6045688,ALCISTA,ASK,VENCIDA,,2026-10-02,
2026-10-01,SPX,SPXW261002P07690000,PUT,7690.0,2026-10-02,1157,967,5746819,BAJISTA,ASK,NO CONFIRMADA,1241.0,2026-10-02,
2026-10-01,SPX,SPXW261002P07665000,PUT,7665.0,2026-10-02,1497,1280,4643694,BAJISTA,ASK,NO CONFIRMADA,1902.0,2026-10-02,
2026-10-01,SPX,SPXW261113P05900000,PUT,5900.0,2026-11-13,693,72,395010,BAJISTA,ASK,CONFIRMADA,715.0,2026-10-02,
2026-10-01,SPX,SPXW261008C07725000,CALL,7725.0,2026-10-08,1066,606,2054182,BAJISTA,BID,CONFIRMADA,1438.0,2026-10-02,
2026-10-01,SPX,SPXW261002C07655000,CALL,7655.0,2026-10-02,1184,381,3445440,BAJISTA,BID,NO CONFIRMADA,647.0,2026-10-02,
2026-10-01,SPX,SPXW261005P07625000,PUT,7625.0,2026-10-05,898,539,2072584,ALCISTA,BID,CONFIRMADA,1338.0,2026-10-02,
2026-10-01,SPX,SPXW261002C07720000,CALL,7720.0,2026-10-02,2767,1024,1411170,BAJISTA,BID,CONFIRMADA,2945.0,2026-10-02,
2026-10-01,SPX,SPXW270930C07650000,CALL,7650.0,2027-09-30,162,2,10992348,BAJISTA,BID,CONFIRMADA,164.0,2026-10-02,
2026-10-01,SPX,SPX270115P07765000,PUT,7765.0,2027-01-15,179,20,4283470,ALCISTA,BID,CONFIRMADA,199.0,2026-10-02,
2026-10-01,SPX,SPXW261106P07675000,PUT,7675.0,2026-11-06,146,45,1930558,BAJISTA,ASK,CONFIRMADA,214.0,2026-10-02,
2026-10-01,SPX,SPXW261120P07675000,PUT,7675.0,2026-11-20,171,75,2645883,BAJISTA,ASK,CONFIRMADA,694.0,2026-10-02,
2026-10-01,SPX,SPXW261005C07735000,CALL,7735.0,2026-10-05,581,177,461895,ALCISTA,ASK,NO CONFIRMADA,285.0,2026-10-02,
2026-10-01,SPX,SPXW261002P07540000,PUT,7540.0,2026-10-02,3874,813,832910,BAJISTA,MID,CONFIRMADA,3149.0,2026-10-02,
2026-10-01,SPX,SPXW261002P07630000,PUT,7630.0,2026-10-02,3014,2366,4973100,BAJISTA,MID,NO CONFIRMADA,2729.0,2026-10-02,
2026-10-01,SPX,SPXW261231C07910000,CALL,7910.0,2026-12-31,140,76,1729840,ALCISTA,ASK,NO CONFIRMADA,130.0,2026-10-02,
2026-10-01,SPX,SPXW261005P07635000,PUT,7635.0,2026-10-05,478,182,1254272,ALCISTA,BID,NO CONFIRMADA,411.0,2026-10-02,
2026-10-01,SPX,SPXW261006C07650000,CALL,7650.0,2026-10-06,412,221,2001496,ALCISTA,ASK,NO CONFIRMADA,360.0,2026-10-02,
2026-10-01,SPX,SPXW261002P07485000,PUT,7485.0,2026-10-02,3575,757,232375,BAJISTA,ASK,CONFIRMADA,4219.0,2026-10-02,
2026-10-01,SPX,SPXW261030P06490000,PUT,6490.0,2026-10-30,483,52,313950,BAJISTA,ASK,CONFIRMADA,514.0,2026-10-02,
2026-10-01,SPX,SPXW261030P07640000,PUT,7640.0,2026-10-30,144,144,1537200,BAJISTA,ASK,CONFIRMADA,216.0,2026-10-02,
2026-10-01,SPX,SPXW261001P07585000,PUT,7585.0,2026-10-01,41651,1402,708067,BAJISTA,MID,VENCIDA,,2026-10-02,
2026-10-01,SPX,SPXW261006C07635000,CALL,7635.0,2026-10-06,231,23,1212750,BAJISTA,BID,NO CONFIRMADA,102.0,2026-10-02,
2026-10-01,SPX,SPXW261002C07625000,CALL,7625.0,2026-10-02,1380,552,6568800,BAJISTA,BID,NO CONFIRMADA,899.0,2026-10-02,
2026-10-01,SPX,SPXW261120C07620000,CALL,7620.0,2026-11-20,124,30,2371252,BAJISTA,BID,CONFIRMADA,151.0,2026-10-02,
2026-10-01,SPX,SPXW261014P07550000,PUT,7550.0,2026-10-14,225,210,933975,BAJISTA,ASK,NO CONFIRMADA,214.0,2026-10-02,
2026-10-01,SPX,SPXW261016P07635000,PUT,7635.0,2026-10-16,126,109,901026,BAJISTA,ASK,NO CONFIRMADA,169.0,2026-10-02,
2026-10-01,SPX,SPXW261002P07550000,PUT,7550.0,2026-10-02,3143,2616,880040,BAJISTA,ASK,NO CONFIRMADA,3914.0,2026-10-02,
2026-10-01,SPX,SPXW261113P05600000,PUT,5600.0,2026-11-13,691,132,276400,BAJISTA,ASK,CONFIRMADA,786.0,2026-10-02,
2026-10-01,SPX,SPXW261002P07590000,PUT,7590.0,2026-10-02,2216,1399,1580008,ALCISTA,BID,NO CONFIRMADA,2155.0,2026-10-02,
2026-10-01,SPX,SPXW261006C07630000,CALL,7630.0,2026-10-06,175,28,1038450,BAJISTA,BID,NO CONFIRMADA,84.0,2026-10-02,
2026-10-01,SPX,SPXW261005C07725000,CALL,7725.0,2026-10-05,904,319,913040,BAJISTA,BID,NO CONFIRMADA,734.0,2026-10-02,
2026-10-01,SPX,SPXW261007C07725000,CALL,7725.0,2026-10-07,730,421,1372400,BAJISTA,BID,CONFIRMADA,1064.0,2026-10-02,
2026-10-01,SPX,SPXW261001P07575000,PUT,7575.0,2026-10-01,37612,3072,376120,ALCISTA,BID,VENCIDA,,2026-10-02,
2026-10-01,SPX,SPXW261005C07655000,CALL,7655.0,2026-10-05,196,54,776160,ALCISTA,ASK,NO CONFIRMADA,137.0,2026-10-02,
2026-10-01,SPX,SPXW261002P07610000,PUT,7610.0,2026-10-02,1743,1001,1934730,BAJISTA,MID,NO CONFIRMADA,1682.0,2026-10-02,
2026-10-01,SPX,SPX261218P06780000,PUT,6780.0,2026-12-18,200,73,898000,BAJISTA,ASK,CONFIRMADA,473.0,2026-10-02,
2026-10-01,SPX,SPXW261002P07595000,PUT,7595.0,2026-10-02,1509,772,1202673,ALCISTA,BID,NO CONFIRMADA,1475.0,2026-10-02,
2026-10-01,SPX,SPXW261002P07500000,PUT,7500.0,2026-10-02,7400,4833,651200,BAJISTA,ASK,CONFIRMADA,11341.0,2026-10-02,
2026-10-01,SPX,SPXW261005P07665000,PUT,7665.0,2026-10-05,295,122,1195340,BAJISTA,ASK,NO CONFIRMADA,189.0,2026-10-02,
2026-10-01,SPX,SPXW261102P06200000,PUT,6200.0,2026-11-02,501,20,225450,BAJISTA,ASK,CONFIRMADA,570.0,2026-10-02,
2026-10-01,SPX,SPX280616C09300000,CALL,9300.0,2028-06-16,300,223,7076400,BAJISTA,BID,CONFIRMADA,523.0,2026-10-02,
2026-10-01,SPX,SPXW261002P07605000,PUT,7605.0,2026-10-02,1262,715,1243070,ALCISTA,BID,NO CONFIRMADA,1196.0,2026-10-02,
2026-10-01,SPX,SPXW261102C07825000,CALL,7825.0,2026-11-02,105,18,519750,BAJISTA,BID,CONFIRMADA,200.0,2026-10-02,
2026-10-01,SPX,SPXW261005C07645000,CALL,7645.0,2026-10-05,323,84,1434120,BAJISTA,BID,NO CONFIRMADA,110.0,2026-10-02,
2026-10-01,SPX,SPXW261006C07665000,CALL,7665.0,2026-10-06,203,54,799820,ALCISTA,MID,NO CONFIRMADA,88.0,2026-10-02,
2026-10-01,SPX,SPXW261006C07660000,CALL,7660.0,2026-10-06,139,95,597700,ALCISTA,ASK,NO CONFIRMADA,127.0,2026-10-02,
2026-10-01,SPX,SPX261218P06530000,PUT,6530.0,2026-12-18,101,11,314110,BAJISTA,ASK,CONFIRMADA,114.0,2026-10-02,
2026-10-01,SPX,SPX270917C07825000,CALL,7825.0,2027-09-17,175,158,9696750,BAJISTA,BID,CONFIRMADA,247.0,2026-10-02,
2026-10-01,SPX,SPXW261001P07580000,PUT,7580.0,2026-10-01,38079,2119,456948,BAJISTA,MID,VENCIDA,,2026-10-02,
2026-10-01,SPX,SPXW261008P07370000,PUT,7370.0,2026-10-08,218,23,113360,BAJISTA,ASK,CONFIRMADA,187.0,2026-10-02,
2026-10-01,SPX,SPXW261007C07625000,CALL,7625.0,2026-10-07,123,24,800730,BAJISTA,BID,NO CONFIRMADA,54.0,2026-10-02,
2026-10-01,SPX,SPXW261006P07635000,PUT,7635.0,2026-10-06,188,171,633560,BAJISTA,ASK,NO CONFIRMADA,203.0,2026-10-02,
2026-10-01,SPX,SPXW261008P07435000,PUT,7435.0,2026-10-08,109,17,112270,BAJISTA,ASK,CONFIRMADA,973.0,2026-10-02,
2026-10-01,SPX,SPXW261002P07660000,PUT,7660.0,2026-10-02,2206,1543,6066500,ALCISTA,BID,NO CONFIRMADA,1988.0,2026-10-02,
2026-10-01,SPX,SPXW261001P07540000,PUT,7540.0,2026-10-01,11086,1886,110860,BAJISTA,ASK,VENCIDA,,2026-10-02,
2026-10-01,SPX,SPXW261006P07530000,PUT,7530.0,2026-10-06,455,239,446810,BAJISTA,ASK,CONFIRMADA,484.0,2026-10-02,
2026-10-01,SPX,SPXW261022P07025000,PUT,7025.0,2026-10-22,245,77,257250,BAJISTA,ASK,CONFIRMADA,266.0,2026-10-02,
2026-10-01,SPX,SPXW261007P07655000,PUT,7655.0,2026-10-07,123,118,615000,BAJISTA,ASK,CONFIRMADA,217.0,2026-10-02,
2026-10-01,SPX,SPXW261008P07700000,PUT,7700.0,2026-10-08,1656,1306,11792376,ALCISTA,BID,CONFIRMADA,2209.0,2026-10-02,
2026-10-01,SPX,SPXW261005P07595000,PUT,7595.0,2026-10-05,300,183,477000,BAJISTA,ASK,NO CONFIRMADA,314.0,2026-10-02,
2026-10-01,SPX,SPXW261001C07620000,CALL,7620.0,2026-10-01,12199,83,46234210,BAJISTA,BID,VENCIDA,,2026-10-02,
2026-10-01,SPX,SPXW261001C07600000,CALL,7600.0,2026-10-01,4157,184,23499521,BAJISTA,BID,VENCIDA,,2026-10-02,
2026-10-01,SPX,SPXW261001C07605000,CALL,7605.0,2026-10-01,1790,48,9164800,BAJISTA,BID,VENCIDA,,2026-10-02,
2026-10-01,SPX,SPXW261001C07580000,CALL,7580.0,2026-10-01,589,80,4262593,BAJISTA,BID,VENCIDA,,2026-10-02,
2026-10-01,SPX,SPXW261001C07590000,CALL,7590.0,2026-10-01,582,107,3710250,BAJISTA,BID,VENCIDA,,2026-10-02,
2026-10-01,SPX,SPXW261008C07635000,CALL,7635.0,2026-10-08,124,18,742140,BAJISTA,BID,NO CONFIRMADA,48.0,2026-10-02,
2026-10-01,SPX,SPXW261008P07445000,PUT,7445.0,2026-10-08,150,35,145500,BAJISTA,ASK,CONFIRMADA,1686.0,2026-10-02,
2026-10-01,SPX,SPXW261006P07555000,PUT,7555.0,2026-10-06,168,58,273000,BAJISTA,ASK,CONFIRMADA,149.0,2026-10-02,
2026-10-01,SPX,SPXW261001P07685000,PUT,7685.0,2026-10-01,2279,1922,6723050,ALCISTA,BID,VENCIDA,,2026-10-02,
2026-10-01,SPX,SPXW261007P07645000,PUT,7645.0,2026-10-07,269,187,1102900,ALCISTA,BID,NO CONFIRMADA,288.0,2026-10-02,
2026-10-01,SPX,SPXW261006P07655000,PUT,7655.0,2026-10-06,117,88,524160,BAJISTA,ASK,CONFIRMADA,200.0,2026-10-02,
2026-10-01,SPX,SPXW261005C07715000,CALL,7715.0,2026-10-05,311,158,401190,ALCISTA,ASK,NO CONFIRMADA,242.0,2026-10-02,
2026-10-01,SPX,SPXW261015P07440000,PUT,7440.0,2026-10-15,119,50,334985,BAJISTA,ASK,CONFIRMADA,190.0,2026-10-02,
2026-10-01,SPX,SPXW261001C07715000,CALL,7715.0,2026-10-01,17721,1136,389862,ALCISTA,MID,VENCIDA,,2026-10-02,
2026-10-01,SPX,SPXW261016C07695000,CALL,7695.0,2026-10-16,200,153,1118000,BAJISTA,BID,CONFIRMADA,665.0,2026-10-02,
2026-10-01,SPX,SPXW261006C07735000,CALL,7735.0,2026-10-06,288,128,345600,ALCISTA,ASK,NO CONFIRMADA,219.0,2026-10-02,
2026-10-01,SPX,SPXW261001C07550000,CALL,7550.0,2026-10-01,277,50,2922350,BAJISTA,BID,VENCIDA,,2026-10-02,
2026-10-01,SPX,SPXW261008P07365000,PUT,7365.0,2026-10-08,173,0,92901,BAJISTA,ASK,CONFIRMADA,166.0,2026-10-02,
2026-10-01,SPX,SPXW270226P05900000,PUT,5900.0,2027-02-26,173,65,644598,BAJISTA,ASK,CONFIRMADA,238.0,2026-10-02,
2026-10-01,SPX,SPXW261007C07765000,CALL,7765.0,2026-10-07,401,93,328820,BAJISTA,BID,CONFIRMADA,412.0,2026-10-02,
2026-10-01,SPX,SPXW261008P07415000,PUT,7415.0,2026-10-08,129,21,87720,BAJISTA,ASK,CONFIRMADA,144.0,2026-10-02,
2026-10-01,SPX,SPXW261001C07570000,CALL,7570.0,2026-10-01,338,31,2765516,BAJISTA,BID,VENCIDA,,2026-10-02,
2026-10-01,SPX,SPXW261023P06625000,PUT,6625.0,2026-10-23,302,31,138920,BAJISTA,ASK,CONFIRMADA,334.0,2026-10-02,
2026-10-01,SPX,SPXW261001C07730000,CALL,7730.0,2026-10-01,26021,2255,338273,ALCISTA,MID,VENCIDA,,2026-10-02,
2026-10-01,SPX,SPXW261005P07620000,PUT,7620.0,2026-10-05,618,430,1353420,BAJISTA,MID,NO CONFIRMADA,448.0,2026-10-02,
2026-10-01,SPX,SPXW261008P07505000,PUT,7505.0,2026-10-08,105,32,186060,BAJISTA,ASK,NO CONFIRMADA,80.0,2026-10-02,
2026-10-01,SPX,SPXW261002P07580000,PUT,7580.0,2026-10-02,1899,970,1101420,BAJISTA,MID,NO CONFIRMADA,1896.0,2026-10-02,
2026-10-01,SPX,SPXW261113P06150000,PUT,6150.0,2026-11-13,176,6,129888,BAJISTA,ASK,CONFIRMADA,193.0,2026-10-02,
2026-10-01,SPX,SPX261016C07985000,CALL,7985.0,2026-10-16,251,46,73041,ALCISTA,ASK,CONFIRMADA,292.0,2026-10-02,
2026-10-01,SPX,SPXW261005P07605000,PUT,7605.0,2026-10-05,226,192,447480,BAJISTA,ASK,NO CONFIRMADA,218.0,2026-10-02,
2026-10-01,SPX,SPXW261005C07650000,CALL,7650.0,2026-10-05,458,239,1902532,BAJISTA,BID,NO CONFIRMADA,340.0,2026-10-02,
2026-10-01,SPX,SPXW261006C07600000,CALL,7600.0,2026-10-06,294,175,2060940,BAJISTA,BID,CONFIRMADA,427.0,2026-10-02,
2026-10-01,SPX,SPXW261102C07700000,CALL,7700.0,2026-11-02,138,130,1472460,BAJISTA,BID,NO CONFIRMADA,176.0,2026-10-02,
2026-10-01,SPX,SPXW261008P07570000,PUT,7570.0,2026-10-08,267,85,644004,BAJISTA,MID,CONFIRMADA,284.0,2026-10-02,
2026-10-01,SPX,SPXW261002C07715000,CALL,7715.0,2026-10-02,1822,1140,1111420,ALCISTA,MID,NO CONFIRMADA,1901.0,2026-10-02,
2026-10-01,SPX,SPXW261002C07735000,CALL,7735.0,2026-10-02,2506,979,759318,ALCISTA,MID,NO CONFIRMADA,2006.0,2026-10-02,
2026-10-01,SPX,SPXW261005C07765000,CALL,7765.0,2026-10-05,747,366,276390,ALCISTA,ASK,CONFIRMADA,747.0,2026-10-02,
2026-10-01,SPX,SPXW261022P07300000,PUT,7300.0,2026-10-22,201,201,423507,BAJISTA,ASK,CONFIRMADA,388.0,2026-10-02,
2026-10-01,SPX,SPXW261001C07745000,CALL,7745.0,2026-10-01,7208,1539,72080,ALCISTA,ASK,VENCIDA,,2026-10-02,
2026-10-01,SPX,SPXW261113P06000000,PUT,6000.0,2026-11-13,691,370,443622,BAJISTA,ASK,CONFIRMADA,1015.0,2026-10-02,
2026-10-01,SPX,SPXW261130C07625000,CALL,7625.0,2026-11-30,118,60,2407200,BAJISTA,BID,NO CONFIRMADA,89.0,2026-10-02,
2026-10-01,SPX,SPXW261015P07430000,PUT,7430.0,2026-10-15,105,59,299250,BAJISTA,ASK,CONFIRMADA,165.0,2026-10-02,
2026-10-01,SPX,SPXW261005C07690000,CALL,7690.0,2026-10-05,427,319,798490,BAJISTA,BID,NO CONFIRMADA,482.0,2026-10-02,
2026-10-01,SPX,SPXW261006P07640000,PUT,7640.0,2026-10-06,230,164,779700,ALCISTA,BID,NO CONFIRMADA,229.0,2026-10-02,
2026-10-01,SPX,SPXW261008P07360000,PUT,7360.0,2026-10-08,123,23,55227,BAJISTA,ASK,CONFIRMADA,147.0,2026-10-02,
2026-10-01,SPX,SPXW261001C07575000,CALL,7575.0,2026-10-01,485,124,3705400,BAJISTA,BID,VENCIDA,,2026-10-02,
2026-10-01,SPX,SPXW261005C07710000,CALL,7710.0,2026-10-05,542,357,700264,BAJISTA,BID,NO CONFIRMADA,526.0,2026-10-02,
2026-10-01,SPX,SPXW261001C07725000,CALL,7725.0,2026-10-01,16763,1338,251445,ALCISTA,MID,VENCIDA,,2026-10-02,
2026-10-01,SPX,SPXW261006C07655000,CALL,7655.0,2026-10-06,165,95,759000,ALCISTA,ASK,NO CONFIRMADA,113.0,2026-10-02,
2026-10-01,SPX,SPX270416P04525000,PUT,4525.0,2027-04-16,100,22,184000,BAJISTA,ASK,CONFIRMADA,321.0,2026-10-02,
2026-10-01,SPX,SPXW261005C07625000,CALL,7625.0,2026-10-05,283,171,1627250,BAJISTA,BID,NO CONFIRMADA,180.0,2026-10-02,
2026-10-01,SPX,SPXW261005C07665000,CALL,7665.0,2026-10-05,209,90,698896,ALCISTA,MID,NO CONFIRMADA,184.0,2026-10-02,
2026-10-01,SPX,SPXW261001P07760000,PUT,7760.0,2026-10-01,208,96,2543008,BAJISTA,ASK,VENCIDA,,2026-10-02,
2026-10-01,SPX,SPXW261001C07735000,CALL,7735.0,2026-10-01,18629,1478,223548,ALCISTA,MID,VENCIDA,,2026-10-02,
2026-10-01,SPX,SPXW261005P07505000,PUT,7505.0,2026-10-05,385,204,231000,BAJISTA,ASK,CONFIRMADA,512.0,2026-10-02,
2026-10-01,SPX,SPXW261008P07530000,PUT,7530.0,2026-10-08,191,175,324700,BAJISTA,ASK,NO CONFIRMADA,207.0,2026-10-02,
2026-10-01,SPX,SPXW261002P07560000,PUT,7560.0,2026-10-02,2834,2403,1011738,BAJISTA,MID,CONFIRMADA,4418.0,2026-10-02,
2026-10-01,SPX,SPX270917C07375000,CALL,7375.0,2027-09-17,174,103,14794002,BAJISTA,BID,NO CONFIRMADA,188.0,2026-10-02,
2026-10-01,SPX,SPXW261005P07555000,PUT,7555.0,2026-10-05,286,232,286000,BAJISTA,ASK,NO CONFIRMADA,264.0,2026-10-02,
2026-10-01,SPX,SPXW261022P07050000,PUT,7050.0,2026-10-22,162,73,173664,BAJISTA,ASK,CONFIRMADA,230.0,2026-10-02,
2026-10-01,SPX,SPXW261002C07745000,CALL,7745.0,2026-10-02,2589,1695,535923,BAJISTA,BID,NO CONFIRMADA,1571.0,2026-10-02,
2026-10-01,SPX,SPXW261001P07570000,PUT,7570.0,2026-10-01,26042,2198,182294,BAJISTA,MID,VENCIDA,,2026-10-02,
2026-10-01,SPX,SPXW261006C07695000,CALL,7695.0,2026-10-06,103,86,261105,ALCISTA,ASK,NO CONFIRMADA,111.0,2026-10-02,
2026-10-01,SPX,SPXW261008C07610000,CALL,7610.0,2026-10-08,101,35,815070,BAJISTA,BID,CONFIRMADA,86.0,2026-10-02,
2026-10-01,SPX,SPXW261002P07570000,PUT,7570.0,2026-10-02,1581,988,714612,BAJISTA,MID,CONFIRMADA,2452.0,2026-10-02,
2026-10-01,SPX,SPXW261001P07560000,PUT,7560.0,2026-10-01,21098,3806,168784,BAJISTA,MID,VENCIDA,,2026-10-02,
2026-10-01,SPX,SPXW261001P07565000,PUT,7565.0,2026-10-01,23666,3156,165662,BAJISTA,MID,VENCIDA,,2026-10-02,
2026-10-01,SPX,SPXW261002C07610000,CALL,7610.0,2026-10-02,271,173,1268822,BAJISTA,BID,NO CONFIRMADA,288.0,2026-10-02,
2026-10-01,SPX,SPXW261005P07565000,PUT,7565.0,2026-10-05,188,159,238008,BAJISTA,ASK,CONFIRMADA,273.0,2026-10-02,
2026-10-01,SPX,SPXW261016C07635000,CALL,7635.0,2026-10-16,156,146,1501968,BAJISTA,BID,NO CONFIRMADA,159.0,2026-10-02,
2026-10-01,SPX,SPXW261007C07640000,CALL,7640.0,2026-10-07,190,108,1128600,BAJISTA,BID,NO CONFIRMADA,154.0,2026-10-02,
2026-10-01,SPX,SPXW261002C07765000,CALL,7765.0,2026-10-02,1440,752,155520,ALCISTA,ASK,CONFIRMADA,2162.0,2026-10-02,
2026-10-01,SPX,SPXW261001P07740000,PUT,7740.0,2026-10-01,265,196,2430050,BAJISTA,ASK,VENCIDA,,2026-10-02,
2026-10-01,SPX,SPXW261008P07430000,PUT,7430.0,2026-10-08,242,162,181500,BAJISTA,ASK,CONFIRMADA,303.0,2026-10-02,
2026-10-01,SPX,SPXW261002P07400000,PUT,7400.0,2026-10-02,5599,3460,167970,BAJISTA,ASK,CONFIRMADA,8906.0,2026-10-02,
2026-10-01,SPX,SPXW261001C07560000,CALL,7560.0,2026-10-01,221,57,1893970,BAJISTA,BID,VENCIDA,,2026-10-02,
2026-10-01,SPX,SPXW261008C07690000,CALL,7690.0,2026-10-08,153,130,478890,BAJISTA,BID,NO CONFIRMADA,197.0,2026-10-02,
2026-10-01,SPX,SPXW261013C07800000,CALL,7800.0,2026-10-13,338,154,473200,ALCISTA,MID,CONFIRMADA,377.0,2026-10-02,
2026-10-01,SPX,SPXW261002P07475000,PUT,7475.0,2026-10-02,5425,1651,298375,BAJISTA,MID,CONFIRMADA,6500.0,2026-10-02,
2026-10-01,SPX,SPXW261001P07555000,PUT,7555.0,2026-10-01,15426,1456,77130,ALCISTA,BID,VENCIDA,,2026-10-02,
2026-10-01,SPX,SPXW261007P07640000,PUT,7640.0,2026-10-07,185,179,728900,BAJISTA,MID,NO CONFIRMADA,211.0,2026-10-02,
2026-10-01,SPX,SPXW261006C07770000,CALL,7770.0,2026-10-06,648,300,303912,BAJISTA,BID,CONFIRMADA,872.0,2026-10-02,
2026-10-01,SPX,SPXW261022P07100000,PUT,7100.0,2026-10-22,157,134,188714,BAJISTA,ASK,CONFIRMADA,284.0,2026-10-02,
2026-10-01,SPX,SPXW261007P07535000,PUT,7535.0,2026-10-07,105,72,163275,BAJISTA,ASK,NO CONFIRMADA,110.0,2026-10-02,
2026-10-01,SPX,SPXW261008P07405000,PUT,7405.0,2026-10-08,131,54,98250,BAJISTA,ASK,CONFIRMADA,176.0,2026-10-02,
2026-10-01,SPX,SPXW261009C07610000,CALL,7610.0,2026-10-09,142,134,1189960,BAJISTA,BID,NO CONFIRMADA,169.0,2026-10-02,
2026-10-01,SPX,SPXW261120C08240000,CALL,8240.0,2026-11-20,150,29,114600,BAJISTA,BID,CONFIRMADA,174.0,2026-10-02,
2026-10-01,SPX,SPXW261001C07740000,CALL,7740.0,2026-10-01,11433,2041,114330,ALCISTA,MID,VENCIDA,,2026-10-02,
2026-10-01,SPX,SPXW261002C07575000,CALL,7575.0,2026-10-02,126,90,1015434,BAJISTA,BID,NO CONFIRMADA,126.0,2026-10-02,
2026-10-01,SPX,SPXW261002P07555000,PUT,7555.0,2026-10-02,1159,797,356972,ALCISTA,BID,CONFIRMADA,2155.0,2026-10-02,
2026-10-01,SPX,SPXW261006P07645000,PUT,7645.0,2026-10-06,117,113,421200,ALCISTA,BID,NO CONFIRMADA,147.0,2026-10-02,
2026-10-01,SPX,SPXW261002C07835000,CALL,7835.0,2026-10-02,5309,523,106180,ALCISTA,MID,CONFIRMADA,15072.0,2026-10-02,
2026-10-01,SPX,SPXW261002C07740000,CALL,7740.0,2026-10-02,1856,1077,469568,ALCISTA,MID,CONFIRMADA,3290.0,2026-10-02,
2026-10-01,SPX,SPXW261005C07685000,CALL,7685.0,2026-10-05,162,133,379080,BAJISTA,BID,CONFIRMADA,454.0,2026-10-02,
2026-10-01,SPX,SPXW261006C07640000,CALL,7640.0,2026-10-06,156,84,782496,BAJISTA,BID,NO CONFIRMADA,133.0,2026-10-02,
2026-10-01,SPX,SPXW261030C07655000,CALL,7655.0,2026-10-30,107,78,1379658,BAJISTA,BID,NO CONFIRMADA,114.0,2026-10-02,
2026-10-01,SPX,SPXW261009C07635000,CALL,7635.0,2026-10-09,140,122,1002400,BAJISTA,BID,NO CONFIRMADA,177.0,2026-10-02,
2026-10-01,SPX,SPXW261008C07840000,CALL,7840.0,2026-10-08,367,53,95787,ALCISTA,MID,CONFIRMADA,363.0,2026-10-02,
2026-10-01,SPX,SPXW261012P06400000,PUT,6400.0,2026-10-12,1012,369,60720,BAJISTA,ASK,CONFIRMADA,1353.0,2026-10-02,
2026-10-01,SPX,SPXW261008P07350000,PUT,7350.0,2026-10-08,299,171,107640,BAJISTA,ASK,CONFIRMADA,414.0,2026-10-02,
2026-10-01,SPX,SPXW261008C07720000,CALL,7720.0,2026-10-08,153,125,347310,BAJISTA,BID,NO CONFIRMADA,162.0,2026-10-02,
2026-10-01,SPX,SPXW261007P07350000,PUT,7350.0,2026-10-07,621,560,145314,BAJISTA,ASK,NO CONFIRMADA,418.0,2026-10-02,
2026-10-01,SPX,SPXW261008P07425000,PUT,7425.0,2026-10-08,149,95,114730,BAJISTA,ASK,CONFIRMADA,259.0,2026-10-02,
2026-10-01,SPX,SPXW261009C07620000,CALL,7620.0,2026-10-09,118,104,956980,BAJISTA,BID,NO CONFIRMADA,162.0,2026-10-02,
2026-10-01,SPX,SPXW261009C07855000,CALL,7855.0,2026-10-09,479,149,136515,BAJISTA,BID,CONFIRMADA,607.0,2026-10-02,
2026-10-01,SPX,SPXW261002P07565000,PUT,7565.0,2026-10-02,1281,1073,509838,BAJISTA,MID,CONFIRMADA,2039.0,2026-10-02,
2026-10-01,SPX,SPXW261002C07615000,CALL,7615.0,2026-10-02,156,86,706680,BAJISTA,BID,CONFIRMADA,223.0,2026-10-02,
2026-10-01,SPX,SPXW261030P07030000,PUT,7030.0,2026-10-30,122,93,197640,BAJISTA,ASK,CONFIRMADA,204.0,2026-10-02,
2026-10-01,SPX,SPXW261008C07765000,CALL,7765.0,2026-10-08,143,55,170885,BAJISTA,BID,CONFIRMADA,143.0,2026-10-02,
2026-10-01,SPX,SPXW261008C07805000,CALL,7805.0,2026-10-08,203,55,97440,BAJISTA,BID,CONFIRMADA,223.0,2026-10-02,
2026-10-01,SPX,SPXW261008P07420000,PUT,7420.0,2026-10-08,145,113,120350,BAJISTA,ASK,CONFIRMADA,204.0,2026-10-02,
2026-10-01,SPX,SPXW261002P07465000,PUT,7465.0,2026-10-02,3643,1035,171221,BAJISTA,MID,CONFIRMADA,3982.0,2026-10-02,
2026-10-01,SPX,SPXW261008P07275000,PUT,7275.0,2026-10-08,280,140,77840,BAJISTA,ASK,CONFIRMADA,344.0,2026-10-02,
2026-10-01,SPX,SPXW261002P07535000,PUT,7535.0,2026-10-02,1883,1043,357770,BAJISTA,MID,CONFIRMADA,2216.0,2026-10-02,
2026-10-01,SPX,SPXW261001P07530000,PUT,7530.0,2026-10-01,10826,1298,75782,BAJISTA,MID,VENCIDA,,2026-10-02,
2026-10-01,SPX,SPXW261008P07390000,PUT,7390.0,2026-10-08,182,135,105742,BAJISTA,ASK,CONFIRMADA,288.0,2026-10-02,
2026-10-01,SPX,SPXW261002C07760000,CALL,7760.0,2026-10-02,2016,1258,241920,BAJISTA,BID,CONFIRMADA,2912.0,2026-10-02,
2026-10-01,SPX,SPXW261005C07755000,CALL,7755.0,2026-10-05,263,261,123610,ALCISTA,ASK,CONFIRMADA,425.0,2026-10-02,
2026-10-01,SPX,SPXW261002P07375000,PUT,7375.0,2026-10-02,4378,1033,109450,BAJISTA,MID,CONFIRMADA,4980.0,2026-10-02,
2026-10-01,SPX,SPXW261002P07545000,PUT,7545.0,2026-10-02,1512,972,370440,BAJISTA,MID,CONFIRMADA,1972.0,2026-10-02,
2026-10-01,SPX,SPXW261001P07735000,PUT,7735.0,2026-10-01,162,116,1415880,BAJISTA,ASK,VENCIDA,,2026-10-02,
2026-10-01,SPX,SPXW261001P07720000,PUT,7720.0,2026-10-01,565,457,3565150,ALCISTA,BID,VENCIDA,,2026-10-02,
2026-10-01,SPX,SPXW261007C07630000,CALL,7630.0,2026-10-07,127,117,772160,BAJISTA,BID,NO CONFIRMADA,164.0,2026-10-02,
2026-10-01,SPX,SPXW261006P07430000,PUT,7430.0,2026-10-06,185,99,64750,BAJISTA,ASK,CONFIRMADA,229.0,2026-10-02,
2026-10-01,SPX,SPXW261002P07385000,PUT,7385.0,2026-10-02,3129,2515,93870,BAJISTA,ASK,CONFIRMADA,4977.0,2026-10-02,
2026-10-01,SPX,SPXW261113P06250000,PUT,6250.0,2026-11-13,166,119,138610,BAJISTA,ASK,CONFIRMADA,275.0,2026-10-02,
2026-10-01,SPX,SPXW261001P07535000,PUT,7535.0,2026-10-01,8881,7555,88810,BAJISTA,ASK,VENCIDA,,2026-10-02,
2026-10-01,SPX,SPXW261006P07420000,PUT,7420.0,2026-10-06,206,149,78692,BAJISTA,ASK,CONFIRMADA,264.0,2026-10-02,
2026-10-01,SPX,SPXW261015P07150000,PUT,7150.0,2026-10-15,136,116,87992,BAJISTA,ASK,CONFIRMADA,413.0,2026-10-02,
2026-10-01,SPX,SPXW261001P07550000,PUT,7550.0,2026-10-01,21509,8093,107545,ALCISTA,BID,VENCIDA,,2026-10-02,
2026-10-01,SPX,SPXW261002P07505000,PUT,7505.0,2026-10-02,1322,424,128234,BAJISTA,MID,CONFIRMADA,3865.0,2026-10-02,
2026-10-01,SPX,SPXW261001P07545000,PUT,7545.0,2026-10-01,7652,1687,53564,BAJISTA,MID,VENCIDA,,2026-10-02,
2026-10-01,SPX,SPXW261015C07840000,CALL,7840.0,2026-10-15,120,66,141600,BAJISTA,BID,CONFIRMADA,186.0,2026-10-02,
2026-10-01,SPX,SPXW261008P07300000,PUT,7300.0,2026-10-08,255,246,72675,BAJISTA,ASK,CONFIRMADA,423.0,2026-10-02,
2026-10-01,SPX,SPXW261120C08190000,CALL,8190.0,2026-11-20,141,51,144948,BAJISTA,BID,CONFIRMADA,192.0,2026-10-02,
2026-10-01,SPX,SPXW261028P06900000,PUT,6900.0,2026-10-28,100,69,101000,BAJISTA,ASK,CONFIRMADA,160.0,2026-10-02,
2026-10-01,SPX,SPXW261005C07780000,CALL,7780.0,2026-10-05,316,314,72680,ALCISTA,ASK,NO CONFIRMADA,470.0,2026-10-02,
2026-10-01,SPX,SPXW261009C07795000,CALL,7795.0,2026-10-09,204,190,191760,BAJISTA,BID,CONFIRMADA,684.0,2026-10-02,
2026-10-01,SPX,SPXW261015C07830000,CALL,7830.0,2026-10-15,117,64,132795,BAJISTA,BID,CONFIRMADA,204.0,2026-10-02,
2026-10-01,SPX,SPXW261001P07700000,PUT,7700.0,2026-10-01,3524,2702,15399880,BAJISTA,MID,VENCIDA,,2026-10-02,
2026-10-01,SPX,SPXW261002C07825000,CALL,7825.0,2026-10-02,5782,3027,132986,ALCISTA,MID,CONFIRMADA,8088.0,2026-10-02,
2026-10-01,SPX,SPXW261002C07560000,CALL,7560.0,2026-10-02,105,41,866250,BAJISTA,BID,CONFIRMADA,101.0,2026-10-02,
2026-10-01,SPX,SPXW261008P07410000,PUT,7410.0,2026-10-08,165,141,94545,ALCISTA,BID,CONFIRMADA,245.0,2026-10-02,
2026-10-01,SPX,SPXW261007C07795000,CALL,7795.0,2026-10-07,177,139,71685,BAJISTA,BID,CONFIRMADA,312.0,2026-10-02,
2026-10-01,SPX,SPXW261001C07750000,CALL,7750.0,2026-10-01,9037,3990,63259,ALCISTA,MID,VENCIDA,,2026-10-02,
2026-10-01,SPX,SPXW261002C07780000,CALL,7780.0,2026-10-02,1572,1098,102180,ALCISTA,MID,CONFIRMADA,2257.0,2026-10-02,
2026-10-01,SPX,SPXW261002P07495000,PUT,7495.0,2026-10-02,1129,774,88062,BAJISTA,MID,NO CONFIRMADA,1289.0,2026-10-02,
2026-10-01,SPX,SPXW261015C07925000,CALL,7925.0,2026-10-15,173,164,61415,BAJISTA,BID,CONFIRMADA,312.0,2026-10-02,
2026-10-01,SPX,SPXW261009P07340000,PUT,7340.0,2026-10-09,150,116,70800,BAJISTA,MID,CONFIRMADA,208.0,2026-10-02,
2026-10-01,SPX,SPX261218P04225000,PUT,4225.0,2026-12-18,400,327,106000,ALCISTA,BID,CONFIRMADA,727.0,2026-10-02,
2026-10-01,SPX,SPXW261002C07785000,CALL,7785.0,2026-10-02,974,815,53570,ALCISTA,MID,CONFIRMADA,1400.0,2026-10-02,
2026-09-30,MELI,MELI261016P01680000,PUT,1680.0,2026-10-16,479,233,1984018,BAJISTA,ASK,NO CONFIRMADA,233.0,2026-10-01,
2026-09-30,MELI,MELI261016P01750000,PUT,1750.0,2026-10-16,477,353,3919509,BAJISTA,ASK,NO CONFIRMADA,353.0,2026-10-01,
2026-09-30,MELI,MELI261016P01620000,PUT,1620.0,2026-10-16,464,232,747040,BAJISTA,ASK,NO CONFIRMADA,232.0,2026-10-01,
2026-09-30,MELI,MELI261002C01710000,CALL,1710.0,2026-10-02,159,83,591480,ALCISTA,ASK,NO CONFIRMADA,83.0,2026-10-01,
2026-09-30,MELI,MELI261023C01880000,CALL,1880.0,2026-10-23,147,90,296793,ALCISTA,ASK,NO CONFIRMADA,90.0,2026-10-01,
2026-09-30,MELI,MELI261023C01800000,CALL,1800.0,2026-10-23,147,76,585648,ALCISTA,MID,NO CONFIRMADA,76.0,2026-10-01,
2026-09-30,MELI,MELI261016P01560000,PUT,1560.0,2026-10-16,470,270,327120,BAJISTA,MID,NO CONFIRMADA,270.0,2026-10-01,
2026-09-30,MELI,MELI261023C01840000,CALL,1840.0,2026-10-23,147,103,371910,ALCISTA,MID,NO CONFIRMADA,103.0,2026-10-01,
2026-09-30,MELI,MELI261002C01730000,CALL,1730.0,2026-10-02,141,130,307380,ALCISTA,MID,NO CONFIRMADA,130.0,2026-10-01,
2026-09-30,MELI,MELI261023C01980000,CALL,1980.0,2026-10-23,147,79,98490,ALCISTA,MID,NO CONFIRMADA,79.0,2026-10-01,
2026-10-01,HOOD,HOOD261009C00105000,CALL,105.0,2026-10-09,249,141,192975,BAJISTA,BID,NO CONFIRMADA,197.0,2026-10-02,
2026-10-01,HOOD,HOOD261009C00106000,CALL,106.0,2026-10-09,223,104,165020,ALCISTA,MID,NO CONFIRMADA,132.0,2026-10-02,
2026-10-01,HOOD,HOOD261009C00097000,CALL,97.0,2026-10-09,130,37,199810,ALCISTA,MID,NO CONFIRMADA,57.0,2026-10-02,
2026-10-01,HOOD,HOOD261009C00098000,CALL,98.0,2026-10-09,117,48,166725,BAJISTA,BID,NO CONFIRMADA,60.0,2026-10-02,
2026-10-01,HOOD,HOOD261009C00094000,CALL,94.0,2026-10-09,106,70,190800,BAJISTA,BID,NO CONFIRMADA,73.0,2026-10-02,
2026-10-01,HOOD,HOOD261023C00093000,CALL,93.0,2026-10-23,110,37,218020,ALCISTA,MID,NO CONFIRMADA,35.0,2026-10-02,
2026-10-01,HOOD,HOOD261009C00095000,CALL,95.0,2026-10-09,104,99,178984,ALCISTA,MID,NO CONFIRMADA,91.0,2026-10-02,
2026-10-01,MSTR,MSTR261009C00167500,CALL,167.5,2026-10-09,944,694,349280,ALCISTA,MID,NO CONFIRMADA,975.0,2026-10-02,
2026-10-01,MSTR,MSTR261023C00124000,CALL,124.0,2026-10-23,106,18,362202,BAJISTA,BID,NO CONFIRMADA,22.0,2026-10-02,
2026-10-01,MSTR,MSTR261023C00123000,CALL,123.0,2026-10-23,120,49,421920,BAJISTA,BID,NO CONFIRMADA,47.0,2026-10-02,
2026-10-01,RUT,RUT270917P02250000,PUT,2250.0,2027-09-17,125,5,664625,BAJISTA,ASK,CONFIRMADA,130.0,2026-10-02,
2026-10-01,RUT,RUTW261130P02730000,PUT,2730.0,2026-11-30,132,126,791076,BAJISTA,ASK,CONFIRMADA,239.0,2026-10-02,
2026-10-01,XLF,XLF261009C00053000,CALL,53.0,2026-10-09,713,69,53475,ALCISTA,MID,CONFIRMADA,636.0,2026-10-02,
2026-10-01,DIA,DIA261009C00506000,CALL,506.0,2026-10-09,122,5,73200,ALCISTA,ASK,CONFIRMADA,76.0,2026-10-02,
2026-10-01,DIA,DIA261009C00507000,CALL,507.0,2026-10-09,121,8,63525,ALCISTA,MID,NO CONFIRMADA,43.0,2026-10-02,
2026-10-01,IWM,IWM261005C00278000,CALL,278.0,2026-10-05,2756,111,939796,ALCISTA,ASK,NO CONFIRMADA,638.0,2026-10-02,
2026-10-01,IWM,IWM270630C00280000,CALL,280.0,2027-06-30,500,94,1054500,BAJISTA,BID,CONFIRMADA,562.0,2026-10-02,
2026-10-01,SPY,SPY261016P00733000,PUT,733.0,2026-10-16,30339,29974,6007122,BAJISTA,ASK,NO CONFIRMADA,23016.0,2026-10-02,
2026-10-01,SPY,SPY261023C00765000,CALL,765.0,2026-10-23,5745,1823,5745000,BAJISTA,BID,NO CONFIRMADA,2540.0,2026-10-02,
2026-10-01,TLT,TLT261030C00078000,CALL,78.0,2026-10-30,5787,5432,920133,ALCISTA,ASK,NO CONFIRMADA,6568.0,2026-10-02,
2026-10-01,TLT,TLT261009C00079000,CALL,79.0,2026-10-09,12761,9545,523201,ALCISTA,ASK,NO CONFIRMADA,13786.0,2026-10-02,
2026-10-01,TLT,TLT261016C00077000,CALL,77.0,2026-10-16,3876,3403,682176,ALCISTA,ASK,NO CONFIRMADA,3502.0,2026-10-02,
2026-10-01,TLT,TLT261016C00077500,CALL,77.5,2026-10-16,4218,3183,598956,ALCISTA,ASK,NO CONFIRMADA,3323.0,2026-10-02,
2026-10-01,TLT,TLT280616C00072000,CALL,72.0,2028-06-16,658,173,598780,BAJISTA,BID,NO CONFIRMADA,468.0,2026-10-02,
2026-10-01,TLT,TLT261009C00075000,CALL,75.0,2026-10-09,2118,273,635400,BAJISTA,BID,NO CONFIRMADA,718.0,2026-10-02,
2026-10-01,HYG,HYG261016C00076000,CALL,76.0,2026-10-16,1000,0,114000,BAJISTA,BID,CONFIRMADA,1000.0,2026-10-02,
2026-10-01,SLV,SLV261012P00054000,PUT,54.0,2026-10-12,2098,53,188820,BAJISTA,ASK,CONFIRMADA,2136.0,2026-10-02,
2026-10-01,SLV,SLV261009C00055000,CALL,55.0,2026-10-09,2051,1024,219457,BAJISTA,BID,CONFIRMADA,2254.0,2026-10-02,
2026-10-01,SLV,SLV261016P00055500,PUT,55.5,2026-10-16,1620,1143,317520,BAJISTA,ASK,CONFIRMADA,2713.0,2026-10-02,
2026-10-01,SLV,SLV261016C00053500,CALL,53.5,2026-10-16,479,9,105380,BAJISTA,BID,NO CONFIRMADA,41.0,2026-10-02,
2026-10-01,SLV,SLV261120P00049000,PUT,49.0,2026-11-20,1134,862,81648,BAJISTA,ASK,CONFIRMADA,1981.0,2026-10-02,
2026-10-01,SLV,SLV261023C00053000,CALL,53.0,2026-10-23,366,129,110898,ALCISTA,ASK,NO CONFIRMADA,121.0,2026-10-02,
2026-10-01,SLV,SLV261030C00055000,CALL,55.0,2026-10-30,663,624,144534,ALCISTA,MID,NO CONFIRMADA,925.0,2026-10-02,
2026-10-01,SLV,SLV261007C00046000,CALL,46.0,2026-10-07,108,0,95040,BAJISTA,BID,NO CONFIRMADA,10.0,2026-10-02,
2026-10-01,SLV,SLV261106P00067000,PUT,67.0,2026-11-06,100,100,108000,ALCISTA,BID,CONFIRMADA,200.0,2026-10-02,
2026-10-01,SPX,SPX261218P09300000,PUT,9300.0,2026-12-18,210,0,33474630,BAJISTA,ASK,CONFIRMADA,105.0,2026-10-02,
2026-10-01,SPX,SPX270115P09200000,PUT,9200.0,2027-01-15,218,29,31764998,BAJISTA,ASK,NO CONFIRMADA,136.0,2026-10-02,
2026-10-01,GLD,GLD261009C00368000,CALL,368.0,2026-10-09,343,8,524447,BAJISTA,BID,NO CONFIRMADA,31.0,2026-10-02,
2026-10-01,GLD,GLD261023P00398000,PUT,398.0,2026-10-23,253,39,431365,BAJISTA,MID,NO CONFIRMADA,164.0,2026-10-02,
2026-10-01,GLD,GLD261009C00367000,CALL,367.0,2026-10-09,345,11,557520,BAJISTA,BID,NO CONFIRMADA,37.0,2026-10-02,
2026-10-01,GLD,GLD261009C00364000,CALL,364.0,2026-10-09,146,0,274480,BAJISTA,BID,NO CONFIRMADA,8.0,2026-10-02,
2026-10-01,GLD,GLD261009C00365000,CALL,365.0,2026-10-09,146,41,261486,BAJISTA,BID,NO CONFIRMADA,45.0,2026-10-02,
2026-10-01,SMH,SMH261016P00582500,PUT,582.5,2026-10-16,698,435,436250,BAJISTA,ASK,CONFIRMADA,917.0,2026-10-02,
2026-10-01,KRE,KRE261009P00068000,PUT,68.0,2026-10-09,1115,46,110385,BAJISTA,ASK,CONFIRMADA,1041.0,2026-10-02,
2026-09-30,SMMT,SMMT261120C00020000,CALL,20.0,2026-11-20,2714,456,569940,ALCISTA,MID,CONFIRMADA,3081.0,2026-10-01,
2026-09-30,SMMT,SMMT261023C00020000,CALL,20.0,2026-10-23,1010,48,70700,ALCISTA,ASK,CONFIRMADA,1058.0,2026-10-01,
2026-09-30,SMMT,SMMT261120C00024000,CALL,24.0,2026-11-20,751,12,93875,ALCISTA,MID,CONFIRMADA,761.0,2026-10-01,
2026-09-30,SMMT,SMMT261120C00017000,CALL,17.0,2026-11-20,1349,1188,441123,ALCISTA,MID,NO CONFIRMADA,624.0,2026-10-01,
2026-09-30,SMMT,SMMT261002C00007500,CALL,7.5,2026-10-02,376,14,377880,ALCISTA,MID,CONFIRMADA,371.0,2026-10-01,
2026-09-30,SMMT,SMMT261002C00007000,CALL,7.0,2026-10-02,375,299,392625,ALCISTA,MID,CONFIRMADA,669.0,2026-10-01,
2026-10-01,ADBE,ADBE261009C00252500,CALL,252.5,2026-10-09,401,114,65764,ALCISTA,MID,CONFIRMADA,468.0,2026-10-02,
2026-10-01,AMD,AMD261009C00645000,CALL,645.0,2026-10-09,1422,271,1144710,ALCISTA,ASK,CONFIRMADA,1609.0,2026-10-02,
2026-10-01,AMD,AMD261218P00630000,PUT,630.0,2026-12-18,191,167,1240545,BAJISTA,MID,NO CONFIRMADA,152.0,2026-10-02,
2026-10-01,GOOG,GOOG261009C00347500,CALL,347.5,2026-10-09,2936,663,607752,ALCISTA,ASK,CONFIRMADA,2179.0,2026-10-02,
2026-10-01,GOOG,GOOG261009C00345000,CALL,345.0,2026-10-09,1846,879,487344,ALCISTA,MID,NO CONFIRMADA,1377.0,2026-10-02,
2026-10-01,GOOG,GOOG261023C00340000,CALL,340.0,2026-10-23,465,417,378975,ALCISTA,MID,NO CONFIRMADA,625.0,2026-10-02,
2026-10-01,GOOGL,GOOGL261030P00295000,PUT,295.0,2026-10-30,3829,484,654759,BAJISTA,MID,CONFIRMADA,4240.0,2026-10-02,
2026-10-01,GOOGL,GOOGL261023C00360000,CALL,360.0,2026-10-23,2075,1966,688900,ALCISTA,MID,CONFIRMADA,3051.0,2026-10-02,
2026-10-01,AMZN,AMZN261005C00250000,CALL,250.0,2026-10-05,3776,1452,785408,BAJISTA,BID,NO CONFIRMADA,2194.0,2026-10-02,
2026-10-01,AMZN,AMZN261005P00252500,PUT,252.5,2026-10-05,1103,300,627607,BAJISTA,ASK,NO CONFIRMADA,386.0,2026-10-02,
2026-10-01,AMZN,AMZN261009C00255000,CALL,255.0,2026-10-09,4040,2302,775680,ALCISTA,MID,NO CONFIRMADA,3891.0,2026-10-02,
2026-10-01,AMZN,AMZN261009C00260000,CALL,260.0,2026-10-09,6882,5944,605616,BAJISTA,BID,CONFIRMADA,9575.0,2026-10-02,
2026-10-01,AMZN,AMZN261005P00250000,PUT,250.0,2026-10-05,2464,862,726880,BAJISTA,MID,CONFIRMADA,2107.0,2026-10-02,
2026-10-01,AMZN,AMZN261005C00247500,CALL,247.5,2026-10-05,1587,770,531645,BAJISTA,BID,NO CONFIRMADA,1415.0,2026-10-02,
2026-10-01,AMZN,AMZN261005P00257500,PUT,257.5,2026-10-05,526,429,516532,BAJISTA,ASK,NO CONFIRMADA,465.0,2026-10-02,
2026-10-01,AMAT,AMAT261106P00450000,PUT,450.0,2026-11-06,254,34,206756,BAJISTA,ASK,CONFIRMADA,205.0,2026-10-02,
2026-10-01,AMAT,AMAT261106C00570000,CALL,570.0,2026-11-06,110,11,226710,ALCISTA,MID,CONFIRMADA,82.0,2026-10-02,
2026-10-01,APP,APP261016C00290000,CALL,290.0,2026-10-16,462,115,369600,ALCISTA,MID,NO CONFIRMADA,329.0,2026-10-02,
2026-10-01,APP,APP261009C00277500,CALL,277.5,2026-10-09,333,0,313353,BAJISTA,BID,CONFIRMADA,235.0,2026-10-02,
2026-10-01,APP,APP261016C00280000,CALL,280.0,2026-10-16,236,123,283200,ALCISTA,MID,NO CONFIRMADA,175.0,2026-10-02,
2026-10-01,APP,APP261106C00300000,CALL,300.0,2026-11-06,187,119,316965,ALCISTA,MID,CONFIRMADA,301.0,2026-10-02,
2026-10-01,AAPL,AAPL261005P00327500,PUT,327.5,2026-10-05,3095,507,643760,BAJISTA,MID,NO CONFIRMADA,1754.0,2026-10-02,
2026-10-01,AAPL,AAPL280616P00350000,PUT,350.0,2028-06-16,143,0,677105,BAJISTA,MID,CONFIRMADA,72.0,2026-10-02,
2026-10-01,AAPL,AAPL261005C00300000,CALL,300.0,2026-10-05,267,3,712089,BAJISTA,BID,NO CONFIRMADA,61.0,2026-10-02,
2026-10-01,BAC,BAC261009C00053000,CALL,53.0,2026-10-09,544,35,70176,ALCISTA,ASK,CONFIRMADA,343.0,2026-10-02,
2026-10-01,BAC,BAC261009C00055000,CALL,55.0,2026-10-09,3091,2143,102003,ALCISTA,ASK,NO CONFIRMADA,3194.0,2026-10-02,
2026-10-01,BAC,BAC261016P00052000,PUT,52.0,2026-10-16,1732,578,128168,BAJISTA,MID,CONFIRMADA,1526.0,2026-10-02,
2026-10-01,BAC,BAC261016C00053000,CALL,53.0,2026-10-16,485,59,91180,ALCISTA,MID,CONFIRMADA,311.0,2026-10-02,
2026-10-01,BAC,BAC261120P00047000,PUT,47.0,2026-11-20,2698,1425,102524,BAJISTA,MID,CONFIRMADA,3867.0,2026-10-02,
2026-10-01,BX,BX261030P00100000,PUT,100.0,2026-10-30,606,77,95142,BAJISTA,ASK,CONFIRMADA,676.0,2026-10-02,
2026-10-01,BX,BX261009P00110000,PUT,110.0,2026-10-09,409,265,66258,BAJISTA,MID,CONFIRMADA,680.0,2026-10-02,
2026-10-01,BMY,BMY261009C00065000,CALL,65.0,2026-10-09,4403,579,52836,ALCISTA,MID,CONFIRMADA,4570.0,2026-10-02,
2026-10-01,AVGO,AVGO261106P00330000,PUT,330.0,2026-11-06,498,258,408360,BAJISTA,ASK,CONFIRMADA,579.0,2026-10-02,
2026-10-01,AVGO,AVGO261113P00330000,PUT,330.0,2026-11-13,412,0,374920,BAJISTA,MID,CONFIRMADA,322.0,2026-10-02,
2026-10-01,AVGO,AVGO261009C00317500,CALL,317.5,2026-10-09,126,0,388710,BAJISTA,BID,NO CONFIRMADA,10.0,2026-10-02,
2026-10-01,AVGO,AVGO261009C00315000,CALL,315.0,2026-10-09,126,34,418824,BAJISTA,BID,NO CONFIRMADA,44.0,2026-10-02,
2026-10-01,BE,BE261113P00230000,PUT,230.0,2026-11-13,195,0,205725,BAJISTA,ASK,CONFIRMADA,201.0,2026-10-02,
2026-10-01,BE,BE261106C00390000,CALL,390.0,2026-11-06,522,84,263610,BAJISTA,BID,CONFIRMADA,521.0,2026-10-02,
2026-10-01,CHTR,CHTR261009P00105000,PUT,105.0,2026-10-09,389,105,60295,BAJISTA,ASK,NO CONFIRMADA,298.0,2026-10-02,
2026-10-01,CSCO,CSCO261009C00111000,CALL,111.0,2026-10-09,5061,1650,339087,BAJISTA,BID,CONFIRMADA,4216.0,2026-10-02,
2026-10-01,KO,KO261009P00085000,PUT,85.0,2026-10-09,1092,916,51324,BAJISTA,MID,CONFIRMADA,1816.0,2026-10-02,
2026-10-01,COHR,COHR261030C00370000,CALL,370.0,2026-10-30,167,104,180360,ALCISTA,ASK,NO CONFIRMADA,181.0,2026-10-02,
2026-10-01,GLW,GLW261009P00149000,PUT,149.0,2026-10-09,306,43,54774,BAJISTA,ASK,CONFIRMADA,267.0,2026-10-02,
2026-10-01,GLW,GLW261009P00150000,PUT,150.0,2026-10-09,380,261,72200,BAJISTA,ASK,CONFIRMADA,577.0,2026-10-02,
2026-10-01,COST,COST261009C00940000,CALL,940.0,2026-10-09,285,232,91200,ALCISTA,MID,NO CONFIRMADA,214.0,2026-10-02,
2026-10-01,DELL,DELL261009C00520000,CALL,520.0,2026-10-09,101,73,318150,BAJISTA,BID,NO CONFIRMADA,104.0,2026-10-02,
2026-10-01,ETN,ETN261030P00390000,PUT,390.0,2026-10-30,151,41,69460,BAJISTA,ASK,CONFIRMADA,159.0,2026-10-02,
2026-10-01,XOM,XOM261113C00170000,CALL,170.0,2026-11-13,284,0,105932,ALCISTA,MID,CONFIRMADA,142.0,2026-10-02,
2026-10-01,FSLR,FSLR270617P00145000,PUT,145.0,2027-06-17,204,176,307020,ALCISTA,BID,CONFIRMADA,304.0,2026-10-02,
2026-10-01,HD,HD261009C00282500,CALL,282.5,2026-10-09,171,9,82764,ALCISTA,ASK,NO CONFIRMADA,82.0,2026-10-02,
2026-10-01,HD,HD261016P00277500,PUT,277.5,2026-10-16,204,158,92820,BAJISTA,ASK,NO CONFIRMADA,175.0,2026-10-02,
2026-10-01,HD,HD261120P00250000,PUT,250.0,2026-11-20,471,337,121047,BAJISTA,ASK,NO CONFIRMADA,496.0,2026-10-02,
2026-10-01,HD,HD261120P00245000,PUT,245.0,2026-11-20,336,146,65184,BAJISTA,ASK,CONFIRMADA,414.0,2026-10-02,
2026-10-01,HD,HD261009C00280000,CALL,280.0,2026-10-09,160,18,93280,BAJISTA,BID,CONFIRMADA,109.0,2026-10-02,
2026-10-01,HD,HD261009C00287500,CALL,287.5,2026-10-09,344,129,82560,BAJISTA,BID,CONFIRMADA,329.0,2026-10-02,
2026-10-01,HD,HD261030C00305000,CALL,305.0,2026-10-30,302,46,63420,ALCISTA,MID,CONFIRMADA,324.0,2026-10-02,
2026-10-01,HD,HD261016C00295000,CALL,295.0,2026-10-16,282,150,56964,BAJISTA,BID,CONFIRMADA,346.0,2026-10-02,
2026-10-01,IBM,IBM261106P00210000,PUT,210.0,2026-11-06,161,11,94990,BAJISTA,ASK,CONFIRMADA,166.0,2026-10-02,
2026-10-01,IBM,IBM261009C00237500,CALL,237.5,2026-10-09,838,298,105588,ALCISTA,MID,NO CONFIRMADA,465.0,2026-10-02,
2026-10-01,INTC,INTC261007C00120000,CALL,120.0,2026-10-07,1575,1516,724500,BAJISTA,BID,NO CONFIRMADA,1184.0,2026-10-02,
2026-10-01,J,J261016C00150000,CALL,150.0,2026-10-16,1089,140,53361,BAJISTA,BID,NO CONFIRMADA,406.0,2026-10-02,
2026-10-01,JPM,JPM261106P00330000,PUT,330.0,2026-11-06,120,25,122400,BAJISTA,MID,CONFIRMADA,128.0,2026-10-02,
2026-10-01,LRCX,LRCX261009P00305000,PUT,305.0,2026-10-09,905,65,190050,BAJISTA,ASK,CONFIRMADA,930.0,2026-10-02,
2026-10-01,LRCX,LRCX261023C00395000,CALL,395.0,2026-10-23,455,66,238875,ALCISTA,ASK,CONFIRMADA,516.0,2026-10-02,
2026-10-01,LULU,LULU261009C00087000,CALL,87.0,2026-10-09,122,0,133590,ALCISTA,MID,CONFIRMADA,122.0,2026-10-02,
2026-10-01,LULU,LULU261009C00088000,CALL,88.0,2026-10-09,124,2,123504,ALCISTA,MID,CONFIRMADA,122.0,2026-10-02,
2026-10-01,LITE,LITE261016C01150000,CALL,1150.0,2026-10-16,378,223,1219050,ALCISTA,ASK,NO CONFIRMADA,240.0,2026-10-02,
2026-10-01,MCD,MCD270917P00175000,PUT,175.0,2027-09-17,600,58,201000,BAJISTA,ASK,CONFIRMADA,658.0,2026-10-02,
2026-10-01,MCD,MCD261009C00235000,CALL,235.0,2026-10-09,548,367,90420,ALCISTA,MID,NO CONFIRMADA,606.0,2026-10-02,
2026-10-01,MCD,MCD261009C00232500,CALL,232.5,2026-10-09,293,210,78817,ALCISTA,MID,NO CONFIRMADA,341.0,2026-10-02,
2026-10-01,MCD,MCD261023C00230000,CALL,230.0,2026-10-23,122,34,73688,ALCISTA,MID,CONFIRMADA,139.0,2026-10-02,
2026-10-01,MCD,MCD261009C00230000,CALL,230.0,2026-10-09,154,147,64680,ALCISTA,MID,NO CONFIRMADA,176.0,2026-10-02,
2026-10-01,MRVL,MRVL270416P00155000,PUT,155.0,2027-04-16,705,31,419475,BAJISTA,ASK,CONFIRMADA,736.0,2026-10-02,
2026-10-01,META,META261005C00730000,CALL,730.0,2026-10-05,1198,768,1144090,ALCISTA,ASK,NO CONFIRMADA,1094.0,2026-10-02,
2026-10-01,MSFT,MSFT261014C00470000,CALL,470.0,2026-10-14,184,19,844928,BAJISTA,BID,CONFIRMADA,111.0,2026-10-02,
2026-10-01,MU,MU261023C01075000,CALL,1075.0,2026-10-23,1266,407,6856656,BAJISTA,BID,NO CONFIRMADA,586.0,2026-10-02,
2026-10-01,MU,MU270115P01650000,PUT,1650.0,2027-01-15,197,54,11938791,BAJISTA,ASK,NO CONFIRMADA,144.0,2026-10-02,
2026-10-01,MRNA,MRNA261009C00192500,CALL,192.5,2026-10-09,149,48,137676,ALCISTA,MID,NO CONFIRMADA,73.0,2026-10-02,
2026-10-01,NFLX,NFLX261009C00069000,CALL,69.0,2026-10-09,3011,775,298089,ALCISTA,ASK,CONFIRMADA,3515.0,2026-10-02,
2026-10-01,NFLX,NFLX261009C00067000,CALL,67.0,2026-10-09,2101,89,441210,ALCISTA,ASK,CONFIRMADA,2247.0,2026-10-02,
2026-10-01,NFLX,NFLX261106P00067000,PUT,67.0,2026-11-06,535,93,160500,BAJISTA,ASK,CONFIRMADA,581.0,2026-10-02,
2026-10-01,NFLX,NFLX261009P00068000,PUT,68.0,2026-10-09,4708,1188,470800,BAJISTA,MID,CONFIRMADA,4313.0,2026-10-02,
2026-10-01,NFLX,NFLX261009C00066000,CALL,66.0,2026-10-09,1502,21,428070,ALCISTA,MID,CONFIRMADA,1524.0,2026-10-02,
2026-10-01,NFLX,NFLX261009C00070000,CALL,70.0,2026-10-09,5783,3474,352763,BAJISTA,BID,CONFIRMADA,7786.0,2026-10-02,
2026-10-01,NFLX,NFLX261023C00069000,CALL,69.0,2026-10-23,689,226,208767,BAJISTA,BID,CONFIRMADA,776.0,2026-10-02,
2026-10-01,NFLX,NFLX261009C00068000,CALL,68.0,2026-10-09,1524,301,220980,ALCISTA,MID,CONFIRMADA,1903.0,2026-10-02,
2026-10-01,NFLX,NFLX261023C00068000,CALL,68.0,2026-10-23,652,81,231460,ALCISTA,MID,CONFIRMADA,538.0,2026-10-02,
2026-10-01,NFLX,NFLX280616C00125000,CALL,125.0,2028-06-16,1168,800,434496,ALCISTA,MID,CONFIRMADA,1447.0,2026-10-02,
2026-10-01,NFLX,NFLX261120C00002500,CALL,2.5,2026-11-20,100,0,658500,ALCISTA,MID,CONFIRMADA,100.0,2026-10-02,
2026-10-01,NFLX,NFLX270319C00062500,CALL,62.5,2027-03-19,148,2,164132,ALCISTA,MID,CONFIRMADA,152.0,2026-10-02,
2026-10-01,NKE,NKE261023C00037000,CALL,37.0,2026-10-23,525,322,79275,ALCISTA,MID,CONFIRMADA,870.0,2026-10-02,
2026-10-01,NKE,NKE261030C00036000,CALL,36.0,2026-10-30,457,373,93685,BAJISTA,BID,CONFIRMADA,967.0,2026-10-02,
2026-10-01,NVDA,NVDA261005P00227500,PUT,227.5,2026-10-05,12980,1427,1531640,BAJISTA,ASK,NO CONFIRMADA,2684.0,2026-10-02,
2026-10-01,NVDA,NVDA261014C00230000,CALL,230.0,2026-10-14,2428,210,1468940,ALCISTA,ASK,NO CONFIRMADA,632.0,2026-10-02,
2026-10-01,ORCL,ORCL261009C00137000,CALL,137.0,2026-10-09,342,228,164160,ALCISTA,ASK,NO CONFIRMADA,234.0,2026-10-02,
2026-10-01,PANW,PANW261030C00440000,CALL,440.0,2026-10-30,132,132,107580,ALCISTA,ASK,CONFIRMADA,215.0,2026-10-02,
2026-10-01,CRM,CRM261016P00217500,PUT,217.5,2026-10-16,448,193,81536,BAJISTA,ASK,CONFIRMADA,505.0,2026-10-02,
2026-10-01,CRM,CRM261009C00232500,CALL,232.5,2026-10-09,123,61,73800,ALCISTA,ASK,CONFIRMADA,134.0,2026-10-02,
2026-10-01,SNDK,SNDK270319C03390000,CALL,3390.0,2027-03-19,313,78,1665160,BAJISTA,BID,NO CONFIRMADA,137.0,2026-10-02,
2026-10-01,SNDK,SNDK261016P01730000,PUT,1730.0,2026-10-16,270,181,1685070,ALCISTA,BID,NO CONFIRMADA,272.0,2026-10-02,
2026-10-01,SNDK,SNDK261030P01700000,PUT,1700.0,2026-10-30,174,145,1694064,BAJISTA,MID,NO CONFIRMADA,148.0,2026-10-02,
2026-10-01,TSLA,TSLA261005C00365000,CALL,365.0,2026-10-05,6551,1317,1899790,ALCISTA,MID,NO CONFIRMADA,2510.0,2026-10-02,
2026-10-01,TSLA,TSLA261005P00370000,PUT,370.0,2026-10-05,1120,531,1579200,BAJISTA,ASK,NO CONFIRMADA,496.0,2026-10-02,
2026-10-01,TSLA,TSLA270917P00250000,PUT,250.0,2027-09-17,1024,557,1454080,BAJISTA,ASK,CONFIRMADA,1539.0,2026-10-02,
2026-10-01,TSLA,TSLA261007C00357500,CALL,357.5,2026-10-07,2154,216,1615500,ALCISTA,MID,NO CONFIRMADA,692.0,2026-10-02,
2026-10-01,TSLA,TSLA261009C00365000,CALL,365.0,2026-10-09,3179,2433,1780240,ALCISTA,MID,NO CONFIRMADA,2767.0,2026-10-02,
2026-10-01,TSLA,TSLA261016C00357500,CALL,357.5,2026-10-16,1188,985,1435104,ALCISTA,ASK,NO CONFIRMADA,1088.0,2026-10-02,
2026-10-01,TSLA,TSLA261005C00377500,CALL,377.5,2026-10-05,18236,15758,1385936,ALCISTA,MID,NO CONFIRMADA,7825.0,2026-10-02,
2026-10-01,TSLA,TSLA261005C00350000,CALL,350.0,2026-10-05,2270,1024,2360800,ALCISTA,MID,NO CONFIRMADA,1192.0,2026-10-02,
2026-10-01,TSLA,TSLA261120P00500000,PUT,500.0,2026-11-20,110,65,1553530,BAJISTA,MID,NO CONFIRMADA,17.0,2026-10-02,
2026-10-01,UNH,UNH261009P00367500,PUT,367.5,2026-10-09,127,80,122047,BAJISTA,MID,CONFIRMADA,205.0,2026-10-02,
2026-10-01,WMT,WMT261030P00103000,PUT,103.0,2026-10-30,285,107,52155,BAJISTA,ASK,CONFIRMADA,287.0,2026-10-02,
2026-10-01,ALAB,ALAB261009C00425000,CALL,425.0,2026-10-09,167,66,67635,BAJISTA,BID,NO CONFIRMADA,128.0,2026-10-02,
2026-10-01,CRWV,CRWV261009C00092000,CALL,92.0,2026-10-09,736,692,183264,ALCISTA,ASK,CONFIRMADA,1159.0,2026-10-02,
2026-10-01,CRWV,CRWV261009P00099000,PUT,99.0,2026-10-09,201,121,232356,BAJISTA,ASK,CONFIRMADA,305.0,2026-10-02,
2026-10-01,CRWV,CRWV261030C00110000,CALL,110.0,2026-10-30,1108,783,176172,BAJISTA,BID,CONFIRMADA,1759.0,2026-10-02,
2026-10-01,ASML,ASML261009P01715000,PUT,1715.0,2026-10-09,124,30,139872,BAJISTA,ASK,CONFIRMADA,116.0,2026-10-02,
2026-10-01,NBIS,NBIS261009C00232500,CALL,232.5,2026-10-09,218,64,289940,ALCISTA,MID,CONFIRMADA,181.0,2026-10-02,
2026-10-01,SHOP,SHOP261009P00142000,PUT,142.0,2026-10-09,303,161,60297,BAJISTA,ASK,CONFIRMADA,473.0,2026-10-02,
2026-10-01,UPS,UPS270115C00060000,CALL,60.0,2027-01-15,1260,0,5607000,ALCISTA,MID,NO CONFIRMADA,25.0,2026-10-02,
2026-10-01,UPS,UPS261009P00105000,PUT,105.0,2026-10-09,170,0,224400,BAJISTA,ASK,PENDIENTE,,,
2026-10-01,UPS,UPS270319P00125000,PUT,125.0,2027-03-19,113,68,276285,ALCISTA,BID,NO CONFIRMADA,68.0,2026-10-02,
2026-09-30,DYN,DYN261120C00018000,CALL,18.0,2026-11-20,4001,2,280070,BAJISTA,BID,CONFIRMADA,4003.0,2026-10-01,
2026-09-30,DYN,DYN271217P00017000,PUT,17.0,2027-12-17,556,77,361400,BAJISTA,MID,CONFIRMADA,359.0,2026-10-01,
2026-09-30,DYN,DYN271217C00017000,CALL,17.0,2027-12-17,361,124,227430,ALCISTA,MID,CONFIRMADA,434.0,2026-10-01,
2026-09-30,DYN,DYN261120P00017000,PUT,17.0,2026-11-20,300,6,57000,ALCISTA,BID,CONFIRMADA,300.0,2026-10-01,
2026-09-30,MLYS,MLYS270115C00022500,CALL,22.5,2027-01-15,339,246,213570,ALCISTA,MID,NO CONFIRMADA,246.0,2026-10-01,
2026-09-29,PRAX,PRAX261218C00350000,CALL,350.0,2026-12-18,269,175,416950,BAJISTA,BID,CONFIRMADA,557.0,2026-10-01,
2026-09-30,Q,Q261120P00120000,PUT,120.0,2026-11-20,191,186,141340,BAJISTA,MID,CONFIRMADA,364.0,2026-10-01,
2026-09-30,CADL,CADL270416C00005000,CALL,5.0,2027-04-16,450,206,283500,ALCISTA,ASK,NO CONFIRMADA,206.0,2026-10-01,
2026-10-01,VIX,VIXW261028C00020000,CALL,20.0,2026-10-28,2019,293,234204,ALCISTA,MID,CONFIRMADA,2096.0,2026-10-02,
2026-10-01,VIX,VIX261118C00036000,CALL,36.0,2026-11-18,4005,2668,244305,ALCISTA,MID,CONFIRMADA,6672.0,2026-10-02,
2026-10-01,NDX,NDX261120P29250000,PUT,29250.0,2026-11-20,102,3,4672620,BAJISTA,ASK,CONFIRMADA,105.0,2026-10-02,
2026-10-01,NDX,NDX270917C36500000,CALL,36500.0,2027-09-17,360,204,36000000,BAJISTA,BID,CONFIRMADA,399.0,2026-10-02,
2026-10-01,SPX,SPXW261127C07000000,CALL,7000.0,2026-11-27,1798,0,134269246,ALCISTA,MID,CONFIRMADA,1865.0,2026-10-02,
2026-10-01,SPX,SPX261218C07730000,CALL,7730.0,2026-12-18,4225,2973,84077500,BAJISTA,BID,CONFIRMADA,5532.0,2026-10-02,
2026-10-01,SPX,SPX261218P07730000,PUT,7730.0,2026-12-18,4226,2979,84097400,BAJISTA,ASK,CONFIRMADA,5321.0,2026-10-02,
2026-10-01,ICE,ICE261120P00150000,PUT,150.0,2026-11-20,118,33,61360,NEUTRAL,MID,CONFIRMADA,141.0,2026-10-02,
2026-10-01,META,META261016P00720000,PUT,720.0,2026-10-16,2290,1239,4179250,BAJISTA,ASK,NO CONFIRMADA,2336.0,2026-10-02,
2026-10-01,META,META270319P00770000,PUT,770.0,2027-03-19,262,94,2534588,ALCISTA,BID,CONFIRMADA,335.0,2026-10-02,
2026-10-01,MRNA,MRNA261009C00207500,CALL,207.5,2026-10-09,2431,55,906763,NEUTRAL,MID,CONFIRMADA,2438.0,2026-10-02,
2026-10-01,MRNA,MRNA261009C00210000,CALL,210.0,2026-10-09,533,415,194545,ALCISTA,ASK,NO CONFIRMADA,637.0,2026-10-02,
2026-10-01,MRNA,MRNA261023C00197500,CALL,197.5,2026-10-23,201,63,327027,ALCISTA,ASK,CONFIRMADA,227.0,2026-10-02,
2026-10-01,MRNA,MRNA261023C00187500,CALL,187.5,2026-10-23,200,12,425400,ALCISTA,ASK,CONFIRMADA,209.0,2026-10-02,
2026-10-01,MRNA,MRNA261120P00195000,PUT,195.0,2026-11-20,157,64,442112,ALCISTA,BID,CONFIRMADA,179.0,2026-10-02,
2026-10-01,MRNA,MRNA270617C00250000,CALL,250.0,2027-06-17,205,145,695975,BAJISTA,BID,CONFIRMADA,306.0,2026-10-02,
2026-10-01,MRNA,MRNA261009P00187500,PUT,187.5,2026-10-09,262,97,202002,NEUTRAL,MID,CONFIRMADA,294.0,2026-10-02,
2026-10-01,MRNA,MRNA270617P00200000,PUT,200.0,2027-06-17,200,132,1018000,ALCISTA,BID,CONFIRMADA,314.0,2026-10-02,
2026-10-01,SMCI,SMCI270319C00070000,CALL,70.0,2027-03-19,5077,913,1411406,NEUTRAL,MID,CONFIRMADA,5808.0,2026-10-02,
2026-10-01,SMCI,SMCI261030C00047000,CALL,47.0,2026-10-30,2110,570,333380,NEUTRAL,MID,CONFIRMADA,2362.0,2026-10-02,
2026-10-01,SMCI,SMCI261030C00039000,CALL,39.0,2026-10-30,971,211,478703,NEUTRAL,MID,CONFIRMADA,1131.0,2026-10-02,
2026-10-01,SMCI,SMCI261009P00041500,PUT,41.5,2026-10-09,1315,299,188045,NEUTRAL,MID,CONFIRMADA,1437.0,2026-10-02,
2026-10-01,SMCI,SMCI261030P00032000,PUT,32.0,2026-10-30,3077,855,95387,NEUTRAL,MID,CONFIRMADA,3770.0,2026-10-02,
2026-10-01,SMCI,SMCI261016P00042500,PUT,42.5,2026-10-16,669,333,168588,ALCISTA,BID,CONFIRMADA,728.0,2026-10-02,
2026-10-01,SMCI,SMCI270917C00035000,CALL,35.0,2027-09-17,127,95,203200,NEUTRAL,MID,NO CONFIRMADA,141.0,2026-10-02,
2026-10-01,SMCI,SMCI261030C00033000,CALL,33.0,2026-10-30,102,51,94656,BAJISTA,BID,CONFIRMADA,120.0,2026-10-02,
2026-10-01,UNH,UNH261009C00380000,CALL,380.0,2026-10-09,1652,629,459256,NEUTRAL,MID,CONFIRMADA,2116.0,2026-10-02,
2026-10-01,UNH,UNH261016C00370000,CALL,370.0,2026-10-16,395,322,517450,NEUTRAL,MID,NO CONFIRMADA,405.0,2026-10-02,
2026-10-01,UNH,UNH261016P00330000,PUT,330.0,2026-10-16,1447,945,422524,NEUTRAL,MID,CONFIRMADA,2265.0,2026-10-02,
2026-10-01,UNH,UNH270319C00340000,CALL,340.0,2027-03-19,251,194,1217350,BAJISTA,BID,CONFIRMADA,422.0,2026-10-02,
2026-10-01,UNH,UNH261009C00370000,CALL,370.0,2026-10-09,290,270,176900,NEUTRAL,MID,NO CONFIRMADA,347.0,2026-10-02,
2026-10-01,UNH,UNH261016C00365000,CALL,365.0,2026-10-16,198,68,306108,NEUTRAL,MID,CONFIRMADA,216.0,2026-10-02,
2026-10-01,UNH,UNH261023P00370000,PUT,370.0,2026-10-23,304,196,532304,ALCISTA,BID,CONFIRMADA,441.0,2026-10-02,
2026-10-01,UNH,UNH261023P00380000,PUT,380.0,2026-10-23,283,183,668729,NEUTRAL,MID,CONFIRMADA,454.0,2026-10-02,
2026-10-01,VLO,VLO270917P00320000,PUT,320.0,2027-09-17,170,13,515100,BAJISTA,ASK,CONFIRMADA,183.0,2026-10-02,
2026-10-01,VLO,VLO261016P00382500,PUT,382.5,2026-10-16,157,22,128112,BAJISTA,ASK,CONFIRMADA,178.0,2026-10-02,
2026-10-01,VLO,VLO270115P00390000,PUT,390.0,2027-01-15,161,61,561890,BAJISTA,ASK,CONFIRMADA,216.0,2026-10-02,
2026-10-01,VLO,VLO270319P00280000,PUT,280.0,2027-03-19,257,42,197376,NEUTRAL,MID,CONFIRMADA,281.0,2026-10-02,
2026-10-01,VLO,VLO261009P00402500,PUT,402.5,2026-10-09,109,101,113360,BAJISTA,ASK,CONFIRMADA,203.0,2026-10-02,
2026-10-01,VLO,VLO261016P00365000,PUT,365.0,2026-10-16,814,488,219780,NEUTRAL,MID,CONFIRMADA,1091.0,2026-10-02,
2026-10-01,PLTR,PLTR261009C00197500,CALL,197.5,2026-10-09,5783,1310,1173949,ALCISTA,ASK,CONFIRMADA,6352.0,2026-10-02,0.25
2026-10-01,PLTR,PLTR280616C00230000,CALL,230.0,2028-06-16,150,27,724500,BAJISTA,BID,CONFIRMADA,177.0,2026-10-02,1.0
2026-10-01,PLTR,PLTR261009C00202500,CALL,202.5,2026-10-09,4824,1231,511344,ALCISTA,ASK,CONFIRMADA,5003.0,2026-10-02,0.25
2026-10-01,PLTR,PLTR280616P00135000,PUT,135.0,2028-06-16,376,1,789600,NEUTRAL,MID,CONFIRMADA,377.0,2026-10-02,1.0
2026-10-01,PLTR,PLTR261009C00150000,CALL,150.0,2026-10-09,225,79,914175,ALCISTA,ASK,CONFIRMADA,288.0,2026-10-02,0.3
2026-10-01,PLTR,PLTR261009C00200000,CALL,200.0,2026-10-09,5918,5007,822602,BAJISTA,BID,NO CONFIRMADA,6812.0,2026-10-02,0.25
2026-10-01,HOOD,HOOD261009P00109000,PUT,109.0,2026-10-09,1673,761,428288,BAJISTA,ASK,CONFIRMADA,2016.0,2026-10-02,0.25
2026-10-01,HOOD,HOOD270617P00110000,PUT,110.0,2027-06-17,654,649,1321080,NEUTRAL,MID,CONFIRMADA,1297.0,2026-10-02,1.0
2026-10-01,HOOD,HOOD261030C00111000,CALL,111.0,2026-10-30,335,71,271350,ALCISTA,ASK,CONFIRMADA,388.0,2026-10-02,0.25
2026-10-01,HOOD,HOOD270917C00185000,CALL,185.0,2027-09-17,424,293,485480,NEUTRAL,MID,CONFIRMADA,629.0,2026-10-02,1.0
2026-10-01,HOOD,HOOD261009P00113000,PUT,113.0,2026-10-09,1323,408,611226,NEUTRAL,MID,CONFIRMADA,1374.0,2026-10-02,0.25
2026-10-01,HOOD,HOOD261009C00116000,CALL,116.0,2026-10-09,2005,1032,366915,NEUTRAL,MID,CONFIRMADA,2354.0,2026-10-02,0.25
2026-10-01,HOOD,HOOD261030P00113000,PUT,113.0,2026-10-30,492,219,405900,NEUTRAL,MID,CONFIRMADA,683.0,2026-10-02,1.0
2026-10-01,HOOD,HOOD261030P00116000,PUT,116.0,2026-10-30,316,82,303360,ALCISTA,BID,CONFIRMADA,390.0,2026-10-02,0.25
2026-10-01,HOOD,HOOD261030C00110000,CALL,110.0,2026-10-30,363,280,312180,ALCISTA,ASK,NO CONFIRMADA,460.0,2026-10-02,0.25
2026-10-01,MSTR,MSTR261016C00162500,CALL,162.5,2026-10-16,915,522,704550,ALCISTA,ASK,CONFIRMADA,1099.0,2026-10-02,1.0
2026-10-01,MSTR,MSTR261009P00155000,PUT,155.0,2026-10-09,2251,2181,787850,BAJISTA,ASK,NO CONFIRMADA,2967.0,2026-10-02,0.25
2026-10-01,MSTR,MSTR261009P00170000,PUT,170.0,2026-10-09,724,707,868800,ALCISTA,BID,NO CONFIRMADA,947.0,2026-10-02,1.0
2026-10-01,MSTR,MSTR261023C00160000,CALL,160.0,2026-10-23,1186,1052,1248858,NEUTRAL,MID,NO CONFIRMADA,1245.0,2026-10-02,1.0
2026-10-01,MSTR,MSTR261009C00172500,CALL,172.5,2026-10-09,3004,2435,738984,NEUTRAL,MID,CONFIRMADA,4518.0,2026-10-02,0.25
2026-10-01,SOFI,SOFI261030C00016000,CALL,16.0,2026-10-30,3646,2929,350016,ALCISTA,ASK,NO CONFIRMADA,4254.0,2026-10-02,0.25
2026-10-01,SOFI,SOFI261023C00017000,CALL,17.0,2026-10-23,7311,3642,197397,BAJISTA,BID,CONFIRMADA,9242.0,2026-10-02,1.0
2026-10-01,SOFI,SOFI261009C00015500,CALL,15.5,2026-10-09,3350,3125,197650,BAJISTA,BID,NO CONFIRMADA,3488.0,2026-10-02,1.0
2026-10-01,XLE,XLE270917P00058000,PUT,58.0,2027-09-17,1939,24,659260,BAJISTA,ASK,CONFIRMADA,1963.0,2026-10-02,1.0
2026-10-01,XLE,XLE261030P00062000,PUT,62.0,2026-10-30,498,258,70218,NEUTRAL,MID,CONFIRMADA,522.0,2026-10-02,1.0
2026-10-01,XLF,XLF270917P00047000,PUT,47.0,2027-09-17,15003,2,1950390,NEUTRAL,MID,CONFIRMADA,15004.0,2026-10-02,1.0
2026-10-01,XLF,XLF270115P00060000,PUT,60.0,2027-01-15,100,82,67800,NEUTRAL,MID,CONFIRMADA,182.0,2026-10-02,0.3
2026-10-01,SPY,SPY270331P00775000,PUT,775.0,2027-03-31,3848,317,12075024,ALCISTA,BID,CONFIRMADA,3949.0,2026-10-02,1.0
2026-10-01,XLK,XLK270115C00215000,CALL,215.0,2027-01-15,958,792,450260,BAJISTA,BID,CONFIRMADA,1564.0,2026-10-02,1.0
2026-10-01,TLT,TLT270917C00086000,CALL,86.0,2027-09-17,75812,4190,12508980,NEUTRAL,MID,CONFIRMADA,77170.0,2026-10-02,1.0
2026-10-01,TLT,TLT261120P00076000,PUT,76.0,2026-11-20,24251,20693,2885869,BAJISTA,ASK,CONFIRMADA,36710.0,2026-10-02,1.0
2026-10-01,TLT,TLT261218P00073000,PUT,73.0,2026-12-18,85698,57402,7027236,BAJISTA,ASK,CONFIRMADA,133522.0,2026-10-02,1.0
2026-10-01,TLT,TLT270115C00072000,CALL,72.0,2027-01-15,1785,212,1185240,ALCISTA,ASK,CONFIRMADA,1948.0,2026-10-02,1.0
2026-10-01,TLT,TLT261016C00079000,CALL,79.0,2026-10-16,26154,16277,1438470,BAJISTA,BID,NO CONFIRMADA,28606.0,2026-10-02,1.0
2026-10-01,TLT,TLT261120C00078000,CALL,78.0,2026-11-20,12344,8406,2308328,NEUTRAL,MID,CONFIRMADA,15028.0,2026-10-02,1.0
2026-10-01,TLT,TLT261030C00080000,CALL,80.0,2026-10-30,19797,18832,1207617,BAJISTA,BID,NO CONFIRMADA,20795.0,2026-10-02,1.0
2026-10-01,TLT,TLT261218C00079000,CALL,79.0,2026-12-18,6823,5182,1200848,BAJISTA,BID,CONFIRMADA,9127.0,2026-10-02,1.0
2026-10-01,TLT,TLT270115C00078000,CALL,78.0,2027-01-15,4495,3605,1119255,BAJISTA,BID,CONFIRMADA,6414.0,2026-10-02,1.0
2026-10-01,QQQ,QQQ261106P00713000,PUT,713.0,2026-11-06,14042,19,12062078,BAJISTA,ASK,CONFIRMADA,14056.0,2026-10-02,1.0
2026-10-01,QQQ,QQQ271217P00720000,PUT,720.0,2027-12-17,2005,1629,10423995,NEUTRAL,MID,CONFIRMADA,3631.0,2026-10-02,1.0
2026-10-01,QQQ,QQQ270115C00360000,CALL,360.0,2027-01-15,250,65,9712000,ALCISTA,ASK,CONFIRMADA,312.0,2026-10-02,0.075
2026-10-01,QQQ,QQQ270115C00370000,CALL,370.0,2027-01-15,204,46,7674072,BAJISTA,BID,CONFIRMADA,245.0,2026-10-02,0.075
2026-10-01,QQQ,QQQ270115C00365000,CALL,365.0,2027-01-15,200,121,7651200,NEUTRAL,MID,CONFIRMADA,318.0,2026-10-02,0.075
2026-10-01,IWM,IWM270219C00305000,CALL,305.0,2027-02-19,6676,581,3111016,BAJISTA,BID,CONFIRMADA,6926.0,2026-10-02,1.0
2026-10-01,IWM,IWM261030C00285000,CALL,285.0,2026-10-30,3716,788,1397216,BAJISTA,BID,CONFIRMADA,3778.0,2026-10-02,1.0
2026-10-01,IWM,IWM261016P00268000,PUT,268.0,2026-10-16,39254,17851,4474956,NEUTRAL,MID,CONFIRMADA,51477.0,2026-10-02,1.0
2026-10-01,IWM,IWM261120P00266000,PUT,266.0,2026-11-20,20883,14115,7329933,ALCISTA,BID,NO CONFIRMADA,23540.0,2026-10-02,0.25
2026-10-01,IWM,IWM261120C00225000,CALL,225.0,2026-11-20,1000,18,5305000,BAJISTA,BID,CONFIRMADA,1016.0,2026-10-02,0.3
2026-10-01,IWM,IWM261120C00290000,CALL,290.0,2026-11-20,20710,16543,8718910,NEUTRAL,MID,CONFIRMADA,30704.0,2026-10-02,0.25
2026-10-01,IWM,IWM261120C00295000,CALL,295.0,2026-11-20,17768,16607,4797360,NEUTRAL,MID,CONFIRMADA,27282.0,2026-10-02,0.25
2026-10-01,IWM,IWM271217C00275000,CALL,275.0,2027-12-17,2013,1184,6809979,NEUTRAL,MID,CONFIRMADA,3052.0,2026-10-02,1.0
2026-10-01,GLD,GLD270617C00475000,CALL,475.0,2027-06-17,3321,433,2623590,BAJISTA,BID,CONFIRMADA,3664.0,2026-10-02,1.0
2026-10-01,GLD,GLD270617C00550000,CALL,550.0,2027-06-17,3320,2766,962800,BAJISTA,BID,CONFIRMADA,6055.0,2026-10-02,1.0
2026-10-01,SMH,SMH270319P00540000,PUT,540.0,2027-03-19,2110,318,5644250,NEUTRAL,MID,CONFIRMADA,2249.0,2026-10-02,1.0
2026-10-01,SMH,SMH261120C00670000,CALL,670.0,2026-11-20,769,411,1203485,ALCISTA,ASK,CONFIRMADA,1052.0,2026-10-02,1.0
2026-10-01,SMH,SMH261009P00610000,PUT,610.0,2026-10-09,997,349,714849,NEUTRAL,MID,CONFIRMADA,1124.0,2026-10-02,1.0
2026-10-01,SMH,SMH261030P00585000,PUT,585.0,2026-10-30,384,143,424704,NEUTRAL,MID,CONFIRMADA,493.0,2026-10-02,1.0
2026-10-01,SMH,SMH261016P00620000,PUT,620.0,2026-10-16,796,596,1205940,ALCISTA,BID,CONFIRMADA,1268.0,2026-10-02,0.25
2026-10-01,SMH,SMH261016P00605000,PUT,605.0,2026-10-16,740,630,724460,NEUTRAL,MID,CONFIRMADA,1092.0,2026-10-02,0.25
2026-10-01,SMH,SMH261023C00620000,CALL,620.0,2026-10-23,208,201,416000,NEUTRAL,MID,CONFIRMADA,305.0,2026-10-02,1.0
2026-10-01,SMH,SMH261120P00620000,PUT,620.0,2026-11-20,131,100,424702,NEUTRAL,MID,NO CONFIRMADA,146.0,2026-10-02,1.0
2026-10-01,USO,USO261016P00142000,PUT,142.0,2026-10-16,2473,1253,662764,BAJISTA,ASK,CONFIRMADA,2914.0,2026-10-02,1.0
2026-10-01,USO,USO261120C00110000,CALL,110.0,2026-11-20,382,56,1553594,NEUTRAL,MID,CONFIRMADA,438.0,2026-10-02,0.3
2026-10-01,USO,USO261120P00110000,PUT,110.0,2026-11-20,6027,5325,367647,NEUTRAL,MID,NO CONFIRMADA,7218.0,2026-10-02,1.0
2026-10-01,USO,USO270319P00095000,PUT,95.0,2027-03-19,2365,1436,439890,NEUTRAL,MID,CONFIRMADA,3427.0,2026-10-02,1.0
2026-10-01,USO,USO261016C00152000,CALL,152.0,2026-10-16,441,440,216090,NEUTRAL,MID,CONFIRMADA,705.0,2026-10-02,1.0
2026-10-01,USO,USO270917C00215000,CALL,215.0,2027-09-17,244,146,204960,BAJISTA,BID,NO CONFIRMADA,257.0,2026-10-02,1.0
2026-10-01,USO,USO270319P00090000,PUT,90.0,2027-03-19,2382,2214,335862,NEUTRAL,MID,CONFIRMADA,3964.0,2026-10-02,1.0
2026-10-01,USO,USO261120C00118000,CALL,118.0,2026-11-20,117,23,376506,BAJISTA,BID,CONFIRMADA,140.0,2026-10-02,0.3
2026-10-01,USO,USO261120C00115000,CALL,115.0,2026-11-20,225,104,809775,NEUTRAL,MID,CONFIRMADA,297.0,2026-10-02,0.3
2026-10-01,AMD,AMD261030C00600000,CALL,600.0,2026-10-30,709,516,3204680,ALCISTA,ASK,CONFIRMADA,1031.0,2026-10-02,1.0
2026-10-01,AMD,AMD261023C00620000,CALL,620.0,2026-10-23,717,377,2005449,NEUTRAL,MID,CONFIRMADA,895.0,2026-10-02,1.0
2026-10-01,AMD,AMD270416P00620000,PUT,620.0,2027-04-16,176,138,1606704,NEUTRAL,MID,CONFIRMADA,226.0,2026-10-02,1.0
2026-10-01,AMD,AMD270917C00310000,CALL,310.0,2027-09-17,100,93,3322500,NEUTRAL,MID,NO CONFIRMADA,140.0,2026-10-02,0.3
2026-10-01,AMZN,AMZN270917P00230000,PUT,230.0,2027-09-17,2201,1062,4413005,ALCISTA,BID,CONFIRMADA,2910.0,2026-10-02,1.0
2026-10-01,GOOG,GOOG261030C00350000,CALL,350.0,2026-10-30,1540,1277,1242780,BAJISTA,BID,CONFIRMADA,2278.0,2026-10-02,1.0
2026-10-01,GOOG,GOOG261009C00335000,CALL,335.0,2026-10-09,1428,925,825384,BAJISTA,BID,NO CONFIRMADA,1529.0,2026-10-02,1.0
2026-10-01,GOOG,GOOG271217P00500000,PUT,500.0,2027-12-17,510,118,8455290,NEUTRAL,MID,CONFIRMADA,588.0,2026-10-02,0.3
2026-10-01,GOOG,GOOG270917C00395000,CALL,395.0,2027-09-17,241,164,730230,NEUTRAL,MID,CONFIRMADA,353.0,2026-10-02,1.0
2026-10-01,GOOGL,GOOGL270617C00345000,CALL,345.0,2027-06-17,2143,594,9000600,ALCISTA,ASK,CONFIRMADA,2492.0,2026-10-02,1.0
2026-10-01,GOOGL,GOOGL261023C00350000,CALL,350.0,2026-10-23,3479,1153,1878660,BAJISTA,BID,CONFIRMADA,3998.0,2026-10-02,1.0
2026-10-01,GOOGL,GOOGL271217P00290000,PUT,290.0,2027-12-17,1027,414,2346695,ALCISTA,BID,CONFIRMADA,1439.0,2026-10-02,1.0
2026-10-01,GOOGL,GOOGL261030C00345000,CALL,345.0,2026-10-30,1009,836,1150260,ALCISTA,ASK,NO CONFIRMADA,1312.0,2026-10-02,1.0
2026-10-01,GOOGL,GOOGL261009C00340000,CALL,340.0,2026-10-09,2627,1725,1363413,NEUTRAL,MID,NO CONFIRMADA,2680.0,2026-10-02,1.0
2026-10-01,GOOGL,GOOGL261009C00330000,CALL,330.0,2026-10-09,828,190,919080,NEUTRAL,MID,CONFIRMADA,830.0,2026-10-02,1.0
2026-10-01,GOOGL,GOOGL271217P00310000,PUT,310.0,2027-12-17,510,383,1545300,NEUTRAL,MID,CONFIRMADA,791.0,2026-10-02,1.0
2026-10-01,GOOGL,GOOGL261009C00350000,CALL,350.0,2026-10-09,4930,3113,1010650,BAJISTA,BID,CONFIRMADA,5654.0,2026-10-02,0.25
2026-10-01,GOOGL,GOOGL270319C00260000,CALL,260.0,2027-03-19,139,98,1222505,BAJISTA,BID,CONFIRMADA,228.0,2026-10-02,1.0
2026-10-01,GOOGL,GOOGL261120P00425000,PUT,425.0,2026-11-20,100,64,864000,NEUTRAL,MID,CONFIRMADA,164.0,2026-10-02,0.3
2026-10-01,AAPL,AAPL261009C00330000,CALL,330.0,2026-10-09,5090,4793,2468650,BAJISTA,BID,NO CONFIRMADA,5462.0,2026-10-02,1.0
2026-10-01,AAPL,AAPL270319C00140000,CALL,140.0,2027-03-19,150,90,2841750,BAJISTA,BID,CONFIRMADA,240.0,2026-10-02,0.3
2026-10-01,BE,BE270617C00500000,CALL,500.0,2027-06-17,946,582,2814350,NEUTRAL,MID,NO CONFIRMADA,1044.0,2026-10-02,1.0
2026-10-01,BE,BE261009C00280000,CALL,280.0,2026-10-09,949,738,986960,NEUTRAL,MID,NO CONFIRMADA,1048.0,2026-10-02,1.0
2026-10-01,BE,BE261016C00282500,CALL,282.5,2026-10-16,279,194,390600,ALCISTA,ASK,CONFIRMADA,369.0,2026-10-02,0.25
2026-10-01,BE,BE261016P00282500,PUT,282.5,2026-10-16,194,127,357930,BAJISTA,ASK,NO CONFIRMADA,202.0,2026-10-02,1.0
2026-10-01,BE,BE261016C00272500,CALL,272.5,2026-10-16,552,231,1000224,BAJISTA,BID,CONFIRMADA,609.0,2026-10-02,0.25
2026-10-01,BE,BE261009C00285000,CALL,285.0,2026-10-09,423,345,357435,NEUTRAL,MID,NO CONFIRMADA,495.0,2026-10-02,0.25
2026-10-01,BE,BE261009P00280000,PUT,280.0,2026-10-09,374,369,478346,NEUTRAL,MID,NO CONFIRMADA,448.0,2026-10-02,0.25
2026-10-01,AVGO,AVGO261106P00310000,PUT,310.0,2026-11-06,1795,110,673125,BAJISTA,ASK,CONFIRMADA,1865.0,2026-10-02,1.0
2026-10-01,AVGO,AVGO261009P00340000,PUT,340.0,2026-10-09,2244,1330,1077120,ALCISTA,BID,CONFIRMADA,2701.0,2026-10-02,1.0
2026-10-01,AVGO,AVGO261009P00342500,PUT,342.5,2026-10-09,1297,917,758745,ALCISTA,BID,NO CONFIRMADA,1547.0,2026-10-02,1.0
2026-10-01,AVGO,AVGO261030P00325000,PUT,325.0,2026-10-30,1423,792,832455,NEUTRAL,MID,CONFIRMADA,2157.0,2026-10-02,1.0
2026-10-01,AVGO,AVGO261106C00350000,CALL,350.0,2026-11-06,676,193,919360,NEUTRAL,MID,CONFIRMADA,705.0,2026-10-02,0.25
2026-10-01,AVGO,AVGO261106P00340000,PUT,340.0,2026-11-06,588,302,749700,ALCISTA,BID,CONFIRMADA,877.0,2026-10-02,0.25
2026-10-01,AVGO,AVGO261009P00375000,PUT,375.0,2026-10-09,318,91,925380,ALCISTA,BID,CONFIRMADA,393.0,2026-10-02,0.3
2026-10-01,CCL,CCL261218C00025000,CALL,25.0,2026-12-18,8512,3071,1693888,NEUTRAL,MID,CONFIRMADA,9689.0,2026-10-02,1.0
2026-10-01,CMG,CMG261120P00030000,PUT,30.0,2026-11-20,1855,841,215180,NEUTRAL,MID,CONFIRMADA,2577.0,2026-10-02,1.0
2026-10-01,CMG,CMG261009P00031500,PUT,31.5,2026-10-09,858,346,52338,NEUTRAL,MID,CONFIRMADA,1183.0,2026-10-02,1.0
2026-10-01,GLW,GLW261009C00172500,CALL,172.5,2026-10-09,519,105,85116,NEUTRAL,MID,CONFIRMADA,575.0,2026-10-02,1.0
2026-10-01,GLW,GLW261009P00155000,PUT,155.0,2026-10-09,355,177,102950,NEUTRAL,MID,CONFIRMADA,431.0,2026-10-02,1.0
2026-10-01,GLW,GLW261030P00155000,PUT,155.0,2026-10-30,135,97,116370,NEUTRAL,MID,CONFIRMADA,212.0,2026-10-02,1.0
2026-10-01,GLW,GLW261030C00155000,CALL,155.0,2026-10-30,234,212,332046,NEUTRAL,MID,CONFIRMADA,385.0,2026-10-02,1.0
2026-10-01,CVS,CVS270917C00085000,CALL,85.0,2027-09-17,148,25,165908,BAJISTA,BID,CONFIRMADA,165.0,2026-10-02,1.0
2026-10-01,CVS,CVS261009P00086000,PUT,86.0,2026-10-09,250,119,53250,NEUTRAL,MID,CONFIRMADA,301.0,2026-10-02,1.0
2026-10-01,CRWD,CRWD280616C00350000,CALL,350.0,2028-06-16,1258,57,8321670,NEUTRAL,MID,CONFIRMADA,1274.0,2026-10-02,1.0
2026-10-01,CRWD,CRWD261009P00255000,PUT,255.0,2026-10-09,740,317,266400,BAJISTA,ASK,CONFIRMADA,860.0,2026-10-02,1.0
2026-10-01,CRWD,CRWD270319P00240000,PUT,240.0,2027-03-19,176,109,469920,NEUTRAL,MID,CONFIRMADA,252.0,2026-10-02,1.0
2026-10-01,CRWD,CRWD270115P00215000,PUT,215.0,2027-01-15,345,344,376050,NEUTRAL,MID,NO CONFIRMADA,467.0,2026-10-02,1.0
2026-10-01,DELL,DELL261016C00557500,CALL,557.5,2026-10-16,779,105,1395189,BAJISTA,BID,CONFIRMADA,814.0,2026-10-02,1.0
2026-10-01,DELL,DELL261016C00545000,CALL,545.0,2026-10-16,430,152,956750,BAJISTA,BID,CONFIRMADA,483.0,2026-10-02,1.0
2026-10-01,DELL,DELL261023C00530000,CALL,530.0,2026-10-23,437,65,1581940,NEUTRAL,MID,CONFIRMADA,465.0,2026-10-02,1.0
2026-10-01,DELL,DELL270219P00440000,PUT,440.0,2027-02-19,255,30,869550,NEUTRAL,MID,CONFIRMADA,285.0,2026-10-02,1.0
2026-10-01,DELL,DELL261030C00540000,CALL,540.0,2026-10-30,162,95,602316,ALCISTA,ASK,CONFIRMADA,180.0,2026-10-02,1.0
2026-10-01,XOM,XOM270319C00200000,CALL,200.0,2027-03-19,11595,10863,3397335,NEUTRAL,MID,CONFIRMADA,20835.0,2026-10-02,1.0
2026-10-01,GE,GE261009C00322500,CALL,322.5,2026-10-09,370,61,95090,ALCISTA,ASK,CONFIRMADA,412.0,2026-10-02,1.0
2026-10-01,GE,GE270617P00240000,PUT,240.0,2027-06-17,146,14,118990,NEUTRAL,MID,CONFIRMADA,159.0,2026-10-02,1.0
2026-10-01,GE,GE270617P00200000,PUT,200.0,2027-06-17,200,23,55000,NEUTRAL,MID,CONFIRMADA,223.0,2026-10-02,1.0
2026-10-01,HPE,HPE270115P00070000,PUT,70.0,2027-01-15,471,60,576975,BAJISTA,ASK,CONFIRMADA,494.0,2026-10-02,1.0
2026-10-01,HPE,HPE261030C00064000,CALL,64.0,2026-10-30,619,42,303310,ALCISTA,ASK,CONFIRMADA,641.0,2026-10-02,1.0
2026-10-01,HPE,HPE261023P00063000,PUT,63.0,2026-10-23,272,20,75616,ALCISTA,BID,CONFIRMADA,278.0,2026-10-02,1.0
2026-10-01,HPE,HPE270219P00065000,PUT,65.0,2027-02-19,422,185,409340,ALCISTA,BID,CONFIRMADA,585.0,2026-10-02,1.0
2026-10-01,HPE,HPE270115P00075000,PUT,75.0,2027-01-15,254,147,412750,BAJISTA,ASK,CONFIRMADA,398.0,2026-10-02,1.0
2026-10-01,HPE,HPE261009C00066000,CALL,66.0,2026-10-09,399,390,67830,NEUTRAL,MID,CONFIRMADA,592.0,2026-10-02,1.0
2026-10-01,INTC,INTC270917P00085000,PUT,85.0,2027-09-17,1547,1044,1508325,ALCISTA,BID,CONFIRMADA,2450.0,2026-10-02,1.0
2026-10-01,INTC,INTC261005P00120000,PUT,120.0,2026-10-05,4254,2204,1076262,NEUTRAL,MID,CONFIRMADA,4666.0,2026-10-02,0.125
2026-10-01,INTC,INTC261009C00118000,CALL,118.0,2026-10-09,1184,768,668960,ALCISTA,ASK,NO CONFIRMADA,1283.0,2026-10-02,0.25
2026-10-01,INTC,INTC261005C00120000,CALL,120.0,2026-10-05,4036,2618,1049360,BAJISTA,BID,NO CONFIRMADA,4100.0,2026-10-02,0.125
2026-10-01,LRCX,LRCX261009P00330000,PUT,330.0,2026-10-09,1207,70,772480,BAJISTA,ASK,CONFIRMADA,1212.0,2026-10-02,1.0
2026-10-01,LRCX,LRCX261009P00315000,PUT,315.0,2026-10-09,2218,154,510140,ALCISTA,BID,CONFIRMADA,2301.0,2026-10-02,1.0
2026-10-01,LRCX,LRCX270617P00400000,PUT,400.0,2027-06-17,342,314,3561930,BAJISTA,ASK,CONFIRMADA,525.0,2026-10-02,1.0
2026-10-01,LRCX,LRCX270115P00340000,PUT,340.0,2027-01-15,1234,1069,5038422,NEUTRAL,MID,CONFIRMADA,2202.0,2026-10-02,1.0
2026-10-01,LRCX,LRCX280121P00350000,PUT,350.0,2028-01-21,259,190,2266250,NEUTRAL,MID,CONFIRMADA,398.0,2026-10-02,1.0
2026-10-01,LRCX,LRCX270617C00510000,CALL,510.0,2027-06-17,122,73,325740,BAJISTA,BID,CONFIRMADA,188.0,2026-10-02,1.0
2026-10-01,LRCX,LRCX261030C00330000,CALL,330.0,2026-10-30,232,161,608304,BAJISTA,BID,CONFIRMADA,378.0,2026-10-02,1.0
2026-10-01,LRCX,LRCX261016C00335000,CALL,335.0,2026-10-16,192,167,362688,NEUTRAL,MID,NO CONFIRMADA,197.0,2026-10-02,1.0
2026-10-01,MRVL,MRVL261009C00275000,CALL,275.0,2026-10-09,2156,1045,1843380,ALCISTA,ASK,CONFIRMADA,2375.0,2026-10-02,1.0
2026-10-01,MRVL,MRVL270521C00380000,CALL,380.0,2027-05-21,602,3,1670550,BAJISTA,BID,CONFIRMADA,604.0,2026-10-02,1.0
2026-10-01,MRVL,MRVL261030C00275000,CALL,275.0,2026-10-30,422,385,712336,NEUTRAL,MID,CONFIRMADA,696.0,2026-10-02,1.0
2026-10-01,MRVL,MRVL261009C00280000,CALL,280.0,2026-10-09,1319,843,890325,NEUTRAL,MID,NO CONFIRMADA,1426.0,2026-10-02,0.25
2026-10-01,MDT,MDT261218P00082500,PUT,82.5,2026-12-18,13509,901,3633921,NEUTRAL,MID,CONFIRMADA,14405.0,2026-10-02,1.0
2026-10-01,MCD,MCD261016C00230000,CALL,230.0,2026-10-16,471,149,230790,BAJISTA,BID,CONFIRMADA,514.0,2026-10-02,1.0
2026-10-01,MCD,MCD270917C00230000,CALL,230.0,2027-09-17,179,137,470770,NEUTRAL,MID,CONFIRMADA,300.0,2026-10-02,1.0
2026-10-01,MA,MA261009P00565000,PUT,565.0,2026-10-09,100,25,178000,BAJISTA,ASK,CONFIRMADA,122.0,2026-10-02,1.0
2026-10-01,MSFT,MSFT261030C00420000,CALL,420.0,2026-10-30,202,5,1982630,ALCISTA,ASK,CONFIRMADA,205.0,2026-10-02,0.3
2026-10-01,MSFT,MSFT261016P00510000,PUT,510.0,2026-10-16,1813,1377,1577310,NEUTRAL,MID,CONFIRMADA,2841.0,2026-10-02,1.0
2026-10-01,MSFT,MSFT261030C00430000,CALL,430.0,2026-10-30,800,69,6852000,NEUTRAL,MID,CONFIRMADA,851.0,2026-10-02,0.3
2026-10-01,MSFT,MSFT261009C00430000,CALL,430.0,2026-10-09,160,146,1424000,ALCISTA,ASK,NO CONFIRMADA,185.0,2026-10-02,0.3
2026-10-01,MSFT,MSFT280121C00200000,CALL,200.0,2028-01-21,136,136,4398512,ALCISTA,ASK,NO CONFIRMADA,195.0,2026-10-02,0.3
2026-10-01,MU,MU261120C01040000,CALL,1040.0,2026-11-20,2608,648,30813520,BAJISTA,BID,CONFIRMADA,2726.0,2026-10-02,1.0
2026-10-01,MU,MU261218C01200000,CALL,1200.0,2026-12-18,12499,4175,94529937,ALCISTA,ASK,CONFIRMADA,15172.0,2026-10-02,0.25
2026-10-01,MU,MU270115P01050000,PUT,1050.0,2027-01-15,1257,498,12192900,NEUTRAL,MID,CONFIRMADA,1368.0,2026-10-02,1.0
2026-10-01,MU,MU261218C01500000,CALL,1500.0,2026-12-18,11334,1979,25331490,NEUTRAL,MID,CONFIRMADA,12784.0,2026-10-02,0.25
2026-10-01,MS,MS271217C00240000,CALL,240.0,2027-12-17,274,113,262492,BAJISTA,BID,CONFIRMADA,354.0,2026-10-02,1.0
2026-10-01,MS,MS261009C00192500,CALL,192.5,2026-10-09,590,170,94400,NEUTRAL,MID,CONFIRMADA,661.0,2026-10-02,1.0
2026-10-01,MS,MS261120C00195000,CALL,195.0,2026-11-20,379,233,212240,BAJISTA,BID,CONFIRMADA,535.0,2026-10-02,1.0
2026-10-01,MS,MS261016C00185000,CALL,185.0,2026-10-16,161,107,112378,BAJISTA,BID,CONFIRMADA,228.0,2026-10-02,1.0
2026-10-01,NFLX,NFLX270319P00062500,PUT,62.5,2027-03-19,1793,257,717200,ALCISTA,BID,CONFIRMADA,1916.0,2026-10-02,1.0
2026-10-01,NFLX,NFLX270917P00060000,PUT,60.0,2027-09-17,1521,1192,790920,NEUTRAL,MID,CONFIRMADA,2566.0,2026-10-02,1.0
2026-10-01,NKE,NKE261009C00032500,CALL,32.5,2026-10-09,897,193,300495,NEUTRAL,MID,CONFIRMADA,1036.0,2026-10-02,1.0
2026-10-01,NKE,NKE261009C00036000,CALL,36.0,2026-10-09,6508,3671,924136,NEUTRAL,MID,CONFIRMADA,7040.0,2026-10-02,1.0
2026-10-01,NKE,NKE261023C00030000,CALL,30.0,2026-10-23,556,19,303020,NEUTRAL,MID,CONFIRMADA,575.0,2026-10-02,1.0
2026-10-01,NKE,NKE261009P00035000,PUT,35.0,2026-10-09,3318,2944,577332,NEUTRAL,MID,NO CONFIRMADA,3428.0,2026-10-02,1.0
2026-10-01,NKE,NKE261016P00033000,PUT,33.0,2026-10-16,2415,1003,227010,NEUTRAL,MID,CONFIRMADA,2589.0,2026-10-02,1.0
2026-10-01,NKE,NKE261009P00033000,PUT,33.0,2026-10-09,2635,1629,223975,NEUTRAL,MID,NO CONFIRMADA,2864.0,2026-10-02,1.0
2026-10-01,NKE,NKE261009C00037000,CALL,37.0,2026-10-09,2034,1395,223740,NEUTRAL,MID,NO CONFIRMADA,2403.0,2026-10-02,0.25
2026-10-01,NKE,NKE261016P00035500,PUT,35.5,2026-10-16,1134,523,235872,NEUTRAL,MID,CONFIRMADA,1218.0,2026-10-02,0.25
2026-10-01,NUE,NUE261218P00220000,PUT,220.0,2026-12-18,481,231,414622,NEUTRAL,MID,CONFIRMADA,533.0,2026-10-02,1.0
2026-10-01,NVDA,NVDA261009P00230000,PUT,230.0,2026-10-09,19098,15734,6684300,BAJISTA,ASK,NO CONFIRMADA,19561.0,2026-10-02,0.25
2026-10-01,NVDA,NVDA261218P00225000,PUT,225.0,2026-12-18,6891,4319,7786830,NEUTRAL,MID,CONFIRMADA,9257.0,2026-10-02,1.0
2026-10-01,NVDA,NVDA261016C00145000,CALL,145.0,2026-10-16,1214,345,10187888,BAJISTA,BID,CONFIRMADA,1536.0,2026-10-02,0.3
2026-10-01,NXPI,NXPI270917P00220000,PUT,220.0,2027-09-17,351,49,982800,ALCISTA,BID,CONFIRMADA,378.0,2026-10-02,1.0
2026-10-01,NXPI,NXPI261120C00250000,CALL,250.0,2026-11-20,116,21,150800,NEUTRAL,MID,CONFIRMADA,125.0,2026-10-02,1.0
2026-10-01,ON,ON261218C00090000,CALL,90.0,2026-12-18,1128,392,609120,BAJISTA,BID,CONFIRMADA,1325.0,2026-10-02,1.0
2026-10-01,ON,ON261120C00100000,CALL,100.0,2026-11-20,1019,71,203800,NEUTRAL,MID,CONFIRMADA,1075.0,2026-10-02,1.0
2026-10-01,ON,ON261120C00090000,CALL,90.0,2026-11-20,1104,547,436080,NEUTRAL,MID,CONFIRMADA,1413.0,2026-10-02,1.0
2026-10-01,ON,ON261030P00066000,PUT,66.0,2026-10-30,1003,46,87261,NEUTRAL,MID,CONFIRMADA,1025.0,2026-10-02,1.0
2026-10-01,ON,ON261030C00078000,CALL,78.0,2026-10-30,252,15,163800,NEUTRAL,MID,CONFIRMADA,258.0,2026-10-02,1.0
2026-10-01,ON,ON261009C00080000,CALL,80.0,2026-10-09,334,253,89512,NEUTRAL,MID,CONFIRMADA,450.0,2026-10-02,1.0
2026-10-01,PYPL,PYPL261106P00055000,PUT,55.0,2026-11-06,297,63,120879,NEUTRAL,MID,CONFIRMADA,354.0,2026-10-02,1.0
2026-10-01,PYPL,PYPL261009C00053000,CALL,53.0,2026-10-09,352,251,52096,ALCISTA,ASK,NO CONFIRMADA,369.0,2026-10-02,1.0
2026-10-01,QCOM,QCOM270917P00130000,PUT,130.0,2027-09-17,897,193,870090,BAJISTA,ASK,CONFIRMADA,1090.0,2026-10-02,1.0
2026-10-01,QCOM,QCOM270416P00180000,PUT,180.0,2027-04-16,220,58,506000,NEUTRAL,MID,CONFIRMADA,278.0,2026-10-02,1.0
2026-10-01,QCOM,QCOM261030C00185000,CALL,185.0,2026-10-30,204,118,180336,ALCISTA,ASK,CONFIRMADA,301.0,2026-10-02,0.25
2026-10-01,QCOM,QCOM270917P00120000,PUT,120.0,2027-09-17,115,79,82225,BAJISTA,ASK,CONFIRMADA,194.0,2026-10-02,1.0
2026-10-01,QCOM,QCOM261030C00190000,CALL,190.0,2026-10-30,339,174,220350,NEUTRAL,MID,CONFIRMADA,439.0,2026-10-02,0.25
2026-10-01,QCOM,QCOM261030P00190000,PUT,190.0,2026-10-30,397,169,530789,NEUTRAL,MID,CONFIRMADA,492.0,2026-10-02,0.25
2026-10-01,QCOM,QCOM261030P00185000,PUT,185.0,2026-10-30,178,168,173728,NEUTRAL,MID,NO CONFIRMADA,246.0,2026-10-02,0.25
2026-10-01,RDDT,RDDT261009C00140000,CALL,140.0,2026-10-09,564,67,399312,BAJISTA,BID,CONFIRMADA,583.0,2026-10-02,1.0
2026-10-01,RDDT,RDDT261009C00160000,CALL,160.0,2026-10-09,845,585,125905,NEUTRAL,MID,NO CONFIRMADA,886.0,2026-10-02,1.0
2026-10-01,RDDT,RDDT261009C00152500,CALL,152.5,2026-10-09,382,232,139048,NEUTRAL,MID,CONFIRMADA,437.0,2026-10-02,0.25
2026-10-01,RDDT,RDDT261009P00157500,PUT,157.5,2026-10-09,108,93,111996,NEUTRAL,MID,CONFIRMADA,197.0,2026-10-02,0.25
2026-10-01,CRM,CRM270521P00220000,PUT,220.0,2027-05-21,1008,5,2363760,BAJISTA,ASK,CONFIRMADA,1013.0,2026-10-02,1.0
2026-10-01,CRM,CRM280121P00200000,PUT,200.0,2028-01-21,2500,961,6177500,BAJISTA,ASK,CONFIRMADA,3461.0,2026-10-02,0.25
2026-10-01,CRM,CRM280121C00370000,CALL,370.0,2028-01-21,2500,275,4502500,NEUTRAL,MID,CONFIRMADA,2775.0,2026-10-02,0.25
2026-10-01,CRM,CRM261120P00195000,PUT,195.0,2026-11-20,1136,461,191984,NEUTRAL,MID,CONFIRMADA,1464.0,2026-10-02,1.0
2026-10-01,CRM,CRM261009C00245000,CALL,245.0,2026-10-09,527,442,115940,BAJISTA,BID,CONFIRMADA,754.0,2026-10-02,1.0
2026-10-01,CRM,CRM261016C00235000,CALL,235.0,2026-10-16,508,320,414020,NEUTRAL,MID,CONFIRMADA,608.0,2026-10-02,1.0
2026-10-01,STX,STX270617P00980000,PUT,980.0,2027-06-17,156,18,3541200,BAJISTA,ASK,CONFIRMADA,158.0,2026-10-02,1.0
2026-10-01,SNDK,SNDK261120P01740000,PUT,1740.0,2026-11-20,338,107,5261646,BAJISTA,ASK,CONFIRMADA,371.0,2026-10-02,1.0
2026-10-01,SNDK,SNDK261120C02170000,CALL,2170.0,2026-11-20,437,16,3301972,NEUTRAL,MID,CONFIRMADA,441.0,2026-10-02,1.0
2026-10-01,SNDK,SNDK261218C01640000,CALL,1640.0,2026-12-18,140,19,3710000,BAJISTA,BID,CONFIRMADA,159.0,2026-10-02,1.0
2026-10-01,NOW,NOW280121P00082000,PUT,82.0,2028-01-21,700,459,465500,BAJISTA,ASK,CONFIRMADA,1159.0,2026-10-02,1.0
2026-10-01,NOW,NOW261009C00145000,CALL,145.0,2026-10-09,1263,844,183135,NEUTRAL,MID,NO CONFIRMADA,1277.0,2026-10-02,1.0
2026-10-01,TMUS,TMUS261218C00165000,CALL,165.0,2026-12-18,103,79,88580,BAJISTA,BID,CONFIRMADA,182.0,2026-10-02,1.0
2026-10-01,TSLA,TSLA261016C00360000,CALL,360.0,2026-10-16,8553,7335,7954290,ALCISTA,ASK,NO CONFIRMADA,9107.0,2026-10-02,1.0
2026-10-01,TSLA,TSLA261009C00240000,CALL,240.0,2026-10-09,545,31,6413015,ALCISTA,ASK,CONFIRMADA,576.0,2026-10-02,0.3
2026-10-01,TSLA,TSLA261016C00350000,CALL,350.0,2026-10-16,5382,5301,7534800,NEUTRAL,MID,NO CONFIRMADA,5466.0,2026-10-02,1.0
2026-10-01,TSLA,TSLA261030P00360000,PUT,360.0,2026-10-30,1360,959,2815200,NEUTRAL,MID,CONFIRMADA,1889.0,2026-10-02,1.0
2026-10-01,TSLA,TSLA280121C00130000,CALL,130.0,2028-01-21,140,98,3353560,ALCISTA,ASK,NO CONFIRMADA,161.0,2026-10-02,0.3
2026-10-01,TSLA,TSLA280121C00150000,CALL,150.0,2028-01-21,150,131,3329100,ALCISTA,ASK,CONFIRMADA,236.0,2026-10-02,0.3
2026-10-01,SNPS,SNPS261120C00520000,CALL,520.0,2026-11-20,135,68,309150,NEUTRAL,MID,CONFIRMADA,180.0,2026-10-02,1.0
2026-10-01,SNPS,SNPS261016C00490000,CALL,490.0,2026-10-16,141,68,270720,NEUTRAL,MID,CONFIRMADA,169.0,2026-10-02,1.0
2026-10-01,UBER,UBER270617P00067500,PUT,67.5,2027-06-17,1252,1196,974056,BAJISTA,ASK,CONFIRMADA,2447.0,2026-10-02,1.0
2026-10-01,UBER,UBER261030C00068000,CALL,68.0,2026-10-30,368,60,103408,ALCISTA,ASK,CONFIRMADA,396.0,2026-10-02,1.0
2026-10-01,UBER,UBER261106C00069000,CALL,69.0,2026-11-06,324,77,100440,NEUTRAL,MID,CONFIRMADA,382.0,2026-10-02,1.0
2026-10-01,VST,VST261106P00115000,PUT,115.0,2026-11-06,7528,31,760328,NEUTRAL,MID,CONFIRMADA,7558.0,2026-10-02,1.0
2026-10-01,VST,VST261009P00137000,PUT,137.0,2026-10-09,803,143,179872,NEUTRAL,MID,CONFIRMADA,905.0,2026-10-02,1.0
2026-10-01,VRT,VRT270917P00240000,PUT,240.0,2027-09-17,496,15,2343600,NEUTRAL,MID,CONFIRMADA,508.0,2026-10-02,1.0
2026-10-01,VRT,VRT261120P00240000,PUT,240.0,2026-11-20,2065,1885,3706675,ALCISTA,BID,NO CONFIRMADA,2869.0,2026-10-02,1.0
2026-10-01,VRT,VRT270917P00220000,PUT,220.0,2027-09-17,654,278,2429610,NEUTRAL,MID,CONFIRMADA,932.0,2026-10-02,1.0
2026-10-01,VRT,VRT261009C00247500,CALL,247.5,2026-10-09,114,79,90060,ALCISTA,ASK,NO CONFIRMADA,131.0,2026-10-02,1.0
2026-10-01,VRT,VRT261030C00240000,CALL,240.0,2026-10-30,153,57,337518,NEUTRAL,MID,CONFIRMADA,200.0,2026-10-02,1.0
2026-10-01,WMT,WMT261016P00103000,PUT,103.0,2026-10-16,2721,1347,345567,NEUTRAL,MID,CONFIRMADA,3223.0,2026-10-02,1.0
2026-10-01,WMT,WMT261030P00104000,PUT,104.0,2026-10-30,327,97,71613,NEUTRAL,MID,CONFIRMADA,368.0,2026-10-02,1.0
2026-10-01,WMT,WMT261009P00104000,PUT,104.0,2026-10-09,899,683,107880,NEUTRAL,MID,NO CONFIRMADA,990.0,2026-10-02,1.0
2026-10-01,WMT,WMT261009C00107000,CALL,107.0,2026-10-09,2295,1842,103275,NEUTRAL,MID,NO CONFIRMADA,2490.0,2026-10-02,1.0
2026-10-01,WM,WM261120P00195000,PUT,195.0,2026-11-20,381,161,126492,ALCISTA,BID,CONFIRMADA,496.0,2026-10-02,1.0
2026-10-01,WM,WM261120P00200000,PUT,200.0,2026-11-20,212,212,112360,NEUTRAL,MID,CONFIRMADA,347.0,2026-10-02,1.0
2026-10-01,WFC,WFC261016C00084000,CALL,84.0,2026-10-16,2351,794,223345,NEUTRAL,MID,CONFIRMADA,2403.0,2026-10-02,1.0
2026-10-01,WFC,WFC261120P00070000,PUT,70.0,2026-11-20,5348,3255,315532,NEUTRAL,MID,CONFIRMADA,8139.0,2026-10-02,1.0
2026-10-01,WFC,WFC271217C00085000,CALL,85.0,2027-12-17,301,226,257355,BAJISTA,BID,CONFIRMADA,473.0,2026-10-02,1.0
2026-10-01,WFC,WFC261009P00081000,PUT,81.0,2026-10-09,437,116,76038,NEUTRAL,MID,CONFIRMADA,507.0,2026-10-02,1.0
2026-10-01,WFC,WFC270416C00080000,CALL,80.0,2027-04-16,514,420,339240,BAJISTA,BID,CONFIRMADA,918.0,2026-10-02,1.0
2026-10-01,ARM,ARM270416P00200000,PUT,200.0,2027-04-16,165,126,234300,BAJISTA,ASK,CONFIRMADA,291.0,2026-10-02,1.0
2026-10-01,ARM,ARM261023P00285000,PUT,285.0,2026-10-23,104,37,144040,ALCISTA,BID,CONFIRMADA,135.0,2026-10-02,1.0
2026-10-01,ARM,ARM261030P00280000,PUT,280.0,2026-10-30,145,136,217500,NEUTRAL,MID,CONFIRMADA,267.0,2026-10-02,1.0
2026-10-01,ASML,ASML261023C01880000,CALL,1880.0,2026-10-23,168,40,892080,NEUTRAL,MID,CONFIRMADA,171.0,2026-10-02,1.0
2026-10-01,ASML,ASML270115P01640000,PUT,1640.0,2027-01-15,201,57,1672722,NEUTRAL,MID,CONFIRMADA,246.0,2026-10-02,1.0
2026-10-01,ASML,ASML270115P01660000,PUT,1660.0,2027-01-15,202,93,1838402,NEUTRAL,MID,CONFIRMADA,263.0,2026-10-02,1.0
2026-10-01,ASML,ASML261023P01700000,PUT,1700.0,2026-10-23,220,87,737440,NEUTRAL,MID,CONFIRMADA,269.0,2026-10-02,1.0
2026-10-01,ASML,ASML261009C01910000,CALL,1910.0,2026-10-09,311,64,335880,NEUTRAL,MID,CONFIRMADA,367.0,2026-10-02,0.25
2026-10-01,RKLB,RKLB261030P00068000,PUT,68.0,2026-10-30,976,149,389424,NEUTRAL,MID,CONFIRMADA,1001.0,2026-10-02,1.0
2026-10-01,RKLB,RKLB261023P00076000,PUT,76.0,2026-10-23,699,22,552210,NEUTRAL,MID,CONFIRMADA,714.0,2026-10-02,1.0
2026-10-01,RKLB,RKLB261030C00076000,CALL,76.0,2026-10-30,778,314,271522,NEUTRAL,MID,CONFIRMADA,873.0,2026-10-02,1.0
2026-10-01,RKLB,RKLB261009C00075000,CALL,75.0,2026-10-09,2566,1270,302788,NEUTRAL,MID,CONFIRMADA,2579.0,2026-10-02,0.25
2026-10-01,RKLB,RKLB261023C00072000,CALL,72.0,2026-10-23,311,236,128754,NEUTRAL,MID,CONFIRMADA,436.0,2026-10-02,1.0
2026-10-01,CRWV,CRWV280121C00125000,CALL,125.0,2028-01-21,5029,742,10606161,NEUTRAL,MID,CONFIRMADA,5629.0,2026-10-02,1.0
2026-10-01,CRWV,CRWV270115P00067500,PUT,67.5,2027-01-15,3507,2302,1571136,BAJISTA,ASK,CONFIRMADA,5145.0,2026-10-02,1.0
2026-10-01,CRWV,CRWV261016C00088000,CALL,88.0,2026-10-16,885,437,446925,BAJISTA,BID,CONFIRMADA,1267.0,2026-10-02,1.0
2026-10-01,CRWV,CRWV261009P00088000,PUT,88.0,2026-10-09,1003,302,320960,NEUTRAL,MID,CONFIRMADA,1008.0,2026-10-02,0.25
2026-10-01,WDC,WDC270416P00340000,PUT,340.0,2027-04-16,110,42,297000,ALCISTA,BID,CONFIRMADA,145.0,2026-10-02,1.0
2026-10-01,NBIS,NBIS280121P00060000,PUT,60.0,2028-01-21,7624,363,4399048,NEUTRAL,MID,CONFIRMADA,7984.0,2026-10-02,1.0
2026-10-01,NBIS,NBIS261023C00220000,CALL,220.0,2026-10-23,837,193,2046465,ALCISTA,ASK,CONFIRMADA,865.0,2026-10-02,1.0
2026-10-01,NBIS,NBIS270319C00240000,CALL,240.0,2027-03-19,1268,1182,7014576,ALCISTA,ASK,CONFIRMADA,1958.0,2026-10-02,1.0
2026-10-01,NBIS,NBIS261016P00205000,PUT,205.0,2026-10-16,932,682,335520,BAJISTA,ASK,NO CONFIRMADA,1093.0,2026-10-02,1.0
2026-10-01,NBIS,NBIS270416P00210000,PUT,210.0,2027-04-16,150,122,619200,NEUTRAL,MID,CONFIRMADA,270.0,2026-10-02,1.0
2026-10-01,NBIS,NBIS280121P00110000,PUT,110.0,2028-01-21,208,104,384800,NEUTRAL,MID,CONFIRMADA,303.0,2026-10-02,1.0
2026-10-01,NBIS,NBIS261009C00245000,CALL,245.0,2026-10-09,849,762,444027,NEUTRAL,MID,NO CONFIRMADA,989.0,2026-10-02,0.25
2026-10-01,SHOP,SHOP261120P00140000,PUT,140.0,2026-11-20,1517,782,1319790,ALCISTA,BID,CONFIRMADA,2260.0,2026-10-02,1.0
2026-10-01,SHOP,SHOP261016P00152500,PUT,152.5,2026-10-16,114,31,94620,NEUTRAL,MID,CONFIRMADA,118.0,2026-10-02,1.0
2026-10-01,COIN,COIN261009C00200000,CALL,200.0,2026-10-09,6383,2938,1902134,NEUTRAL,MID,CONFIRMADA,7729.0,2026-10-02,0.25
2026-10-01,COIN,COIN261009C00190000,CALL,190.0,2026-10-09,655,535,417890,BAJISTA,BID,NO CONFIRMADA,673.0,2026-10-02,1.0
2026-10-01,COIN,COIN261120C00155000,CALL,155.0,2026-11-20,261,245,1006938,NEUTRAL,MID,NO CONFIRMADA,364.0,2026-10-02,1.0
2026-10-01,COIN,COIN261009P00202500,PUT,202.5,2026-10-09,107,44,163068,NEUTRAL,MID,CONFIRMADA,116.0,2026-10-02,1.0
2026-10-01,COIN,COIN261030P00200000,PUT,200.0,2026-10-30,184,138,377936,NEUTRAL,MID,CONFIRMADA,316.0,2026-10-02,0.25
2026-10-01,COIN,COIN261030C00185000,CALL,185.0,2026-10-30,177,106,307626,NEUTRAL,MID,CONFIRMADA,223.0,2026-10-02,0.25
2026-10-01,MELI,MELI261016P01580000,PUT,1580.0,2026-10-16,135,76,175500,ALCISTA,BID,CONFIRMADA,191.0,2026-10-02,1.0
2026-10-01,XBI,XBI261030P00150000,PUT,150.0,2026-10-30,5502,34,1760640,NEUTRAL,MID,CONFIRMADA,5514.0,2026-10-02,1.0
2026-10-01,XBI,XBI261009P00155000,PUT,155.0,2026-10-09,3017,338,642621,ALCISTA,BID,CONFIRMADA,3341.0,2026-10-02,1.0
2026-10-01,XBI,XBI261030P00140000,PUT,140.0,2026-10-30,5814,708,500004,NEUTRAL,MID,CONFIRMADA,6382.0,2026-10-02,1.0
2026-10-01,XBI,XBI261009P00148000,PUT,148.0,2026-10-09,3121,14,202865,ALCISTA,BID,CONFIRMADA,3132.0,2026-10-02,1.0
2026-10-01,XBI,XBI261016P00155000,PUT,155.0,2026-10-16,2181,1196,913839,BAJISTA,ASK,CONFIRMADA,2578.0,2026-10-02,1.0
2026-10-01,XBI,XBI261120C00170000,CALL,170.0,2026-11-20,773,111,204845,NEUTRAL,MID,CONFIRMADA,805.0,2026-10-02,1.0
2026-10-01,DIA,DIA270115C00515000,CALL,515.0,2027-01-15,2035,1141,3052500,BAJISTA,BID,CONFIRMADA,3136.0,2026-10-02,1.0
2026-10-01,DIA,DIA261030P00517000,PUT,517.0,2026-10-30,516,24,614040,BAJISTA,ASK,CONFIRMADA,527.0,2026-10-02,1.0
2026-10-01,DIA,DIA270115C00520000,CALL,520.0,2027-01-15,1451,544,1806495,BAJISTA,BID,CONFIRMADA,1889.0,2026-10-02,1.0
2026-10-01,DIA,DIA270115C00510000,CALL,510.0,2027-01-15,257,249,463885,NEUTRAL,MID,CONFIRMADA,384.0,2026-10-02,1.0
2026-10-01,DIA,DIA261009P00520000,PUT,520.0,2026-10-09,103,71,117935,BAJISTA,ASK,CONFIRMADA,138.0,2026-10-02,1.0
2026-10-01,DIA,DIA261023C00505000,CALL,505.0,2026-10-23,133,108,137655,ALCISTA,ASK,NO CONFIRMADA,159.0,2026-10-02,1.0
2026-10-01,DIA,DIA261016C00500000,CALL,500.0,2026-10-16,261,152,313200,BAJISTA,BID,CONFIRMADA,375.0,2026-10-02,0.25
2026-10-01,DIA,DIA270331P00465000,PUT,465.0,2027-03-31,212,196,146280,NEUTRAL,MID,NO CONFIRMADA,240.0,2026-10-02,1.0
2026-10-01,DIA,DIA261231P00456000,PUT,456.0,2026-12-31,367,356,107531,NEUTRAL,MID,CONFIRMADA,652.0,2026-10-02,1.0
2026-10-01,DIA,DIA261016C00505000,CALL,505.0,2026-10-16,249,224,214140,NEUTRAL,MID,CONFIRMADA,441.0,2026-10-02,0.25
2026-10-01,KRE,KRE270617C00070000,CALL,70.0,2027-06-17,17157,564,10808910,NEUTRAL,MID,CONFIRMADA,17717.0,2026-10-02,1.0
2026-10-01,KRE,KRE261120P00060000,PUT,60.0,2026-11-20,27101,1834,1029838,NEUTRAL,MID,CONFIRMADA,28604.0,2026-10-02,1.0
2026-10-01,KRE,KRE261218C00072000,CALL,72.0,2026-12-18,2056,343,553064,BAJISTA,BID,CONFIRMADA,2395.0,2026-10-02,1.0
2026-10-01,KRE,KRE261016C00070000,CALL,70.0,2026-10-16,4718,3860,669956,NEUTRAL,MID,CONFIRMADA,7079.0,2026-10-02,1.0
2026-10-01,KRE,KRE261023P00070000,PUT,70.0,2026-10-23,501,9,143286,BAJISTA,ASK,CONFIRMADA,508.0,2026-10-02,1.0
2026-10-01,KRE,KRE261120C00070000,CALL,70.0,2026-11-20,1647,1621,487512,BAJISTA,BID,CONFIRMADA,2812.0,2026-10-02,1.0
2026-10-01,KRE,KRE270917P00055000,PUT,55.0,2027-09-17,1000,137,175000,NEUTRAL,MID,CONFIRMADA,1137.0,2026-10-02,1.0
2026-10-01,KRE,KRE261016C00076000,CALL,76.0,2026-10-16,15020,7263,150200,NEUTRAL,MID,CONFIRMADA,22264.0,2026-10-02,1.0
2026-10-01,ARKK,ARKK261009C00081000,CALL,81.0,2026-10-09,101,9,89385,ALCISTA,ASK,CONFIRMADA,110.0,2026-10-02,0.3
2026-10-01,SLV,SLV261120C00063000,CALL,63.0,2026-11-20,25441,3072,1984398,BAJISTA,BID,CONFIRMADA,26681.0,2026-10-02,1.0
2026-10-01,SLV,SLV270917P00045000,PUT,45.0,2027-09-17,3001,239,825275,NEUTRAL,MID,CONFIRMADA,3238.0,2026-10-02,1.0
2026-10-01,CORT,CORT280121C00160000,CALL,160.0,2028-01-21,110,78,141900,NEUTRAL,MID,NO CONFIRMADA,129.0,2026-10-02,1.0
2026-10-01,MMM,MMM261030P00160000,PUT,160.0,2026-10-30,170,128,78200,BAJISTA,ASK,CONFIRMADA,258.0,2026-10-02,1.0
2026-10-01,MMM,MMM270319P00150000,PUT,150.0,2027-03-19,126,105,78120,BAJISTA,ASK,CONFIRMADA,205.0,2026-10-02,1.0
2026-10-01,MMM,MMM261120P00165000,PUT,165.0,2026-11-20,406,286,318710,NEUTRAL,MID,CONFIRMADA,578.0,2026-10-02,1.0
2026-10-01,MRK,MRK270416C00145000,CALL,145.0,2027-04-16,850,88,1236750,ALCISTA,ASK,CONFIRMADA,863.0,2026-10-02,1.0
2026-10-01,MRK,MRK261023C00141000,CALL,141.0,2026-10-23,100,21,64700,NEUTRAL,MID,CONFIRMADA,121.0,2026-10-02,1.0
2026-10-01,ABT,ABT261009P00097000,PUT,97.0,2026-10-09,587,159,61635,ALCISTA,BID,CONFIRMADA,631.0,2026-10-02,1.0
2026-10-01,ABBV,ABBV261030C00255000,CALL,255.0,2026-10-30,119,18,132685,NEUTRAL,MID,CONFIRMADA,130.0,2026-10-02,1.0
2026-10-01,ACN,ACN270617C00250000,CALL,250.0,2027-06-17,361,249,711892,ALCISTA,ASK,CONFIRMADA,581.0,2026-10-02,1.0
2026-10-01,ACN,ACN261023C00200000,CALL,200.0,2026-10-23,169,54,303355,ALCISTA,ASK,CONFIRMADA,187.0,2026-10-02,1.0
2026-10-01,ACN,ACN261016P00215000,PUT,215.0,2026-10-16,240,149,264000,BAJISTA,ASK,CONFIRMADA,285.0,2026-10-02,0.25
2026-10-01,ABNB,ABNB261120C00175000,CALL,175.0,2026-11-20,291,188,137643,NEUTRAL,MID,CONFIRMADA,475.0,2026-10-02,1.0
2026-10-01,AXP,AXP280121P00290000,PUT,290.0,2028-01-21,1047,524,3054099,BAJISTA,ASK,CONFIRMADA,1530.0,2026-10-02,1.0
2026-10-01,AXP,AXP280121C00290000,CALL,290.0,2028-01-21,520,412,2696200,NEUTRAL,MID,CONFIRMADA,922.0,2026-10-02,0.25
2026-10-01,AXP,AXP280121C00450000,CALL,450.0,2028-01-21,586,561,410786,BAJISTA,BID,CONFIRMADA,1074.0,2026-10-02,0.25
2026-10-01,ADI,ADI261009C00415000,CALL,415.0,2026-10-09,957,13,486156,NEUTRAL,MID,CONFIRMADA,961.0,2026-10-02,0.25
2026-10-01,ADI,ADI261009C00405000,CALL,405.0,2026-10-09,952,208,781592,BAJISTA,BID,CONFIRMADA,1121.0,2026-10-02,0.25
2026-10-01,AMAT,AMAT261009C00540000,CALL,540.0,2026-10-09,995,110,1154200,NEUTRAL,MID,CONFIRMADA,1010.0,2026-10-02,1.0
2026-10-01,AMAT,AMAT261016P00530000,PUT,530.0,2026-10-16,152,54,334400,ALCISTA,BID,CONFIRMADA,164.0,2026-10-02,1.0
2026-10-01,AMAT,AMAT261120P00510000,PUT,510.0,2026-11-20,111,27,374625,NEUTRAL,MID,CONFIRMADA,115.0,2026-10-02,1.0
2026-10-01,AMAT,AMAT270917P00410000,PUT,410.0,2027-09-17,133,128,659680,NEUTRAL,MID,NO CONFIRMADA,181.0,2026-10-02,1.0
2026-10-01,APP,APP261120C00280000,CALL,280.0,2026-11-20,578,558,1797580,NEUTRAL,MID,CONFIRMADA,1104.0,2026-10-02,1.0
2026-10-01,APP,APP261218C00270000,CALL,270.0,2026-12-18,279,47,1196910,ALCISTA,ASK,CONFIRMADA,301.0,2026-10-02,0.25
2026-10-01,APP,APP261120C00290000,CALL,290.0,2026-11-20,572,571,1550692,NEUTRAL,MID,CONFIRMADA,1109.0,2026-10-02,1.0
2026-10-01,APP,APP280121C00270000,CALL,270.0,2028-01-21,594,98,5785560,NEUTRAL,MID,CONFIRMADA,685.0,2026-10-02,0.25
2026-10-01,APP,APP261218C00400000,CALL,400.0,2026-12-18,1208,940,857680,NEUTRAL,MID,NO CONFIRMADA,1243.0,2026-10-02,1.0
2026-10-01,APP,APP261009P00285000,PUT,285.0,2026-10-09,790,540,837400,NEUTRAL,MID,NO CONFIRMADA,925.0,2026-10-02,1.0
2026-10-01,APP,APP261009P00295000,PUT,295.0,2026-10-09,509,371,842395,NEUTRAL,MID,CONFIRMADA,661.0,2026-10-02,1.0
2026-10-01,APP,APP261218C00340000,CALL,340.0,2026-12-18,636,428,1043040,NEUTRAL,MID,CONFIRMADA,927.0,2026-10-02,0.25
2026-10-01,APP,APP261218P00220000,PUT,220.0,2026-12-18,794,550,740008,NEUTRAL,MID,NO CONFIRMADA,946.0,2026-10-02,0.25
2026-10-01,ADSK,ADSK280121C00250000,CALL,250.0,2028-01-21,500,116,1830000,ALCISTA,ASK,CONFIRMADA,573.0,2026-10-02,0.25
2026-10-01,ADSK,ADSK280121P00250000,PUT,250.0,2028-01-21,500,83,3007500,NEUTRAL,MID,CONFIRMADA,520.0,2026-10-02,0.25
2026-10-01,ALB,ALB270115P00085000,PUT,85.0,2027-01-15,590,471,191750,NEUTRAL,MID,NO CONFIRMADA,663.0,2026-10-02,1.0
2026-10-01,AKAM,AKAM261106C00120000,CALL,120.0,2026-11-06,122,67,52460,NEUTRAL,MID,CONFIRMADA,187.0,2026-10-02,1.0
2026-10-01,AXON,AXON261030C00460000,CALL,460.0,2026-10-30,144,13,154080,BAJISTA,BID,CONFIRMADA,157.0,2026-10-02,0.25
2026-10-01,AXON,AXON261030P00430000,PUT,430.0,2026-10-30,151,22,438655,NEUTRAL,MID,CONFIRMADA,170.0,2026-10-02,0.25
2026-10-01,BAC,BAC261009P00054000,PUT,54.0,2026-10-09,14664,3358,1363752,BAJISTA,ASK,CONFIRMADA,14938.0,2026-10-02,1.0
2026-10-01,BAC,BAC261120C00055000,CALL,55.0,2026-11-20,9295,5213,1589445,NEUTRAL,MID,CONFIRMADA,11193.0,2026-10-02,1.0
2026-10-01,BAC,BAC280121P00047500,PUT,47.5,2028-01-21,700,620,234500,BAJISTA,ASK,CONFIRMADA,986.0,2026-10-02,1.0
2026-10-01,BAC,BAC270319C00057500,CALL,57.5,2027-03-19,2711,2463,696727,NEUTRAL,MID,CONFIRMADA,4539.0,2026-10-02,1.0
2026-10-01,BAC,BAC261218P00049000,PUT,49.0,2026-12-18,2395,1316,229920,NEUTRAL,MID,CONFIRMADA,3633.0,2026-10-02,1.0
2026-10-01,AMGN,AMGN261120C00425000,CALL,425.0,2026-11-20,1153,86,1470075,ALCISTA,ASK,CONFIRMADA,1236.0,2026-10-02,1.0
2026-10-01,AMGN,AMGN261120C00420000,CALL,420.0,2026-11-20,1157,361,1619800,ALCISTA,ASK,CONFIRMADA,1495.0,2026-10-02,1.0
2026-10-01,BRK.B,BRKB261016C00505000,CALL,505.0,2026-10-16,3354,1202,1341600,NEUTRAL,MID,CONFIRMADA,3620.0,2026-10-02,1.0
2026-10-01,BRK.B,BRKB270617C00480000,CALL,480.0,2027-06-17,402,328,2080350,BAJISTA,BID,CONFIRMADA,582.0,2026-10-02,1.0
2026-10-01,BRK.B,BRKB261023C00500000,CALL,500.0,2026-10-23,221,97,143650,BAJISTA,BID,CONFIRMADA,311.0,2026-10-02,1.0
2026-10-01,BRK.B,BRKB261009P00502500,PUT,502.5,2026-10-09,255,137,111180,NEUTRAL,MID,CONFIRMADA,357.0,2026-10-02,0.25
2026-10-01,BRK.B,BRKB261009C00500000,CALL,500.0,2026-10-09,271,201,123847,NEUTRAL,MID,NO CONFIRMADA,291.0,2026-10-02,0.25
2026-10-01,BRK.B,BRKB261023C00515000,CALL,515.0,2026-10-23,280,253,55440,NEUTRAL,MID,NO CONFIRMADA,357.0,2026-10-02,0.25
2026-10-01,BBY,BBY261120C00090000,CALL,90.0,2026-11-20,203,198,86275,ALCISTA,ASK,CONFIRMADA,319.0,2026-10-02,1.0
2026-10-01,XYZ,XYZ280616P00070000,PUT,70.0,2028-06-16,1000,44,1318000,NEUTRAL,MID,CONFIRMADA,1044.0,2026-10-02,1.0
2026-10-01,XYZ,XYZ270617P00060000,PUT,60.0,2027-06-17,378,182,187110,BAJISTA,ASK,CONFIRMADA,445.0,2026-10-02,1.0
2026-10-01,XYZ,XYZ261009C00077000,CALL,77.0,2026-10-09,834,171,57546,NEUTRAL,MID,CONFIRMADA,836.0,2026-10-02,1.0
2026-10-01,XYZ,XYZ261009C00074000,CALL,74.0,2026-10-09,727,65,138130,NEUTRAL,MID,CONFIRMADA,754.0,2026-10-02,1.0
2026-10-01,XYZ,XYZ261016C00070000,CALL,70.0,2026-10-16,222,42,109890,NEUTRAL,MID,CONFIRMADA,262.0,2026-10-02,1.0
2026-10-01,XYZ,XYZ261016C00074000,CALL,74.0,2026-10-16,286,273,70070,NEUTRAL,MID,CONFIRMADA,478.0,2026-10-02,1.0
2026-10-01,BKNG,BKNG261030C00160000,CALL,160.0,2026-10-30,252,29,209160,NEUTRAL,MID,CONFIRMADA,254.0,2026-10-02,1.0
2026-10-01,BKNG,BKNG261030P00155000,PUT,155.0,2026-10-30,189,104,91665,NEUTRAL,MID,CONFIRMADA,245.0,2026-10-02,1.0
2026-10-01,BKNG,BKNG261009C00165000,CALL,165.0,2026-10-09,292,236,56940,NEUTRAL,MID,CONFIRMADA,504.0,2026-10-02,1.0
2026-10-01,BMY,BMY261016P00060000,PUT,60.0,2026-10-16,5617,3442,550466,BAJISTA,ASK,CONFIRMADA,7794.0,2026-10-02,1.0
2026-10-01,BMY,BMY261120P00060000,PUT,60.0,2026-11-20,3009,1163,800394,NEUTRAL,MID,CONFIRMADA,3672.0,2026-10-02,1.0
2026-10-01,BMY,BMY261030P00058000,PUT,58.0,2026-10-30,612,95,75888,NEUTRAL,MID,CONFIRMADA,642.0,2026-10-02,1.0
2026-10-01,BMY,BMY261016P00059000,PUT,59.0,2026-10-16,2084,643,120872,ALCISTA,BID,CONFIRMADA,2537.0,2026-10-02,0.25
2026-10-01,BSX,BSX270115C00047500,CALL,47.5,2027-01-15,2958,847,754290,ALCISTA,ASK,CONFIRMADA,3606.0,2026-10-02,1.0
2026-10-01,BA,BA270617P00190000,PUT,190.0,2027-06-17,1221,879,2423685,BAJISTA,ASK,CONFIRMADA,1761.0,2026-10-02,1.0
2026-10-01,BA,BA270617C00200000,CALL,200.0,2027-06-17,2040,1661,4794000,NEUTRAL,MID,CONFIRMADA,3659.0,2026-10-02,1.0
2026-10-01,BA,BA261009C00185000,CALL,185.0,2026-10-09,472,432,463504,ALCISTA,ASK,NO CONFIRMADA,490.0,2026-10-02,1.0
2026-10-01,CDNS,CDNS261120C00370000,CALL,370.0,2026-11-20,108,56,155736,BAJISTA,BID,CONFIRMADA,156.0,2026-10-02,1.0
2026-10-01,COF,COF261120P00175000,PUT,175.0,2026-11-20,266,89,84588,BAJISTA,ASK,CONFIRMADA,326.0,2026-10-02,1.0
2026-10-01,COF,COF261218P00160000,PUT,160.0,2026-12-18,539,472,97020,BAJISTA,ASK,NO CONFIRMADA,604.0,2026-10-02,1.0
2026-10-01,CASY,CASY261016P00610000,PUT,610.0,2026-10-16,130,31,152880,NEUTRAL,MID,CONFIRMADA,137.0,2026-10-02,1.0
2026-10-01,CVNA,CVNA270617P00044000,PUT,44.0,2027-06-17,2000,1541,1010000,BAJISTA,ASK,CONFIRMADA,3541.0,2026-10-02,1.0
2026-10-01,CVNA,CVNA261030C00065000,CALL,65.0,2026-10-30,1302,61,587202,BAJISTA,BID,CONFIRMADA,1326.0,2026-10-02,0.25
2026-10-01,CVNA,CVNA261120C00066000,CALL,66.0,2026-11-20,1183,407,645918,NEUTRAL,MID,CONFIRMADA,1393.0,2026-10-02,1.0
2026-10-01,CVNA,CVNA261030C00075000,CALL,75.0,2026-10-30,1262,54,214540,NEUTRAL,MID,CONFIRMADA,1316.0,2026-10-02,0.25
2026-10-01,CVNA,CVNA261009C00063000,CALL,63.0,2026-10-09,917,184,199906,BAJISTA,BID,CONFIRMADA,920.0,2026-10-02,0.25
2026-10-01,CVNA,CVNA261009C00066000,CALL,66.0,2026-10-09,652,212,72372,NEUTRAL,MID,CONFIRMADA,733.0,2026-10-02,0.25
2026-10-01,CRL,CRL261120C00280000,CALL,280.0,2026-11-20,101,101,270680,NEUTRAL,MID,CONFIRMADA,201.0,2026-10-02,1.0
2026-10-01,SCHW,SCHW261016P00096000,PUT,96.0,2026-10-16,434,171,73346,NEUTRAL,MID,CONFIRMADA,512.0,2026-10-02,1.0
2026-10-01,CHTR,CHTR270617C00130000,CALL,130.0,2027-06-17,2004,12,3466920,BAJISTA,BID,CONFIRMADA,2009.0,2026-10-02,1.0
2026-10-01,CHTR,CHTR261120P00120000,PUT,120.0,2026-11-20,2300,1898,3956000,BAJISTA,ASK,CONFIRMADA,4198.0,2026-10-02,1.0
2026-10-01,CHTR,CHTR270319P00110000,PUT,110.0,2027-03-19,187,126,311542,ALCISTA,BID,CONFIRMADA,313.0,2026-10-02,1.0
2026-10-01,CVX,CVX270917C00220000,CALL,220.0,2027-09-17,242,120,408980,NEUTRAL,MID,CONFIRMADA,320.0,2026-10-02,1.0
2026-10-01,CVX,CVX261009C00210000,CALL,210.0,2026-10-09,822,451,157002,NEUTRAL,MID,NO CONFIRMADA,861.0,2026-10-02,0.25
2026-10-01,CIEN,CIEN261009C00390000,CALL,390.0,2026-10-09,650,240,650000,NEUTRAL,MID,CONFIRMADA,885.0,2026-10-02,1.0
2026-10-01,CIEN,CIEN280121C00650000,CALL,650.0,2028-01-21,261,188,1629684,NEUTRAL,MID,NO CONFIRMADA,309.0,2026-10-02,1.0
2026-10-01,CIEN,CIEN261120P00330000,PUT,330.0,2026-11-20,278,28,394760,NEUTRAL,MID,CONFIRMADA,291.0,2026-10-02,0.25
2026-10-01,CIEN,CIEN261030P00295000,PUT,295.0,2026-10-30,301,11,105350,NEUTRAL,MID,CONFIRMADA,311.0,2026-10-02,1.0
2026-10-01,CIEN,CIEN261009P00385000,PUT,385.0,2026-10-09,107,8,197950,NEUTRAL,MID,CONFIRMADA,110.0,2026-10-02,1.0
2026-10-01,CIEN,CIEN261120P00310000,PUT,310.0,2026-11-20,297,192,290763,BAJISTA,ASK,NO CONFIRMADA,324.0,2026-10-02,0.25
2026-10-01,CIEN,CIEN261009C00405000,CALL,405.0,2026-10-09,223,210,114176,NEUTRAL,MID,CONFIRMADA,409.0,2026-10-02,1.0
2026-10-01,CSCO,CSCO270115C00087500,CALL,87.5,2027-01-15,4432,881,9963136,BAJISTA,BID,CONFIRMADA,4803.0,2026-10-02,1.0
2026-10-01,C,C261016C00130000,CALL,130.0,2026-10-16,6572,2586,1629856,ALCISTA,ASK,CONFIRMADA,7177.0,2026-10-02,0.25
2026-10-01,C,C261106P00110000,PUT,110.0,2026-11-06,8313,4,756483,NEUTRAL,MID,CONFIRMADA,8317.0,2026-10-02,1.0
2026-10-01,C,C261016C00132000,CALL,132.0,2026-10-16,5674,442,981602,NEUTRAL,MID,CONFIRMADA,5842.0,2026-10-02,0.25
2026-10-01,C,C261016C00138000,CALL,138.0,2026-10-16,4205,222,235480,NEUTRAL,MID,CONFIRMADA,4401.0,2026-10-02,1.0
2026-10-01,C,C261120P00110000,PUT,110.0,2026-11-20,7170,2540,717000,NEUTRAL,MID,CONFIRMADA,9322.0,2026-10-02,1.0
2026-10-01,C,C280121C00180000,CALL,180.0,2028-01-21,1028,216,478020,NEUTRAL,MID,CONFIRMADA,1152.0,2026-10-02,1.0
2026-10-01,C,C261016P00128000,PUT,128.0,2026-10-16,561,169,236181,BAJISTA,ASK,CONFIRMADA,590.0,2026-10-02,1.0
2026-10-01,C,C261023P00127000,PUT,127.0,2026-10-23,401,32,172430,NEUTRAL,MID,CONFIRMADA,426.0,2026-10-02,1.0
2026-10-01,C,C261218P00100000,PUT,100.0,2026-12-18,5804,1877,412084,NEUTRAL,MID,CONFIRMADA,7103.0,2026-10-02,1.0
2026-10-01,C,C270917C00135000,CALL,135.0,2027-09-17,137,64,176730,NEUTRAL,MID,CONFIRMADA,145.0,2026-10-02,1.0
2026-10-01,C,C261016P00129000,PUT,129.0,2026-10-16,429,265,202917,BAJISTA,ASK,NO CONFIRMADA,450.0,2026-10-02,0.25
2026-10-01,CAT,CAT261009P00830000,PUT,830.0,2026-10-09,145,26,297975,BAJISTA,ASK,CONFIRMADA,163.0,2026-10-02,0.25
2026-10-01,CAT,CAT261218C00940000,CALL,940.0,2026-12-18,852,563,2091660,NEUTRAL,MID,NO CONFIRMADA,921.0,2026-10-02,0.25
2026-10-01,CAT,CAT261009C00850000,CALL,850.0,2026-10-09,113,105,96615,ALCISTA,ASK,NO CONFIRMADA,144.0,2026-10-02,0.25
2026-10-01,CAT,CAT261009C00825000,CALL,825.0,2026-10-09,118,110,210866,NEUTRAL,MID,CONFIRMADA,210.0,2026-10-02,0.25
2026-10-01,KO,KO261016P00083000,PUT,83.0,2026-10-16,1988,147,67592,BAJISTA,ASK,CONFIRMADA,2067.0,2026-10-02,1.0
2026-10-01,KO,KO261009P00086000,PUT,86.0,2026-10-09,1727,974,151976,BAJISTA,ASK,CONFIRMADA,2132.0,2026-10-02,1.0
2026-10-01,KO,KO270917C00092500,CALL,92.5,2027-09-17,221,146,111826,NEUTRAL,MID,CONFIRMADA,296.0,2026-10-02,1.0
2026-10-01,COHR,COHR261106C00330000,CALL,330.0,2026-11-06,234,11,637650,NEUTRAL,MID,CONFIRMADA,244.0,2026-10-02,1.0
2026-10-01,COHR,COHR261120P00300000,PUT,300.0,2026-11-20,950,796,2409200,NEUTRAL,MID,CONFIRMADA,1362.0,2026-10-02,1.0
2026-10-01,COHR,COHR261106C00360000,CALL,360.0,2026-11-06,161,14,280945,NEUTRAL,MID,CONFIRMADA,174.0,2026-10-02,1.0
2026-10-01,COHR,COHR261016P00315000,PUT,315.0,2026-10-16,173,49,278530,NEUTRAL,MID,CONFIRMADA,187.0,2026-10-02,1.0
2026-10-01,COHR,COHR261120C00450000,CALL,450.0,2026-11-20,630,483,434070,BAJISTA,BID,CONFIRMADA,1087.0,2026-10-02,1.0
2026-10-01,COHR,COHR261009P00320000,PUT,320.0,2026-10-09,197,46,289393,NEUTRAL,MID,CONFIRMADA,213.0,2026-10-02,1.0
2026-10-01,COHR,COHR271217C00500000,CALL,500.0,2027-12-17,100,55,635000,NEUTRAL,MID,CONFIRMADA,145.0,2026-10-02,1.0
2026-10-01,COHR,COHR261120C00320000,CALL,320.0,2026-11-20,313,271,1131182,NEUTRAL,MID,NO CONFIRMADA,382.0,2026-10-02,0.25
2026-10-01,COHR,COHR261218C00350000,CALL,350.0,2026-12-18,115,69,373750,NEUTRAL,MID,CONFIRMADA,148.0,2026-10-02,1.0
2026-10-01,COHR,COHR261120P00320000,PUT,320.0,2026-11-20,309,184,1118580,NEUTRAL,MID,CONFIRMADA,458.0,2026-10-02,0.25
2026-10-01,COHR,COHR261218P00270000,PUT,270.0,2026-12-18,178,167,347100,NEUTRAL,MID,CONFIRMADA,265.0,2026-10-02,0.25
2026-10-01,COST,COST261106C00905000,CALL,905.0,2026-11-06,165,17,537735,ALCISTA,ASK,CONFIRMADA,166.0,2026-10-02,0.25
2026-10-01,COST,COST261030P00920000,PUT,920.0,2026-10-30,401,128,849318,NEUTRAL,MID,CONFIRMADA,428.0,2026-10-02,1.0
2026-10-01,COST,COST261106C00910000,CALL,910.0,2026-11-06,159,12,408630,BAJISTA,BID,CONFIRMADA,161.0,2026-10-02,0.25
2026-10-01,DHR,DHR261016P00207500,PUT,207.5,2026-10-16,274,42,77268,ALCISTA,BID,CONFIRMADA,309.0,2026-10-02,1.0
2026-10-01,DVN,DVN261120C00047500,CALL,47.5,2026-11-20,3391,1445,864705,NEUTRAL,MID,CONFIRMADA,3994.0,2026-10-02,1.0
2026-10-01,DAL,DAL261009C00086000,CALL,86.0,2026-10-09,5923,635,1255676,NEUTRAL,MID,CONFIRMADA,6387.0,2026-10-02,1.0
2026-10-01,DAL,DAL261120P00085000,PUT,85.0,2026-11-20,361,287,209380,BAJISTA,ASK,CONFIRMADA,585.0,2026-10-02,1.0
2026-10-01,DAL,DAL261009C00084000,CALL,84.0,2026-10-09,617,261,193121,NEUTRAL,MID,CONFIRMADA,816.0,2026-10-02,1.0
2026-10-01,DAL,DAL261016C00084000,CALL,84.0,2026-10-16,579,470,191070,BAJISTA,BID,CONFIRMADA,981.0,2026-10-02,1.0
2026-10-01,DAL,DAL261009P00083000,PUT,83.0,2026-10-09,266,176,65436,NEUTRAL,MID,CONFIRMADA,366.0,2026-10-02,1.0
2026-10-01,DASH,DASH261023P00195000,PUT,195.0,2026-10-23,330,52,552750,NEUTRAL,MID,CONFIRMADA,338.0,2026-10-02,1.0
2026-10-01,DASH,DASH261218C00210000,CALL,210.0,2026-12-18,806,546,640770,NEUTRAL,MID,CONFIRMADA,1128.0,2026-10-02,1.0
2026-10-01,DASH,DASH261218P00185000,PUT,185.0,2026-12-18,106,38,197690,NEUTRAL,MID,CONFIRMADA,138.0,2026-10-02,1.0
2026-10-01,ETN,ETN270917P00400000,PUT,400.0,2027-09-17,451,1,1799490,NEUTRAL,MID,CONFIRMADA,452.0,2026-10-02,1.0
2026-10-01,FDX,FDX261218C00290000,CALL,290.0,2026-12-18,190,141,333450,ALCISTA,ASK,CONFIRMADA,296.0,2026-10-02,1.0
2026-10-01,FDX,FDX261120C00320000,CALL,320.0,2026-11-20,267,119,122820,ALCISTA,ASK,CONFIRMADA,327.0,2026-10-02,1.0
2026-10-01,FDX,FDX270115C00330000,CALL,330.0,2027-01-15,829,346,505690,NEUTRAL,MID,CONFIRMADA,1068.0,2026-10-02,1.0
2026-10-01,FSLR,FSLR270917C00200000,CALL,200.0,2027-09-17,2193,470,6355314,BAJISTA,BID,CONFIRMADA,2332.0,2026-10-02,1.0
2026-10-01,FSLR,FSLR270917C00240000,CALL,240.0,2027-09-17,1503,215,2825640,NEUTRAL,MID,CONFIRMADA,1527.0,2026-10-02,1.0
2026-10-01,FSLR,FSLR261106P00160000,PUT,160.0,2026-11-06,1502,8,968790,ALCISTA,BID,CONFIRMADA,1510.0,2026-10-02,1.0
2026-10-01,FSLR,FSLR270917P00150000,PUT,150.0,2027-09-17,10439,2989,21640047,NEUTRAL,MID,CONFIRMADA,13423.0,2026-10-02,1.0
2026-10-01,FSLR,FSLR280121C00220000,CALL,220.0,2028-01-21,1515,69,4545000,NEUTRAL,MID,CONFIRMADA,1576.0,2026-10-02,0.25
2026-10-01,FSLR,FSLR280121C00230000,CALL,230.0,2028-01-21,1503,117,4118220,NEUTRAL,MID,CONFIRMADA,1511.0,2026-10-02,0.25
2026-10-01,FSLR,FSLR261023P00165000,PUT,165.0,2026-10-23,1528,249,794560,NEUTRAL,MID,CONFIRMADA,1736.0,2026-10-02,1.0
2026-10-01,FSLR,FSLR270617P00150000,PUT,150.0,2027-06-17,4507,2939,7688942,NEUTRAL,MID,CONFIRMADA,7441.0,2026-10-02,1.0
2026-10-01,FSLR,FSLR261120C00200000,CALL,200.0,2026-11-20,1234,738,752740,NEUTRAL,MID,CONFIRMADA,1837.0,2026-10-02,1.0
2026-10-01,F,F270617P00011000,PUT,11.0,2027-06-17,550,128,52250,NEUTRAL,MID,CONFIRMADA,578.0,2026-10-02,1.0
2026-10-01,F,F270917C00012000,CALL,12.0,2027-09-17,639,388,116937,NEUTRAL,MID,CONFIRMADA,961.0,2026-10-02,1.0
2026-10-01,GEV,GEV261016C01020000,CALL,1020.0,2026-10-16,622,402,1511460,BAJISTA,BID,NO CONFIRMADA,627.0,2026-10-02,1.0
2026-10-01,GEV,GEV261016C00975000,CALL,975.0,2026-10-16,190,56,885210,ALCISTA,ASK,CONFIRMADA,230.0,2026-10-02,0.25
2026-10-01,GEV,GEV261120C01080000,CALL,1080.0,2026-11-20,169,100,684450,NEUTRAL,MID,CONFIRMADA,239.0,2026-10-02,1.0
2026-10-01,FCX,FCX261016P00069000,PUT,69.0,2026-10-16,297,134,73359,NEUTRAL,MID,CONFIRMADA,358.0,2026-10-02,1.0
2026-10-01,FCX,FCX270319C00077500,CALL,77.5,2027-03-19,335,258,199325,BAJISTA,BID,NO CONFIRMADA,381.0,2026-10-02,1.0
2026-10-01,FCX,FCX270115C00082500,CALL,82.5,2027-01-15,739,353,197313,NEUTRAL,MID,CONFIRMADA,1060.0,2026-10-02,1.0
2026-10-01,FCX,FCX261009C00070000,CALL,70.0,2026-10-09,427,239,63623,NEUTRAL,MID,NO CONFIRMADA,452.0,2026-10-02,1.0
2026-10-01,FCX,FCX261106P00075000,PUT,75.0,2026-11-06,100,7,71000,NEUTRAL,MID,CONFIRMADA,107.0,2026-10-02,1.0
2026-10-01,FCX,FCX261218C00015000,CALL,15.0,2026-12-18,100,8,542500,NEUTRAL,MID,CONFIRMADA,106.0,2026-10-02,0.3
2026-10-01,FCX,FCX261120C00082500,CALL,82.5,2026-11-20,832,652,95680,NEUTRAL,MID,CONFIRMADA,1410.0,2026-10-02,1.0
2026-10-01,GM,GM261120C00077500,CALL,77.5,2026-11-20,240,73,109200,BAJISTA,BID,CONFIRMADA,308.0,2026-10-02,1.0
2026-10-01,GM,GM261120P00075000,PUT,75.0,2026-11-20,525,519,128625,NEUTRAL,MID,CONFIRMADA,829.0,2026-10-02,1.0
2026-10-01,HD,HD270617C00350000,CALL,350.0,2027-06-17,2125,345,1838125,NEUTRAL,MID,CONFIRMADA,2416.0,2026-10-02,1.0
2026-10-01,HD,HD270617C00280000,CALL,280.0,2027-06-17,730,32,2241100,NEUTRAL,MID,CONFIRMADA,749.0,2026-10-02,1.0
2026-10-01,HD,HD261106P00300000,PUT,300.0,2026-11-06,585,27,1174095,NEUTRAL,MID,CONFIRMADA,611.0,2026-10-02,1.0
2026-10-01,HD,HD270115C00290000,CALL,290.0,2027-01-15,527,230,802094,NEUTRAL,MID,CONFIRMADA,651.0,2026-10-02,1.0
2026-10-01,HD,HD261120P00255000,PUT,255.0,2026-11-20,1021,362,328762,NEUTRAL,MID,CONFIRMADA,1044.0,2026-10-02,1.0
2026-10-01,HD,HD261120C00310000,CALL,310.0,2026-11-20,684,607,283860,NEUTRAL,MID,NO CONFIRMADA,857.0,2026-10-02,1.0
2026-10-01,HD,HD261218C00285000,CALL,285.0,2026-12-18,114,79,174420,BAJISTA,BID,NO CONFIRMADA,129.0,2026-10-02,1.0
2026-10-01,HD,HD261016C00290000,CALL,290.0,2026-10-16,421,269,151560,NEUTRAL,MID,CONFIRMADA,596.0,2026-10-02,0.25
2026-10-01,HON,HON261016P00210000,PUT,210.0,2026-10-16,552,378,160080,NEUTRAL,MID,CONFIRMADA,821.0,2026-10-02,1.0
2026-10-01,HWM,HWM270115C00240000,CALL,240.0,2027-01-15,220,100,314600,NEUTRAL,MID,CONFIRMADA,284.0,2026-10-02,1.0
2026-10-01,HWM,HWM261120C00260000,CALL,260.0,2026-11-20,144,37,50400,NEUTRAL,MID,CONFIRMADA,178.0,2026-10-02,1.0
2026-10-01,HUM,HUM261009C00420000,CALL,420.0,2026-10-09,752,350,485792,NEUTRAL,MID,CONFIRMADA,1029.0,2026-10-02,1.0
2026-10-01,HUM,HUM261009P00395000,PUT,395.0,2026-10-09,253,19,733700,NEUTRAL,MID,CONFIRMADA,270.0,2026-10-02,0.25
2026-10-01,IBM,IBM261023C00245000,CALL,245.0,2026-10-23,359,275,172320,ALCISTA,ASK,NO CONFIRMADA,431.0,2026-10-02,0.25
2026-10-01,IBM,IBM261009P00225000,PUT,225.0,2026-10-09,542,289,204876,NEUTRAL,MID,CONFIRMADA,565.0,2026-10-02,0.25
2026-10-01,IBM,IBM261030C00230000,CALL,230.0,2026-10-30,331,275,336627,NEUTRAL,MID,NO CONFIRMADA,378.0,2026-10-02,0.25
2026-10-01,GS,GS261009C00860000,CALL,860.0,2026-10-09,360,6,1269000,BAJISTA,BID,CONFIRMADA,366.0,2026-10-02,0.25
2026-10-01,GS,GS261120C00940000,CALL,940.0,2026-11-20,370,126,1026750,NEUTRAL,MID,CONFIRMADA,391.0,2026-10-02,0.25
2026-10-01,GS,GS261009P00880000,PUT,880.0,2026-10-09,338,280,301496,BAJISTA,ASK,CONFIRMADA,504.0,2026-10-02,0.25
2026-10-01,GS,GS261218C00910000,CALL,910.0,2026-12-18,132,83,640200,NEUTRAL,MID,CONFIRMADA,164.0,2026-10-02,1.0
2026-10-01,GS,GS261120P00800000,PUT,800.0,2026-11-20,305,234,336720,NEUTRAL,MID,CONFIRMADA,480.0,2026-10-02,0.25
2026-10-01,INTU,INTU261009C00280000,CALL,280.0,2026-10-09,209,108,185801,NEUTRAL,MID,NO CONFIRMADA,210.0,2026-10-02,1.0
2026-10-01,JNJ,JNJ270917C00290000,CALL,290.0,2027-09-17,141,106,227010,BAJISTA,BID,NO CONFIRMADA,147.0,2026-10-02,0.25
2026-10-01,JNJ,JNJ270917P00270000,PUT,270.0,2027-09-17,150,145,427500,NEUTRAL,MID,NO CONFIRMADA,194.0,2026-10-02,0.25
2026-10-01,KDP,KDP261016C00032000,CALL,32.0,2026-10-16,5875,4936,117500,NEUTRAL,MID,CONFIRMADA,10588.0,2026-10-02,1.0
2026-10-01,JPM,JPM261106C00350000,CALL,350.0,2026-11-06,875,10,363125,NEUTRAL,MID,CONFIRMADA,876.0,2026-10-02,1.0
2026-10-01,JPM,JPM261016C00325000,CALL,325.0,2026-10-16,329,291,395129,BAJISTA,BID,NO CONFIRMADA,391.0,2026-10-02,1.0
2026-10-01,JPM,JPM261016C00332500,CALL,332.5,2026-10-16,227,109,179330,NEUTRAL,MID,CONFIRMADA,264.0,2026-10-02,1.0
2026-10-01,JPM,JPM261023C00325000,CALL,325.0,2026-10-23,147,122,186984,BAJISTA,BID,NO CONFIRMADA,171.0,2026-10-02,1.0
2026-10-01,JPM,JPM261023C00330000,CALL,330.0,2026-10-23,292,266,300760,NEUTRAL,MID,NO CONFIRMADA,321.0,2026-10-02,1.0
2026-10-01,KEY,KEY271217C00020000,CALL,20.0,2027-12-17,519,226,124560,BAJISTA,BID,CONFIRMADA,722.0,2026-10-02,1.0
2026-10-01,LVS,LVS261016P00039000,PUT,39.0,2026-10-16,1110,14,246420,ALCISTA,BID,CONFIRMADA,1114.0,2026-10-02,0.25
2026-10-01,LVS,LVS270319C00037500,CALL,37.5,2027-03-19,614,259,208760,NEUTRAL,MID,CONFIRMADA,873.0,2026-10-02,1.0
2026-10-01,LVS,LVS270319C00025000,CALL,25.0,2027-03-19,100,5,128500,NEUTRAL,MID,CONFIRMADA,105.0,2026-10-02,0.3
2026-10-01,LLY,LLY261120C01260000,CALL,1260.0,2026-11-20,722,305,2103186,NEUTRAL,MID,CONFIRMADA,936.0,2026-10-02,1.0
2026-10-01,LLY,LLY261120C01320000,CALL,1320.0,2026-11-20,741,201,1261923,NEUTRAL,MID,CONFIRMADA,904.0,2026-10-02,1.0
2026-10-01,LMT,LMT261016C00530000,CALL,530.0,2026-10-16,216,183,63504,ALCISTA,ASK,CONFIRMADA,360.0,2026-10-02,1.0
2026-10-01,LITE,LITE270115C01150000,CALL,1150.0,2027-01-15,2146,196,28112600,NEUTRAL,MID,CONFIRMADA,2151.0,2026-10-02,1.0
2026-10-01,LITE,LITE270115C01070000,CALL,1070.0,2027-01-15,174,13,2825760,NEUTRAL,MID,CONFIRMADA,183.0,2026-10-02,0.25
2026-10-01,LITE,LITE261016C01100000,CALL,1100.0,2026-10-16,996,618,3804720,BAJISTA,BID,NO CONFIRMADA,1039.0,2026-10-02,0.25
2026-10-01,LITE,LITE261016C01040000,CALL,1040.0,2026-10-16,570,560,3457050,BAJISTA,BID,CONFIRMADA,1061.0,2026-10-02,1.0
2026-10-01,LITE,LITE270115C01080000,CALL,1080.0,2027-01-15,101,78,1617212,NEUTRAL,MID,CONFIRMADA,170.0,2026-10-02,1.0
2026-10-01,LITE,LITE261218P00970000,PUT,970.0,2026-12-18,127,33,1289050,NEUTRAL,MID,CONFIRMADA,152.0,2026-10-02,0.25
2026-10-01,LITE,LITE270617P01190000,PUT,1190.0,2027-06-17,271,257,9212916,NEUTRAL,MID,CONFIRMADA,503.0,2026-10-02,1.0
2026-10-01,LITE,LITE261016C00960000,CALL,960.0,2026-10-16,183,143,1979145,BAJISTA,BID,NO CONFIRMADA,196.0,2026-10-02,0.25
2026-10-01,OXY,OXY261009C00058000,CALL,58.0,2026-10-09,592,507,63344,NEUTRAL,MID,NO CONFIRMADA,677.0,2026-10-02,1.0
2026-10-01,ORCL,ORCL261030C00150000,CALL,150.0,2026-10-30,4455,1312,1826550,ALCISTA,ASK,CONFIRMADA,5386.0,2026-10-02,1.0
2026-10-01,ORCL,ORCL261106C00135000,CALL,135.0,2026-11-06,1003,36,1072207,NEUTRAL,MID,CONFIRMADA,1037.0,2026-10-02,1.0
2026-10-01,ORCL,ORCL261009P00137000,PUT,137.0,2026-10-09,872,553,303456,ALCISTA,BID,NO CONFIRMADA,963.0,2026-10-02,1.0
2026-10-01,ORCL,ORCL271015C00180000,CALL,180.0,2027-10-15,142,116,294934,ALCISTA,ASK,NO CONFIRMADA,145.0,2026-10-02,1.0
2026-10-01,ORCL,ORCL261009C00150000,CALL,150.0,2026-10-09,4076,3498,326080,NEUTRAL,MID,NO CONFIRMADA,4375.0,2026-10-02,1.0
2026-10-01,ORCL,ORCL261009P00152500,PUT,152.5,2026-10-09,357,332,537999,ALCISTA,BID,CONFIRMADA,632.0,2026-10-02,1.0
2026-10-01,PANW,PANW261120P00390000,PUT,390.0,2026-11-20,831,170,2379153,NEUTRAL,MID,CONFIRMADA,964.0,2026-10-02,1.0
2026-10-01,PANW,PANW270115C00510000,CALL,510.0,2027-01-15,115,113,190555,NEUTRAL,MID,NO CONFIRMADA,147.0,2026-10-02,1.0
2026-10-01,PEP,PEP261016P00127000,PUT,127.0,2026-10-16,443,81,143975,NEUTRAL,MID,CONFIRMADA,462.0,2026-10-02,1.0
2026-10-01,PEP,PEP261030P00125000,PUT,125.0,2026-10-30,232,122,69600,NEUTRAL,MID,CONFIRMADA,330.0,2026-10-02,1.0
2026-10-01,PEP,PEP270416C00120000,CALL,120.0,2027-04-16,113,39,137860,NEUTRAL,MID,CONFIRMADA,133.0,2026-10-02,1.0
2026-10-01,PEP,PEP261016P00128000,PUT,128.0,2026-10-16,204,129,81192,NEUTRAL,MID,CONFIRMADA,327.0,2026-10-02,1.0
2026-10-01,PEP,PEP261030P00128000,PUT,128.0,2026-10-30,226,133,98310,NEUTRAL,MID,CONFIRMADA,331.0,2026-10-02,1.0
2026-10-01,PEP,PEP270416C00125000,CALL,125.0,2027-04-16,121,60,112893,NEUTRAL,MID,CONFIRMADA,160.0,2026-10-02,1.0
2026-10-01,PG,PG261009C00145000,CALL,145.0,2026-10-09,593,268,77090,ALCISTA,ASK,CONFIRMADA,737.0,2026-10-02,1.0
2026-10-01,SWKS,SWKS261218P00080000,PUT,80.0,2026-12-18,225,91,153000,NEUTRAL,MID,CONFIRMADA,245.0,2026-10-02,1.0
2026-10-01,SBUX,SBUX270617C00095000,CALL,95.0,2027-06-17,231,87,232848,NEUTRAL,MID,CONFIRMADA,248.0,2026-10-02,1.0
2026-10-01,TTWO,TTWO261218C00190000,CALL,190.0,2026-12-18,801,33,2052963,BAJISTA,BID,CONFIRMADA,834.0,2026-10-02,1.0
2026-10-01,TTWO,TTWO261218C00195000,CALL,195.0,2026-12-18,800,59,1828800,BAJISTA,BID,CONFIRMADA,856.0,2026-10-02,1.0
2026-10-01,TTWO,TTWO261120P00175000,PUT,175.0,2026-11-20,600,197,244800,BAJISTA,ASK,CONFIRMADA,790.0,2026-10-02,0.25
2026-10-01,TTWO,TTWO261120P00180000,PUT,180.0,2026-11-20,602,267,313040,NEUTRAL,MID,CONFIRMADA,816.0,2026-10-02,0.25
2026-10-01,RTX,RTX261023P00175000,PUT,175.0,2026-10-23,431,160,93096,BAJISTA,ASK,CONFIRMADA,536.0,2026-10-02,1.0
2026-10-01,O,O270319C00055000,CALL,55.0,2027-03-19,529,272,115851,ALCISTA,ASK,CONFIRMADA,774.0,2026-10-02,1.0
2026-10-01,TGT,TGT261218P00155000,PUT,155.0,2026-12-18,4075,193,3830500,NEUTRAL,MID,CONFIRMADA,4159.0,2026-10-02,1.0
2026-10-01,TGT,TGT261016P00145000,PUT,145.0,2026-10-16,1500,1032,70500,ALCISTA,BID,CONFIRMADA,2406.0,2026-10-02,1.0
2026-10-01,UPS,UPS261120C00100000,CALL,100.0,2026-11-20,10440,6724,2369880,NEUTRAL,MID,CONFIRMADA,16111.0,2026-10-02,1.0
2026-10-01,UPS,UPS270917C00100000,CALL,100.0,2027-09-17,339,313,293235,ALCISTA,ASK,CONFIRMADA,545.0,2026-10-02,1.0
2026-10-01,V,V271217C00415000,CALL,415.0,2027-12-17,240,22,563040,BAJISTA,BID,CONFIRMADA,252.0,2026-10-02,0.25
2026-10-01,V,V271217C00405000,CALL,405.0,2027-12-17,209,76,574750,NEUTRAL,MID,CONFIRMADA,212.0,2026-10-02,0.25
2026-10-01,V,V270319C00385000,CALL,385.0,2027-03-19,216,193,317088,NEUTRAL,MID,CONFIRMADA,375.0,2026-10-02,1.0
2026-10-01,V,V271217C00420000,CALL,420.0,2027-12-17,118,114,264556,NEUTRAL,MID,CONFIRMADA,202.0,2026-10-02,1.0
2026-10-01,UAL,UAL261009C00112000,CALL,112.0,2026-10-09,152,69,59888,ALCISTA,ASK,CONFIRMADA,171.0,2026-10-02,1.0
2026-10-01,UAL,UAL261016C00116000,CALL,116.0,2026-10-16,619,223,198080,NEUTRAL,MID,CONFIRMADA,723.0,2026-10-02,1.0
2026-10-01,UAL,UAL261023P00107000,PUT,107.0,2026-10-23,135,28,56700,NEUTRAL,MID,CONFIRMADA,163.0,2026-10-02,1.0
2026-10-01,UAL,UAL270319P00070000,PUT,70.0,2027-03-19,600,540,76200,NEUTRAL,MID,CONFIRMADA,1140.0,2026-10-02,1.0
2026-10-01,ALAB,ALAB270617C00380000,CALL,380.0,2027-06-17,150,29,1410000,ALCISTA,ASK,CONFIRMADA,177.0,2026-10-02,1.0
2026-10-01,ALAB,ALAB261009P00342500,PUT,342.5,2026-10-09,191,33,252502,BAJISTA,ASK,CONFIRMADA,194.0,2026-10-02,0.25
2026-10-01,ALAB,ALAB261016C00375000,CALL,375.0,2026-10-16,379,377,606400,BAJISTA,BID,CONFIRMADA,636.0,2026-10-02,1.0
2026-10-01,ALAB,ALAB261016C00410000,CALL,410.0,2026-10-16,217,89,173600,BAJISTA,BID,CONFIRMADA,288.0,2026-10-02,1.0
2026-10-01,ALAB,ALAB261009C00420000,CALL,420.0,2026-10-09,468,52,155844,BAJISTA,BID,CONFIRMADA,473.0,2026-10-02,0.25
2026-10-01,ALAB,ALAB261009C00387500,CALL,387.5,2026-10-09,177,18,169035,NEUTRAL,MID,CONFIRMADA,184.0,2026-10-02,0.25
2026-10-01,ALAB,ALAB261009P00330000,PUT,330.0,2026-10-09,176,160,151360,BAJISTA,ASK,NO CONFIRMADA,180.0,2026-10-02,0.25
2026-10-01,ALAB,ALAB261016P00355000,PUT,355.0,2026-10-16,122,72,282430,NEUTRAL,MID,CONFIRMADA,188.0,2026-10-02,1.0
2026-10-01,ALAB,ALAB261016P00325000,PUT,325.0,2026-10-16,106,103,112148,NEUTRAL,MID,CONFIRMADA,177.0,2026-10-02,1.0
2026-10-01,ALAB,ALAB261009C00360000,CALL,360.0,2026-10-09,147,140,282240,NEUTRAL,MID,NO CONFIRMADA,208.0,2026-10-02,0.25
2026-10-01,ALAB,ALAB261009P00335000,PUT,335.0,2026-10-09,144,83,143712,NEUTRAL,MID,CONFIRMADA,227.0,2026-10-02,0.25
2026-10-01,PWR,PWR270219P00600000,PUT,600.0,2027-02-19,100,3,379000,NEUTRAL,MID,CONFIRMADA,102.0,2026-10-02,0.25
2026-10-01,PWR,PWR270219C00760000,CALL,760.0,2027-02-19,100,4,379000,NEUTRAL,MID,CONFIRMADA,102.0,2026-10-02,0.25
2026-10-01,PRAX,PRAX270219C00500000,CALL,500.0,2027-02-19,125,4,99375,NEUTRAL,MID,PENDIENTE,,,1.0
2026-10-01,PSKY,PSKY261030P00009500,PUT,9.5,2026-10-30,10051,9,673417,ALCISTA,BID,CONFIRMADA,10059.0,2026-10-02,1.0
2026-10-01,PSKY,PSKY261016P00012000,PUT,12.0,2026-10-16,3012,40,777096,NEUTRAL,MID,CONFIRMADA,3036.0,2026-10-02,0.3
2026-10-01,PSKY,PSKY270319P00009000,PUT,9.0,2027-03-19,2778,1919,336138,NEUTRAL,MID,CONFIRMADA,4274.0,2026-10-02,1.0
2026-10-01,NLY,NLY270416C00020000,CALL,20.0,2027-04-16,994,87,59640,NEUTRAL,MID,CONFIRMADA,1040.0,2026-10-02,1.0
2026-10-01,T,T261120C00024000,CALL,24.0,2026-11-20,2516,777,276760,NEUTRAL,MID,CONFIRMADA,3287.0,2026-10-02,1.0
2026-10-01,GIS,GIS261218C00032500,CALL,32.5,2026-12-18,2333,376,349950,NEUTRAL,MID,CONFIRMADA,2348.0,2026-10-02,1.0
2026-10-01,GIS,GIS261120C00030000,CALL,30.0,2026-11-20,412,3,92700,NEUTRAL,MID,CONFIRMADA,414.0,2026-10-02,1.0
2026-10-01,GIS,GIS261120C00035000,CALL,35.0,2026-11-20,1564,587,59432,NEUTRAL,MID,CONFIRMADA,1870.0,2026-10-02,1.0
2026-10-01,GIS,GIS270319C00032500,CALL,32.5,2027-03-19,419,296,100560,NEUTRAL,MID,CONFIRMADA,657.0,2026-10-02,1.0
2026-10-01,GIS,GIS270416C00030000,CALL,30.0,2027-04-16,150,90,58500,ALCISTA,ASK,CONFIRMADA,228.0,2026-10-02,1.0
2026-10-01,GIS,GIS280121C00027500,CALL,27.5,2028-01-21,178,159,118014,NEUTRAL,MID,CONFIRMADA,275.0,2026-10-02,1.0
2026-10-01,HAL,HAL261120C00032000,CALL,32.0,2026-11-20,11053,5360,2022699,BAJISTA,BID,CONFIRMADA,16025.0,2026-10-02,1.0
2026-10-01,HSY,HSY280121C00170000,CALL,170.0,2028-01-21,531,73,847476,NEUTRAL,MID,CONFIRMADA,574.0,2026-10-02,0.25
2026-10-01,HSY,HSY270115C00165000,CALL,165.0,2027-01-15,303,62,210585,NEUTRAL,MID,CONFIRMADA,318.0,2026-10-02,1.0
2026-10-01,HSY,HSY280121P00145000,PUT,145.0,2028-01-21,101,16,119180,ALCISTA,BID,CONFIRMADA,108.0,2026-10-02,1.0
2026-10-01,HSY,HSY280121P00170000,PUT,170.0,2028-01-21,501,105,1235967,NEUTRAL,MID,CONFIRMADA,588.0,2026-10-02,0.25
2026-10-01,HSY,HSY280121C00180000,CALL,180.0,2028-01-21,147,61,186690,NEUTRAL,MID,CONFIRMADA,193.0,2026-10-02,1.0
2026-10-01,HSY,HSY270219P00145000,PUT,145.0,2027-02-19,127,58,67310,NEUTRAL,MID,CONFIRMADA,137.0,2026-10-02,1.0
2026-10-01,HBAN,HBAN261016C00016000,CALL,16.0,2026-10-16,12153,1726,218754,ALCISTA,ASK,CONFIRMADA,12713.0,2026-10-02,1.0
2026-10-01,KHC,KHC270319P00020000,PUT,20.0,2027-03-19,1020,993,73440,NEUTRAL,MID,CONFIRMADA,1840.0,2026-10-02,1.0
2026-10-01,KLAC,KLAC261009C00205000,CALL,205.0,2026-10-09,2442,89,1111110,NEUTRAL,MID,CONFIRMADA,2511.0,2026-10-02,1.0
2026-10-01,KLAC,KLAC261009C00200000,CALL,200.0,2026-10-09,2476,145,1614352,NEUTRAL,MID,CONFIRMADA,2517.0,2026-10-02,1.0
2026-10-01,KLAC,KLAC261030P00180000,PUT,180.0,2026-10-30,383,138,219842,BAJISTA,ASK,CONFIRMADA,460.0,2026-10-02,1.0
2026-10-01,KLAC,KLAC261023C00210000,CALL,210.0,2026-10-23,343,238,250390,BAJISTA,BID,CONFIRMADA,510.0,2026-10-02,1.0
2026-10-01,KLAC,KLAC261023C00205000,CALL,205.0,2026-10-23,112,95,106400,NEUTRAL,MID,CONFIRMADA,194.0,2026-10-02,1.0
2026-10-01,MPC,MPC261120C00430000,CALL,430.0,2026-11-20,119,93,321895,BAJISTA,BID,NO CONFIRMADA,136.0,2026-10-02,0.25
2026-10-01,MPC,MPC261120C00460000,CALL,460.0,2026-11-20,103,68,178190,NEUTRAL,MID,NO CONFIRMADA,112.0,2026-10-02,0.25
2026-10-01,FICO,FICO261120P00600000,PUT,600.0,2026-11-20,359,128,1112182,ALCISTA,BID,CONFIRMADA,423.0,2026-10-02,1.0
2026-10-01,FICO,FICO261016P00600000,PUT,600.0,2026-10-16,271,265,235770,ALCISTA,BID,NO CONFIRMADA,320.0,2026-10-02,0.25
2026-10-01,NCLH,NCLH261218C00017000,CALL,17.0,2026-12-18,2485,2479,173950,NEUTRAL,MID,NO CONFIRMADA,3523.0,2026-10-02,1.0
2026-10-01,MDLZ,MDLZ280121P00045000,PUT,45.0,2028-01-21,425,354,65875,ALCISTA,BID,CONFIRMADA,689.0,2026-10-02,1.0
2026-10-01,RCL,RCL261120C00290000,CALL,290.0,2026-11-20,171,111,196650,NEUTRAL,MID,CONFIRMADA,247.0,2026-10-02,1.0
2026-10-01,LUV,LUV261120C00040000,CALL,40.0,2026-11-20,502,147,187246,NEUTRAL,MID,CONFIRMADA,530.0,2026-10-02,1.0
2026-10-01,TER,TER261009C00427500,CALL,427.5,2026-10-09,831,1,811056,NEUTRAL,MID,CONFIRMADA,832.0,2026-10-02,1.0
2026-10-01,TER,TER261009C00440000,CALL,440.0,2026-10-09,860,102,516000,NEUTRAL,MID,CONFIRMADA,915.0,2026-10-02,1.0
2026-10-01,USB,USB261218C00052500,CALL,52.5,2026-12-18,766,401,483346,NEUTRAL,MID,CONFIRMADA,919.0,2026-10-02,1.0
2026-10-01,WYNN,WYNN270319C00090000,CALL,90.0,2027-03-19,834,174,323592,NEUTRAL,MID,CONFIRMADA,951.0,2026-10-02,1.0
2026-10-01,WYNN,WYNN261016C00077000,CALL,77.0,2026-10-16,282,3,70782,NEUTRAL,MID,CONFIRMADA,284.0,2026-10-02,1.0
2026-10-01,ENTG,ENTG261120C00170000,CALL,170.0,2026-11-20,1849,175,2126350,NEUTRAL,MID,CONFIRMADA,1862.0,2026-10-02,1.0
2026-10-01,ENTG,ENTG261120P00150000,PUT,150.0,2026-11-20,158,10,186440,NEUTRAL,MID,CONFIRMADA,160.0,2026-10-02,1.0
2026-10-01,FN,FN261016P00430000,PUT,430.0,2026-10-16,136,45,163200,NEUTRAL,MID,CONFIRMADA,173.0,2026-10-02,1.0
2026-10-01,EXPD,EXPD261120C00180000,CALL,180.0,2026-11-20,140,121,214480,NEUTRAL,MID,NO CONFIRMADA,121.0,2026-10-02,0.3
2026-10-01,NBIX,NBIX271217C00210000,CALL,210.0,2027-12-17,154,16,297220,NEUTRAL,MID,NO CONFIRMADA,16.0,2026-10-02,1.0
2026-10-01,CTVA,CTVA1270319C00075000,CALL,75.0,2027-03-19,296,0,399600,ALCISTA,ASK,CONFIRMADA,318.0,2026-10-02,1.0
2026-10-01,HUBB,HUBB261016C00500000,CALL,500.0,2026-10-16,1228,37,343840,ALCISTA,ASK,CONFIRMADA,1240.0,2026-10-02,1.0
2026-10-01,MKC,MKC261120P00050000,PUT,50.0,2026-11-20,2568,157,1507416,ALCISTA,BID,CONFIRMADA,2622.0,2026-10-02,1.0
2026-10-01,MKC,MKC261016C00045000,CALL,45.0,2026-10-16,1183,524,87542,NEUTRAL,MID,CONFIRMADA,1462.0,2026-10-02,1.0
2026-10-01,IOVA,IOVA261120P00015000,PUT,15.0,2026-11-20,1502,274,383010,BAJISTA,ASK,CONFIRMADA,1770.0,2026-10-02,1.0
2026-10-01,SOFI,SOFI261009C00016000,CALL,16.0,2026-10-09,8341,7342,275253,NEUTRAL,MID,NO CONFIRMADA,7342.0,2026-10-02,1.0
2026-10-01,SOFI,SOFI280121P00040000,PUT,40.0,2028-01-21,1467,970,3551607,NEUTRAL,MID,NO CONFIRMADA,970.0,2026-10-02,0.3
2026-10-01,SOFI,SOFI270416C00019000,CALL,19.0,2027-04-16,925,893,143375,BAJISTA,BID,NO CONFIRMADA,893.0,2026-10-02,1.0
2026-10-01,SOFI,SOFI261030C00015500,CALL,15.5,2026-10-30,3346,3319,404866,NEUTRAL,MID,NO CONFIRMADA,3319.0,2026-10-02,1.0
2026-10-01,SOFI,SOFI261023C00010000,CALL,10.0,2026-10-23,206,106,120510,BAJISTA,BID,NO CONFIRMADA,106.0,2026-10-02,0.3
2026-10-01,HOOD,HOOD261016P00111000,PUT,111.0,2026-10-16,2097,744,1000269,BAJISTA,ASK,NO CONFIRMADA,744.0,2026-10-02,1.0
2026-10-01,HOOD,HOOD261016P00155000,PUT,155.0,2026-10-16,331,0,1423300,ALCISTA,BID,PENDIENTE,,,0.3
2026-10-01,HOOD,HOOD261009C00115000,CALL,115.0,2026-10-09,2475,2172,527175,NEUTRAL,MID,NO CONFIRMADA,2172.0,2026-10-02,1.0
2026-10-01,HOOD,HOOD261009C00117000,CALL,117.0,2026-10-09,2920,2578,455520,NEUTRAL,MID,NO CONFIRMADA,2578.0,2026-10-02,1.0
2026-10-01,HOOD,HOOD261016C00112000,CALL,112.0,2026-10-16,947,392,436567,BAJISTA,BID,NO CONFIRMADA,392.0,2026-10-02,1.0
2026-10-01,HOOD,HOOD261016P00160000,PUT,160.0,2026-10-16,141,0,676800,ALCISTA,BID,PENDIENTE,,,0.3
2026-10-01,HOOD,HOOD261009C00104000,CALL,104.0,2026-10-09,280,256,256200,ALCISTA,ASK,NO CONFIRMADA,256.0,2026-10-02,1.0
2026-10-01,HOOD,HOOD261009C00113000,CALL,113.0,2026-10-09,4521,4219,1265880,BAJISTA,BID,NO CONFIRMADA,4219.0,2026-10-02,0.25
2026-10-01,HOOD,HOOD261009P00111000,PUT,111.0,2026-10-09,1397,834,490347,NEUTRAL,MID,NO CONFIRMADA,834.0,2026-10-02,0.25
2026-10-01,HOOD,HOOD261009C00120000,CALL,120.0,2026-10-09,4920,3863,482160,NEUTRAL,MID,NO CONFIRMADA,3863.0,2026-10-02,0.25
2026-10-01,HOOD,HOOD261023C00095000,CALL,95.0,2026-10-23,235,45,404905,NEUTRAL,MID,NO CONFIRMADA,45.0,2026-10-02,0.25
2026-10-01,HOOD,HOOD261023C00094000,CALL,94.0,2026-10-23,230,33,432400,ALCISTA,ASK,NO CONFIRMADA,33.0,2026-10-02,0.075
2026-10-01,HOOD,HOOD261023C00085000,CALL,85.0,2026-10-23,148,25,406704,ALCISTA,ASK,NO CONFIRMADA,25.0,2026-10-02,0.075
2026-10-01,HOOD,HOOD261016C00113000,CALL,113.0,2026-10-16,706,568,296520,NEUTRAL,MID,NO CONFIRMADA,568.0,2026-10-02,1.0
2026-10-01,HOOD,HOOD261009C00110000,CALL,110.0,2026-10-09,1342,821,570350,NEUTRAL,MID,NO CONFIRMADA,821.0,2026-10-02,0.25
2026-10-01,HOOD,HOOD261009C00112000,CALL,112.0,2026-10-09,1697,1250,551525,NEUTRAL,MID,NO CONFIRMADA,1250.0,2026-10-02,0.25
2026-10-01,HOOD,HOOD261030C00112000,CALL,112.0,2026-10-30,357,253,260610,NEUTRAL,MID,NO CONFIRMADA,253.0,2026-10-02,1.0
2026-10-01,HOOD,HOOD261030C00113000,CALL,113.0,2026-10-30,371,353,254135,NEUTRAL,MID,NO CONFIRMADA,353.0,2026-10-02,1.0
2026-10-01,HOOD,HOOD261023C00090000,CALL,90.0,2026-10-23,111,67,248640,ALCISTA,ASK,NO CONFIRMADA,67.0,2026-10-02,0.3
2026-10-01,HOOD,HOOD261023C00080000,CALL,80.0,2026-10-23,150,57,473550,NEUTRAL,MID,NO CONFIRMADA,57.0,2026-10-02,0.075
2026-10-01,PLTR,PLTR261009C00195000,CALL,195.0,2026-10-09,6597,6225,1800981,BAJISTA,BID,NO CONFIRMADA,6225.0,2026-10-02,1.0
2026-10-01,PLTR,PLTR261009C00190000,CALL,190.0,2026-10-09,4656,3177,2211600,BAJISTA,BID,NO CONFIRMADA,3177.0,2026-10-02,1.0
2026-10-01,PLTR,PLTR261009C00205000,CALL,205.0,2026-10-09,6996,6785,489720,BAJISTA,BID,NO CONFIRMADA,6785.0,2026-10-02,1.0
2026-10-01,PLTR,PLTR261009P00187500,PUT,187.5,2026-10-09,2462,1916,849390,NEUTRAL,MID,NO CONFIRMADA,1916.0,2026-10-02,0.25
2026-10-01,PLTR,PLTR261009C00192500,CALL,192.5,2026-10-09,2237,1724,816505,NEUTRAL,MID,NO CONFIRMADA,1724.0,2026-10-02,0.25
2026-10-01,PLTR,PLTR261016P00192500,PUT,192.5,2026-10-16,532,334,394744,ALCISTA,BID,NO CONFIRMADA,334.0,2026-10-02,1.0
2026-10-01,VIX,VIXW261104P00100000,PUT,100.0,2026-11-04,209,105,1691019,NEUTRAL,MID,NO CONFIRMADA,105.0,2026-10-02,0.3
2026-10-01,VIX,VIXW261007P00017000,PUT,17.0,2026-10-07,6082,6035,310182,NEUTRAL,MID,NO CONFIRMADA,6035.0,2026-10-02,0.5
2026-10-01,VIX,VIXW261104P00050000,PUT,50.0,2026-11-04,209,105,652916,NEUTRAL,MID,NO CONFIRMADA,105.0,2026-10-02,0.3
2026-10-01,COIN,COIN261009C00195000,CALL,195.0,2026-10-09,5796,5625,2556036,ALCISTA,ASK,NO CONFIRMADA,5625.0,2026-10-02,0.25
2026-10-01,COIN,COIN261009C00192500,CALL,192.5,2026-10-09,5114,5086,2761560,ALCISTA,ASK,NO CONFIRMADA,5086.0,2026-10-02,0.25
2026-10-01,COIN,COIN261009C00202500,CALL,202.5,2026-10-09,5375,5348,1300750,NEUTRAL,MID,NO CONFIRMADA,5348.0,2026-10-02,0.25
2026-10-01,COIN,COIN261009C00187500,CALL,187.5,2026-10-09,337,245,256457,NEUTRAL,MID,NO CONFIRMADA,245.0,2026-10-02,1.0
2026-10-01,MSTR,MSTR261023C00172500,CALL,172.5,2026-10-23,7426,5753,4433322,BAJISTA,BID,NO CONFIRMADA,5753.0,2026-10-02,1.0
2026-10-01,MSTR,MSTR261120C00170000,CALL,170.0,2026-11-20,2139,1957,2737920,BAJISTA,BID,NO CONFIRMADA,1957.0,2026-10-02,1.0
2026-10-01,MSTR,MSTR261016C00172500,CALL,172.5,2026-10-16,4415,2232,1933770,NEUTRAL,MID,NO CONFIRMADA,2232.0,2026-10-02,1.0
2026-10-01,MSTR,MSTR261009C00170000,CALL,170.0,2026-10-09,5131,3964,1518776,BAJISTA,BID,NO CONFIRMADA,3964.0,2026-10-02,1.0
2026-10-01,MSTR,MSTR261009C00155000,CALL,155.0,2026-10-09,2233,1618,2054360,NEUTRAL,MID,NO CONFIRMADA,1618.0,2026-10-02,1.0
2026-10-01,MSTR,MSTR261016C00152500,CALL,152.5,2026-10-16,423,243,552015,ALCISTA,ASK,NO CONFIRMADA,243.0,2026-10-02,1.0
2026-10-01,MSTR,MSTR261009C00157500,CALL,157.5,2026-10-09,3059,1404,2309545,BAJISTA,BID,NO CONFIRMADA,1404.0,2026-10-02,0.25
2026-10-01,MSTR,MSTR261016C00157500,CALL,157.5,2026-10-16,1353,753,1346235,NEUTRAL,MID,NO CONFIRMADA,753.0,2026-10-02,1.0
2026-10-01,MSTR,MSTR261009P00157500,PUT,157.5,2026-10-09,1215,868,544320,NEUTRAL,MID,NO CONFIRMADA,868.0,2026-10-02,1.0
2026-10-01,MSTR,MSTR261009C00152500,CALL,152.5,2026-10-09,541,443,587526,NEUTRAL,MID,NO CONFIRMADA,443.0,2026-10-02,1.0
2026-10-01,MSTR,MSTR261113P00175000,PUT,175.0,2026-11-13,244,121,609756,NEUTRAL,MID,NO CONFIRMADA,121.0,2026-10-02,1.0
2026-10-01,MSTR,MSTR261009P00150000,PUT,150.0,2026-10-09,3064,2686,572968,NEUTRAL,MID,NO CONFIRMADA,2686.0,2026-10-02,0.25
2026-10-01,XLE,XLE261030C00065000,CALL,65.0,2026-10-30,1598,1185,150212,BAJISTA,BID,NO CONFIRMADA,1185.0,2026-10-02,1.0
2026-10-01,XLE,XLE261005C00063000,CALL,63.0,2026-10-05,1431,586,57240,NEUTRAL,MID,NO CONFIRMADA,586.0,2026-10-02,0.125
2026-10-01,XLE,XLE261106C00062500,CALL,62.5,2026-11-06,230,229,50600,NEUTRAL,MID,NO CONFIRMADA,229.0,2026-10-02,1.0
2026-10-01,XLE,XLE261005C00062000,CALL,62.0,2026-10-05,1698,1249,151122,BAJISTA,BID,NO CONFIRMADA,1249.0,2026-10-02,0.125
2026-10-01,XLE,XLE270930P00067000,PUT,67.0,2027-09-30,100,100,80000,NEUTRAL,MID,NO CONFIRMADA,100.0,2026-10-02,1.0
2026-10-01,XLV,XLV261016C00167000,CALL,167.0,2026-10-16,698,695,150070,NEUTRAL,MID,NO CONFIRMADA,695.0,2026-10-02,1.0
2026-10-01,XLV,XLV261016P00167000,PUT,167.0,2026-10-16,896,871,213248,NEUTRAL,MID,NO CONFIRMADA,871.0,2026-10-02,1.0
2026-10-01,DIA,DIA261120C00520000,CALL,520.0,2026-11-20,1646,1510,1092944,BAJISTA,BID,NO CONFIRMADA,1510.0,2026-10-02,1.0
2026-10-01,DIA,DIA261016P00540000,PUT,540.0,2026-10-16,2000,1501,6300000,BAJISTA,ASK,NO CONFIRMADA,1501.0,2026-10-02,0.3
2026-10-01,DIA,DIA261016C00510000,CALL,510.0,2026-10-16,587,279,334590,ALCISTA,ASK,NO CONFIRMADA,279.0,2026-10-02,1.0
2026-10-01,DIA,DIA261009P00511000,PUT,511.0,2026-10-09,516,225,258000,BAJISTA,ASK,NO CONFIRMADA,225.0,2026-10-02,0.25
2026-10-01,DIA,DIA261120P00509000,PUT,509.0,2026-11-20,100,58,103500,BAJISTA,ASK,NO CONFIRMADA,58.0,2026-10-02,1.0
2026-10-01,DIA,DIA261113P00465000,PUT,465.0,2026-11-13,679,674,105245,BAJISTA,ASK,NO CONFIRMADA,674.0,2026-10-02,1.0
2026-10-01,DIA,DIA261009C00508000,CALL,508.0,2026-10-09,287,112,137760,BAJISTA,BID,NO CONFIRMADA,112.0,2026-10-02,1.0
2026-10-01,DIA,DIA270319P00465000,PUT,465.0,2027-03-19,212,92,143948,NEUTRAL,MID,NO CONFIRMADA,92.0,2026-10-02,1.0
2026-10-01,DIA,DIA261009C00510000,CALL,510.0,2026-10-09,546,328,202020,BAJISTA,BID,NO CONFIRMADA,328.0,2026-10-02,0.25
2026-10-01,XLF,XLF261009P00051500,PUT,51.5,2026-10-09,21008,19753,252096,ALCISTA,BID,NO CONFIRMADA,19753.0,2026-10-02,1.0
2026-10-01,XLF,XLF261009C00053500,CALL,53.5,2026-10-09,1772,1314,97460,ALCISTA,ASK,NO CONFIRMADA,1314.0,2026-10-02,1.0
2026-10-01,XLF,XLF261016C00053500,CALL,53.5,2026-10-16,3717,3522,297360,NEUTRAL,MID,NO CONFIRMADA,3522.0,2026-10-02,1.0
2026-10-01,XLF,XLF261106C00054000,CALL,54.0,2026-11-06,554,470,55400,NEUTRAL,MID,NO CONFIRMADA,470.0,2026-10-02,1.0
2026-10-01,XLK,XLK271217P00175000,PUT,175.0,2027-12-17,1028,966,1202760,NEUTRAL,MID,NO CONFIRMADA,966.0,2026-10-02,1.0
2026-10-01,XLK,XLK271217P00155000,PUT,155.0,2027-12-17,1028,964,704180,NEUTRAL,MID,NO CONFIRMADA,964.0,2026-10-02,1.0
2026-10-01,XLK,XLK261120P00174000,PUT,174.0,2026-11-20,1992,1859,310752,NEUTRAL,MID,NO CONFIRMADA,1859.0,2026-10-02,1.0
2026-10-01,XLK,XLK261120P00172000,PUT,172.0,2026-11-20,1643,1364,228377,NEUTRAL,MID,NO CONFIRMADA,1364.0,2026-10-02,1.0
2026-10-01,XLK,XLK261120P00173000,PUT,173.0,2026-11-20,1280,1273,190720,NEUTRAL,MID,NO CONFIRMADA,1273.0,2026-10-02,1.0
2026-10-01,XBI,XBI261120C00159000,CALL,159.0,2026-11-20,120,26,80760,ALCISTA,ASK,NO CONFIRMADA,26.0,2026-10-02,1.0
2026-10-01,XBI,XBI261120C00158000,CALL,158.0,2026-11-20,120,68,86640,ALCISTA,ASK,NO CONFIRMADA,68.0,2026-10-02,1.0
2026-10-01,XBI,XBI261016C00172000,CALL,172.0,2026-10-16,2002,1932,56056,NEUTRAL,MID,NO CONFIRMADA,1932.0,2026-10-02,1.0
2026-10-01,RUT,RUTW270129P02800000,PUT,2800.0,2027-01-29,487,1,5244990,BAJISTA,ASK,CONFIRMADA,406.0,2026-10-02,1.0
2026-10-01,RUT,RUTW261120C02950000,CALL,2950.0,2026-11-20,2544,20,6181920,BAJISTA,BID,CONFIRMADA,2506.0,2026-10-02,1.0
2026-10-01,RUT,RUT261016P02880000,PUT,2880.0,2026-10-16,386,108,4104724,BAJISTA,ASK,CONFIRMADA,433.0,2026-10-02,1.0
2026-10-01,RUT,RUTW261023P02690000,PUT,2690.0,2026-10-23,591,104,1002927,BAJISTA,ASK,CONFIRMADA,624.0,2026-10-02,1.0
2026-10-01,RUT,RUT261120P02800000,PUT,2800.0,2026-11-20,1731,950,12418194,BAJISTA,ASK,CONFIRMADA,2185.0,2026-10-02,1.0
2026-10-01,RUT,RUT261120C02930000,CALL,2930.0,2026-11-20,737,301,2591292,BAJISTA,BID,CONFIRMADA,998.0,2026-10-02,1.0
2026-10-01,RUT,RUT261218P02810000,PUT,2810.0,2026-12-18,144,12,1356480,BAJISTA,ASK,CONFIRMADA,139.0,2026-10-02,1.0
2026-10-01,RUT,RUT261016C02870000,CALL,2870.0,2026-10-16,552,58,989736,BAJISTA,BID,CONFIRMADA,522.0,2026-10-02,0.25
2026-10-01,RUT,RUT261218C02830000,CALL,2830.0,2026-12-18,383,262,3906600,BAJISTA,BID,CONFIRMADA,545.0,2026-10-02,1.0
2026-10-01,RUT,RUT261120C02770000,CALL,2770.0,2026-11-20,132,25,1270764,BAJISTA,BID,CONFIRMADA,147.0,2026-10-02,1.0
2026-10-01,RUT,RUT261016P02810000,PUT,2810.0,2026-10-16,447,265,1800963,BAJISTA,ASK,CONFIRMADA,587.0,2026-10-02,0.25
2026-10-01,RUT,RUT270917P02700000,PUT,2700.0,2027-09-17,100,68,1426000,NEUTRAL,MID,CONFIRMADA,168.0,2026-10-02,1.0
2026-10-01,HYG,HYG270917P00070000,PUT,70.0,2027-09-17,50000,1660,7650000,NEUTRAL,MID,CONFIRMADA,51660.0,2026-10-02,1.0
2026-10-01,HYG,HYG270219C00078000,CALL,78.0,2027-02-19,38500,52,2079000,NEUTRAL,MID,CONFIRMADA,38519.0,2026-10-02,1.0
2026-10-01,HYG,HYG261218C00077000,CALL,77.0,2026-12-18,12340,1229,950180,NEUTRAL,MID,CONFIRMADA,13245.0,2026-10-02,1.0
2026-10-01,HYG,HYG261120C00077000,CALL,77.0,2026-11-20,13004,3390,975300,NEUTRAL,MID,CONFIRMADA,16384.0,2026-10-02,1.0
2026-10-01,HYG,HYG270319P00068000,PUT,68.0,2027-03-19,25000,0,900000,NEUTRAL,MID,CONFIRMADA,25000.0,2026-10-02,1.0
2026-10-01,HYG,HYG270219P00075000,PUT,75.0,2027-02-19,57750,42403,6121500,NEUTRAL,MID,CONFIRMADA,98530.0,2026-10-02,1.0
2026-10-01,HYG,HYG261016P00085000,PUT,85.0,2026-10-16,2469,679,2036925,BAJISTA,ASK,NO CONFIRMADA,4.0,2026-10-02,0.075
2026-10-01,HYG,HYG261016P00082000,PUT,82.0,2026-10-16,2630,773,1315000,ALCISTA,BID,NO CONFIRMADA,3.0,2026-10-02,0.075
2026-10-01,HYG,HYG261023P00080500,PUT,80.5,2026-10-23,4100,2733,1455500,ALCISTA,BID,PENDIENTE,,,0.3
2026-10-01,HYG,HYG261023P00078500,PUT,78.5,2026-10-23,6780,4519,1010220,ALCISTA,BID,NO CONFIRMADA,10.0,2026-10-02,0.3
2026-10-01,HYG,HYG261030P00078500,PUT,78.5,2026-10-30,4881,3254,722388,NEUTRAL,MID,NO CONFIRMADA,18.0,2026-10-02,0.3
2026-10-01,HYG,HYG261016P00090000,PUT,90.0,2026-10-16,218,138,282310,ALCISTA,BID,PENDIENTE,,,0.3
2026-10-01,HYG,HYG261030P00080500,PUT,80.5,2026-10-30,2836,1891,1018124,ALCISTA,BID,PENDIENTE,,,0.075
2026-10-01,HYG,HYG261030P00080000,PUT,80.0,2026-10-30,1157,771,343629,ALCISTA,BID,NO CONFIRMADA,1.0,2026-10-02,0.3
2026-10-01,HYG,HYG261016P00080500,PUT,80.5,2026-10-16,2142,1428,803250,NEUTRAL,MID,PENDIENTE,,,0.075
2026-10-01,HYG,HYG261030P00081000,PUT,81.0,2026-10-30,2782,1881,1182350,NEUTRAL,MID,PENDIENTE,,,0.075
2026-10-01,HYG,HYG261016P00078500,PUT,78.5,2026-10-16,3459,2306,536145,ALCISTA,BID,NO CONFIRMADA,1.0,2026-10-02,0.075
2026-10-01,HYG,HYG261016P00081000,PUT,81.0,2026-10-16,1086,666,434400,ALCISTA,BID,NO CONFIRMADA,60.0,2026-10-02,0.075
2026-10-01,HYG,HYG261009P00078500,PUT,78.5,2026-10-09,1486,1181,258564,NEUTRAL,MID,NO CONFIRMADA,6.0,2026-10-02,0.3
2026-10-01,IWM,IWM261016P00266000,PUT,266.0,2026-10-16,57552,28181,5064576,ALCISTA,BID,NO CONFIRMADA,28181.0,2026-10-02,1.0
2026-10-01,IWM,IWM261009C00280000,CALL,280.0,2026-10-09,12954,5811,3938016,ALCISTA,ASK,NO CONFIRMADA,5811.0,2026-10-02,1.0
2026-10-01,IWM,IWM261005C00280000,CALL,280.0,2026-10-05,14270,3613,2582870,BAJISTA,BID,NO CONFIRMADA,3613.0,2026-10-02,0.5
2026-10-01,IWM,IWM261120P00263000,PUT,263.0,2026-11-20,24447,14530,7236312,ALCISTA,BID,NO CONFIRMADA,14530.0,2026-10-02,1.0
2026-10-01,IWM,IWM261016C00284000,CALL,284.0,2026-10-16,8700,6494,2114100,BAJISTA,BID,NO CONFIRMADA,6494.0,2026-10-02,1.0
2026-10-01,IWM,IWM261120P00262000,PUT,262.0,2026-11-20,8669,4705,2409982,ALCISTA,BID,NO CONFIRMADA,4705.0,2026-10-02,1.0
2026-10-01,IWM,IWM261016P00297000,PUT,297.0,2026-10-16,1119,8,2011962,BAJISTA,ASK,NO CONFIRMADA,8.0,2026-10-02,0.3
2026-10-01,IWM,IWM261120P00264000,PUT,264.0,2026-11-20,32795,25546,10330425,NEUTRAL,MID,NO CONFIRMADA,25546.0,2026-10-02,1.0
2026-10-01,IWM,IWM261007C00280000,CALL,280.0,2026-10-07,6452,2013,1554932,BAJISTA,BID,NO CONFIRMADA,2013.0,2026-10-02,0.5
2026-10-01,IWM,IWM261120P00330000,PUT,330.0,2026-11-20,528,126,2684880,BAJISTA,ASK,NO CONFIRMADA,126.0,2026-10-02,0.3
2026-10-01,IWM,IWM261016P00300000,PUT,300.0,2026-10-16,4551,1097,9329550,ALCISTA,BID,NO CONFIRMADA,1097.0,2026-10-02,0.3
2026-10-01,IWM,IWM261009C00277000,CALL,277.0,2026-10-09,3035,2216,1432520,BAJISTA,BID,NO CONFIRMADA,2216.0,2026-10-02,1.0
2026-10-01,IWM,IWM270617P00345000,PUT,345.0,2027-06-17,2550,850,16666800,NEUTRAL,MID,NO CONFIRMADA,850.0,2026-10-02,0.3
2026-10-01,TLT,TLT261016P00090000,PUT,90.0,2026-10-16,2815,101,3490600,BAJISTA,ASK,NO CONFIRMADA,101.0,2026-10-02,0.3
2026-10-01,TLT,TLT261005C00078000,CALL,78.0,2026-10-05,33221,9697,1129514,BAJISTA,BID,NO CONFIRMADA,9697.0,2026-10-02,0.5
2026-10-01,TLT,TLT261005C00073000,CALL,73.0,2026-10-05,5620,600,2838100,ALCISTA,ASK,NO CONFIRMADA,600.0,2026-10-02,0.15
2026-10-01,TLT,TLT261016P00095000,PUT,95.0,2026-10-16,1504,0,2616960,BAJISTA,ASK,PENDIENTE,,,0.3
2026-10-01,TLT,TLT261106C00078000,CALL,78.0,2026-11-06,14383,13515,2214982,BAJISTA,BID,NO CONFIRMADA,13515.0,2026-10-02,1.0
2026-10-01,TLT,TLT261005C00074000,CALL,74.0,2026-10-05,4100,373,1660500,ALCISTA,ASK,NO CONFIRMADA,373.0,2026-10-02,0.15
2026-10-01,TLT,TLT280121P00092000,PUT,92.0,2028-01-21,2453,1703,3777620,BAJISTA,ASK,NO CONFIRMADA,1703.0,2026-10-02,1.0
2026-10-01,TLT,TLT261030C00077000,CALL,77.0,2026-10-30,11181,3897,2191476,BAJISTA,BID,NO CONFIRMADA,3897.0,2026-10-02,1.0
2026-10-01,TLT,TLT261016P00088000,PUT,88.0,2026-10-16,15695,199,16244325,BAJISTA,ASK,NO CONFIRMADA,199.0,2026-10-02,0.075
2026-10-01,TLT,TLT261016P00086000,PUT,86.0,2026-10-16,15761,129,13207718,BAJISTA,ASK,NO CONFIRMADA,129.0,2026-10-02,0.075
2026-10-01,TLT,TLT261016P00087000,PUT,87.0,2026-10-16,10254,33,9638760,BAJISTA,ASK,NO CONFIRMADA,33.0,2026-10-02,0.075
2026-10-01,TLT,TLT261016P00092000,PUT,92.0,2026-10-16,718,21,1033920,BAJISTA,ASK,NO CONFIRMADA,21.0,2026-10-02,0.3
2026-10-01,TLT,TLT261016P00089000,PUT,89.0,2026-10-16,6023,0,6830082,NEUTRAL,MID,PENDIENTE,,,0.3
2026-10-01,TLT,TLT261016P00083000,PUT,83.0,2026-10-16,16250,13293,8742500,BAJISTA,ASK,NO CONFIRMADA,13293.0,2026-10-02,0.3
2026-10-01,TLT,TLT261005C00072000,CALL,72.0,2026-10-05,2005,405,1152875,NEUTRAL,MID,NO CONFIRMADA,405.0,2026-10-02,0.15
2026-10-01,TLT,TLT261016P00085000,PUT,85.0,2026-10-16,12644,3325,9230120,NEUTRAL,MID,NO CONFIRMADA,3325.0,2026-10-02,0.075
2026-10-01,TLT,TLT270617C00060000,CALL,60.0,2027-06-17,4004,2040,7167160,BAJISTA,BID,NO CONFIRMADA,2040.0,2026-10-02,0.3
2026-10-01,TLT,TLT280616C00060000,CALL,60.0,2028-06-16,7039,3521,12768746,NEUTRAL,MID,NO CONFIRMADA,3521.0,2026-10-02,0.3
2026-10-01,TLT,TLT280121C00060000,CALL,60.0,2028-01-21,15555,7891,28045665,NEUTRAL,MID,NO CONFIRMADA,7891.0,2026-10-02,0.3
2026-10-01,KRE,KRE261009P00073000,PUT,73.0,2026-10-09,598,514,254150,BAJISTA,ASK,NO CONFIRMADA,514.0,2026-10-02,1.0
2026-10-01,KRE,KRE261023P00067000,PUT,67.0,2026-10-23,1192,1174,116816,BAJISTA,ASK,NO CONFIRMADA,1174.0,2026-10-02,1.0
2026-10-01,KRE,KRE261009P00069000,PUT,69.0,2026-10-09,3023,2392,190449,NEUTRAL,MID,NO CONFIRMADA,2392.0,2026-10-02,1.0
2026-10-01,KRE,KRE261009P00070500,PUT,70.5,2026-10-09,487,363,95939,BAJISTA,ASK,NO CONFIRMADA,363.0,2026-10-02,1.0
2026-10-01,KRE,KRE261016C00069500,CALL,69.5,2026-10-16,1008,600,160272,NEUTRAL,MID,NO CONFIRMADA,600.0,2026-10-02,1.0
2026-10-01,KRE,KRE261009P00071500,PUT,71.5,2026-10-09,376,166,90616,NEUTRAL,MID,NO CONFIRMADA,166.0,2026-10-02,1.0
2026-10-01,NDX,NDXP261016P29900000,PUT,29900.0,2026-10-16,175,173,4036725,BAJISTA,ASK,NO CONFIRMADA,173.0,2026-10-02,1.0
2026-10-01,SLV,SLV270115P00088000,PUT,88.0,2027-01-15,1366,23,4576100,BAJISTA,ASK,NO CONFIRMADA,23.0,2026-10-02,0.3
2026-10-01,SLV,SLV261218P00085000,PUT,85.0,2026-12-18,404,6,1294820,BAJISTA,ASK,NO CONFIRMADA,6.0,2026-10-02,0.3
2026-10-01,SLV,SLV261016P00071000,PUT,71.0,2026-10-16,862,0,1293000,ALCISTA,BID,PENDIENTE,,,0.3
2026-10-01,SLV,SLV261120P00080000,PUT,80.0,2026-11-20,581,0,1443785,ALCISTA,BID,PENDIENTE,,,0.3
2026-10-01,SLV,SLV280121P00120000,PUT,120.0,2028-01-21,8995,5981,58557450,BAJISTA,ASK,NO CONFIRMADA,5981.0,2026-10-02,0.3
2026-10-01,SLV,SLV261231P00086000,PUT,86.0,2026-12-31,927,250,2763387,ALCISTA,BID,NO CONFIRMADA,250.0,2026-10-02,0.3
2026-10-01,SLV,SLV261231P00087000,PUT,87.0,2026-12-31,500,134,1563500,ALCISTA,BID,NO CONFIRMADA,134.0,2026-10-02,0.3
2026-10-01,SLV,SLV270115P00095000,PUT,95.0,2027-01-15,6240,4163,25615200,BAJISTA,ASK,NO CONFIRMADA,4163.0,2026-10-02,0.075
2026-10-01,SLV,SLV261231P00090000,PUT,90.0,2026-12-31,219,47,740220,ALCISTA,BID,NO CONFIRMADA,47.0,2026-10-02,0.3
2026-10-01,SLV,SLV270115P00100000,PUT,100.0,2027-01-15,10283,6856,46252934,NEUTRAL,MID,NO CONFIRMADA,6856.0,2026-10-02,0.3
2026-10-01,SLV,SLV270115P00090000,PUT,90.0,2027-01-15,6189,3864,21352050,ALCISTA,BID,NO CONFIRMADA,3864.0,2026-10-02,0.075
2026-10-01,SLV,SLV270115P00110000,PUT,110.0,2027-01-15,141,99,758580,ALCISTA,BID,NO CONFIRMADA,99.0,2026-10-02,0.3
2026-10-01,QQQ,QQQ261005P00736000,PUT,736.0,2026-10-05,34982,25633,8045860,BAJISTA,ASK,NO CONFIRMADA,25633.0,2026-10-02,0.5
2026-10-01,QQQ,QQQ261005C00740000,CALL,740.0,2026-10-05,9018,1750,6033042,NEUTRAL,MID,NO CONFIRMADA,1750.0,2026-10-02,0.5
2026-10-01,QQQ,QQQ261009C00750000,CALL,750.0,2026-10-09,16539,9080,8203344,ALCISTA,ASK,NO CONFIRMADA,9080.0,2026-10-02,0.25
2026-10-01,QQQ,QQQ261009C00740000,CALL,740.0,2026-10-09,6541,3140,6495213,BAJISTA,BID,NO CONFIRMADA,3140.0,2026-10-02,1.0
2026-10-01,QQQ,QQQ261120C00775000,CALL,775.0,2026-11-20,50047,41911,49046060,NEUTRAL,MID,NO CONFIRMADA,41911.0,2026-10-02,1.0
2026-10-01,QQQ,QQQ270319P00915000,PUT,915.0,2027-03-19,419,0,7271745,BAJISTA,ASK,PENDIENTE,,,0.3
2026-10-01,QQQ,QQQ261009C00754000,CALL,754.0,2026-10-09,23511,20514,7805652,BAJISTA,BID,NO CONFIRMADA,20514.0,2026-10-02,0.25
2026-10-01,QQQ,QQQ270319P00835000,PUT,835.0,2027-03-19,884,641,8444852,NEUTRAL,MID,NO CONFIRMADA,641.0,2026-10-02,1.0
2026-10-01,QQQ,QQQ270319P00900000,PUT,900.0,2027-03-19,915,0,14338965,NEUTRAL,MID,PENDIENTE,,,0.3
2026-10-01,QQQ,QQQ270331P00900000,PUT,900.0,2027-03-31,506,0,7962922,NEUTRAL,MID,PENDIENTE,,,0.3
2026-10-01,QQQ,QQQ270115P00880000,PUT,880.0,2027-01-15,501,0,6852678,NEUTRAL,MID,PENDIENTE,,,0.3
2026-10-01,QQQ,QQQ261016C00355000,CALL,355.0,2026-10-16,250,151,9743500,ALCISTA,ASK,NO CONFIRMADA,151.0,2026-10-02,0.075
2026-10-01,QQQ,QQQ261016C00360000,CALL,360.0,2026-10-16,404,280,15452192,BAJISTA,BID,NO CONFIRMADA,280.0,2026-10-02,0.075
2026-10-01,USO,USO261120C00147000,CALL,147.0,2026-11-20,665,189,831250,NEUTRAL,MID,NO CONFIRMADA,189.0,2026-10-02,1.0
2026-10-01,USO,USO270617C00190000,CALL,190.0,2027-06-17,1124,577,1145356,BAJISTA,BID,NO CONFIRMADA,577.0,2026-10-02,1.0
2026-10-01,USO,USO270820C00190000,CALL,190.0,2027-08-20,1142,767,1324720,BAJISTA,BID,NO CONFIRMADA,767.0,2026-10-02,1.0
2026-10-01,USO,USO261016P00137000,PUT,137.0,2026-10-16,3216,1811,498480,NEUTRAL,MID,NO CONFIRMADA,1811.0,2026-10-02,1.0
2026-10-01,USO,USO270820C00180000,CALL,180.0,2027-08-20,407,211,592999,NEUTRAL,MID,NO CONFIRMADA,211.0,2026-10-02,1.0
2026-10-01,USO,USO270617C00188000,CALL,188.0,2027-06-17,398,246,401980,BAJISTA,BID,NO CONFIRMADA,246.0,2026-10-02,1.0
2026-10-01,USO,USO270115P00136000,PUT,136.0,2027-01-15,400,155,332400,NEUTRAL,MID,NO CONFIRMADA,155.0,2026-10-02,1.0
2026-10-01,USO,USO280121P00103000,PUT,103.0,2028-01-21,596,357,449980,NEUTRAL,MID,NO CONFIRMADA,357.0,2026-10-02,1.0
2026-10-01,USO,USO270820C00120000,CALL,120.0,2027-08-20,206,106,849544,NEUTRAL,MID,NO CONFIRMADA,106.0,2026-10-02,1.0
2026-10-01,USO,USO270115P00116000,PUT,116.0,2027-01-15,685,423,199335,NEUTRAL,MID,NO CONFIRMADA,423.0,2026-10-02,1.0
2026-10-01,USO,USO270820C00130000,CALL,130.0,2027-08-20,148,133,525400,NEUTRAL,MID,NO CONFIRMADA,133.0,2026-10-02,1.0
2026-10-01,USO,USO261009C00119000,CALL,119.0,2026-10-09,152,151,464512,NEUTRAL,MID,NO CONFIRMADA,151.0,2026-10-02,0.3
2026-10-01,GLD,GLD261016P00415000,PUT,415.0,2026-10-16,3012,46,9638400,NEUTRAL,MID,NO CONFIRMADA,46.0,2026-10-02,0.3
2026-10-01,GLD,GLD261016P00575000,PUT,575.0,2026-10-16,130,20,2505100,BAJISTA,ASK,NO CONFIRMADA,20.0,2026-10-02,0.075
2026-10-01,GLD,GLD261218P00480000,PUT,480.0,2026-12-18,604,201,5991680,BAJISTA,ASK,NO CONFIRMADA,201.0,2026-10-02,0.3
2026-10-01,GLD,GLD270115P00500000,PUT,500.0,2027-01-15,1352,235,15992808,BAJISTA,ASK,NO CONFIRMADA,235.0,2026-10-02,0.075
2026-10-01,GLD,GLD261016P00426000,PUT,426.0,2026-10-16,246,36,1102080,BAJISTA,ASK,NO CONFIRMADA,36.0,2026-10-02,0.075
2026-10-01,GLD,GLD261016P00470000,PUT,470.0,2026-10-16,250,35,2168750,ALCISTA,BID,NO CONFIRMADA,35.0,2026-10-02,0.075
2026-10-01,GLD,GLD261120P00440000,PUT,440.0,2026-11-20,1300,617,7371000,ALCISTA,BID,NO CONFIRMADA,617.0,2026-10-02,0.3
2026-10-01,GLD,GLD261218P00470000,PUT,470.0,2026-12-18,2242,761,19559208,NEUTRAL,MID,NO CONFIRMADA,761.0,2026-10-02,0.3
2026-10-01,GLD,GLD261016P00425000,PUT,425.0,2026-10-16,274,49,1146690,ALCISTA,BID,NO CONFIRMADA,49.0,2026-10-02,0.075
2026-10-01,GLD,GLD261120P00450000,PUT,450.0,2026-11-20,246,33,1635900,ALCISTA,BID,NO CONFIRMADA,33.0,2026-10-02,0.075
2026-10-01,GLD,GLD261120P00465000,PUT,465.0,2026-11-20,276,50,2264028,NEUTRAL,MID,NO CONFIRMADA,50.0,2026-10-02,0.075
2026-10-01,GLD,GLD261016P00465000,PUT,465.0,2026-10-16,122,20,994910,ALCISTA,BID,NO CONFIRMADA,20.0,2026-10-02,0.075
2026-10-01,GLD,GLD261016P00430000,PUT,430.0,2026-10-16,265,43,1252390,NEUTRAL,MID,NO CONFIRMADA,43.0,2026-10-02,0.075
2026-10-01,GLD,GLD261016P00420000,PUT,420.0,2026-10-16,175,50,654500,BAJISTA,ASK,NO CONFIRMADA,50.0,2026-10-02,0.075
2026-10-01,GLD,GLD261007C00370000,CALL,370.0,2026-10-07,1002,1002,1292580,BAJISTA,BID,NO CONFIRMADA,1002.0,2026-10-02,0.15
2026-10-01,GLD,GLD270115P00475000,PUT,475.0,2027-01-15,777,258,7059045,ALCISTA,BID,NO CONFIRMADA,258.0,2026-10-02,0.075
2026-10-01,GLD,GLD270115P00470000,PUT,470.0,2027-01-15,149,49,1307475,BAJISTA,ASK,NO CONFIRMADA,49.0,2026-10-02,0.075
2026-10-01,GLD,GLD270115P00485000,PUT,485.0,2027-01-15,118,39,1228380,BAJISTA,ASK,NO CONFIRMADA,39.0,2026-10-02,0.075
2026-10-01,GLD,GLD270115P00480000,PUT,480.0,2027-01-15,100,33,992000,BAJISTA,ASK,NO CONFIRMADA,33.0,2026-10-02,0.075
2026-10-01,GLD,GLD270115P00465000,PUT,465.0,2027-01-15,116,76,943660,ALCISTA,BID,NO CONFIRMADA,76.0,2026-10-02,0.075
2026-10-01,AOS,AOS270416P00050000,PUT,50.0,2027-04-16,331,146,66200,NEUTRAL,MID,CONFIRMADA,376.0,2026-10-02,1.0
2026-10-01,VRTX,VRTX270115P00420000,PUT,420.0,2027-01-15,454,195,281480,NEUTRAL,MID,CONFIRMADA,633.0,2026-10-02,1.0
2026-10-01,SPY,SPY261005C00760000,CALL,760.0,2026-10-05,12384,2210,8359200,ALCISTA,ASK,NO CONFIRMADA,2210.0,2026-10-02,0.5
2026-10-01,SPY,SPY261120P00723000,PUT,723.0,2026-11-20,17295,5555,9010695,BAJISTA,ASK,NO CONFIRMADA,5555.0,2026-10-02,1.0
2026-10-01,SPY,SPY261009C00765000,CALL,765.0,2026-10-09,15678,4420,9344088,NEUTRAL,MID,NO CONFIRMADA,4420.0,2026-10-02,1.0
2026-10-01,SPY,SPY270930P00785000,PUT,785.0,2027-09-30,3001,3001,14578858,ALCISTA,BID,NO CONFIRMADA,3001.0,2026-10-02,1.0
2026-10-01,ABNB,ABNB261030C00135000,CALL,135.0,2026-10-30,600,600,1609800,NEUTRAL,MID,NO CONFIRMADA,600.0,2026-10-02,0.3
2026-10-01,ACN,ACN261016C00225000,CALL,225.0,2026-10-16,7927,5970,2853720,NEUTRAL,MID,NO CONFIRMADA,5970.0,2026-10-02,1.0
2026-10-01,ACN,ACN261120P00210000,PUT,210.0,2026-11-20,1945,1545,2343725,NEUTRAL,MID,NO CONFIRMADA,1545.0,2026-10-02,1.0
2026-10-01,ACN,ACN261009C00185000,CALL,185.0,2026-10-09,1301,1019,4186618,ALCISTA,ASK,NO CONFIRMADA,1019.0,2026-10-02,0.3
2026-10-01,ACN,ACN261016P00200000,PUT,200.0,2026-10-16,680,212,265200,BAJISTA,ASK,NO CONFIRMADA,212.0,2026-10-02,0.25
2026-10-01,ACN,ACN261009P00210000,PUT,210.0,2026-10-09,521,265,281340,BAJISTA,ASK,NO CONFIRMADA,265.0,2026-10-02,0.25
2026-10-01,ACN,ACN261009P00215000,PUT,215.0,2026-10-09,961,470,720750,NEUTRAL,MID,NO CONFIRMADA,470.0,2026-10-02,1.0
2026-10-01,ACN,ACN261016P00225000,PUT,225.0,2026-10-16,219,134,346896,ALCISTA,BID,NO CONFIRMADA,134.0,2026-10-02,1.0
2026-10-01,ACN,ACN261218P00200000,PUT,200.0,2026-12-18,267,170,265398,ALCISTA,BID,NO CONFIRMADA,170.0,2026-10-02,1.0
2026-10-01,ACN,ACN261030P00230000,PUT,230.0,2026-10-30,212,105,487600,NEUTRAL,MID,NO CONFIRMADA,105.0,2026-10-02,1.0
2026-10-01,ACN,ACN261009P00225000,PUT,225.0,2026-10-09,313,131,419420,ALCISTA,BID,NO CONFIRMADA,131.0,2026-10-02,0.25
2026-10-01,ACN,ACN261016P00220000,PUT,220.0,2026-10-16,453,381,579840,ALCISTA,BID,NO CONFIRMADA,381.0,2026-10-02,0.25
2026-10-01,ACN,ACN261120P00220000,PUT,220.0,2026-11-20,168,121,258720,ALCISTA,BID,NO CONFIRMADA,121.0,2026-10-02,1.0
2026-10-01,ACN,ACN261120P00225000,PUT,225.0,2026-11-20,137,101,256464,ALCISTA,BID,NO CONFIRMADA,101.0,2026-10-02,1.0
2026-10-01,ACN,ACN261009P00217500,PUT,217.5,2026-10-09,370,237,302290,ALCISTA,BID,NO CONFIRMADA,237.0,2026-10-02,0.25
2026-10-01,ADBE,ADBE261120P00350000,PUT,350.0,2026-11-20,509,0,5397945,ALCISTA,BID,PENDIENTE,,,0.3
2026-10-01,ADBE,ADBE261218P00380000,PUT,380.0,2026-12-18,1328,443,18062128,ALCISTA,BID,NO CONFIRMADA,443.0,2026-10-02,0.3
2026-10-01,ADBE,ADBE270115P00390000,PUT,390.0,2027-01-15,219,86,3268575,NEUTRAL,MID,NO CONFIRMADA,86.0,2026-10-02,0.3
2026-10-01,ADBE,ADBE261218P00360000,PUT,360.0,2026-12-18,220,84,2616020,NEUTRAL,MID,NO CONFIRMADA,84.0,2026-10-02,0.3
2026-10-01,ADBE,ADBE270115P00380000,PUT,380.0,2027-01-15,140,55,1943900,NEUTRAL,MID,NO CONFIRMADA,55.0,2026-10-02,0.3
2026-10-01,ADBE,ADBE270115P00370000,PUT,370.0,2027-01-15,104,42,1358760,NEUTRAL,MID,NO CONFIRMADA,42.0,2026-10-02,0.3
2026-10-01,AKAM,AKAM261030C00114000,CALL,114.0,2026-10-30,415,415,149400,NEUTRAL,MID,NO CONFIRMADA,415.0,2026-10-02,1.0
2026-10-01,ALB,ALB261218P00195000,PUT,195.0,2026-12-18,450,300,4040100,NEUTRAL,MID,NO CONFIRMADA,300.0,2026-10-02,0.3
2026-10-01,AMD,AMD261009C00627500,CALL,627.5,2026-10-09,1670,1521,2179350,ALCISTA,ASK,NO CONFIRMADA,1521.0,2026-10-02,1.0
2026-10-01,AMD,AMD261009C00635000,CALL,635.0,2026-10-09,1735,1429,1787050,ALCISTA,ASK,NO CONFIRMADA,1429.0,2026-10-02,1.0
2026-10-01,AMD,AMD261005C00610000,CALL,610.0,2026-10-05,1036,281,1434860,ALCISTA,ASK,NO CONFIRMADA,281.0,2026-10-02,0.5
2026-10-01,AMD,AMD261016C00650000,CALL,650.0,2026-10-16,4265,2817,4874895,NEUTRAL,MID,NO CONFIRMADA,2817.0,2026-10-02,1.0
2026-10-01,AMD,AMD261009C00455000,CALL,455.0,2026-10-09,382,90,6230802,NEUTRAL,MID,NO CONFIRMADA,90.0,2026-10-02,0.3
2026-10-01,AMD,AMD261009C00610000,CALL,610.0,2026-10-09,1061,896,2196270,NEUTRAL,MID,NO CONFIRMADA,896.0,2026-10-02,1.0
2026-10-01,AMD,AMD270319P00610000,PUT,610.0,2027-03-19,183,108,1483215,NEUTRAL,MID,NO CONFIRMADA,108.0,2026-10-02,1.0
2026-10-01,AMD,AMD270319C00420000,CALL,420.0,2027-03-19,836,730,18417080,NEUTRAL,MID,NO CONFIRMADA,730.0,2026-10-02,1.0
2026-10-01,SPX,SPX270617C07275000,CALL,7275.0,2027-06-17,540,388,44281620,BAJISTA,BID,NO CONFIRMADA,388.0,2026-10-02,1.0
2026-10-01,SPX,SPX270115P10000000,PUT,10000.0,2027-01-15,160,93,35828640,BAJISTA,ASK,NO CONFIRMADA,93.0,2026-10-02,0.3
2026-10-01,SPX,SPX261218P10200000,PUT,10200.0,2026-12-18,160,112,39619840,BAJISTA,ASK,NO CONFIRMADA,112.0,2026-10-02,0.3
2026-10-01,SPX,SPXW261127C06000000,CALL,6000.0,2026-11-27,1298,1298,218176926,BAJISTA,BID,NO CONFIRMADA,1298.0,2026-10-02,0.3
2026-10-01,SPX,SPX270115C01000000,CALL,1000.0,2027-01-15,722,391,481318412,BAJISTA,BID,NO CONFIRMADA,391.0,2026-10-02,0.3
2026-10-01,GOOGL,GOOGL261007C00340000,CALL,340.0,2026-10-07,2533,811,1033464,BAJISTA,BID,NO CONFIRMADA,811.0,2026-10-02,0.5
2026-10-01,GOOGL,GOOGL261005C00340000,CALL,340.0,2026-10-05,3559,1280,985843,BAJISTA,BID,NO CONFIRMADA,1280.0,2026-10-02,0.5
2026-10-01,GOOGL,GOOGL261023C00340000,CALL,340.0,2026-10-23,2038,1235,1895340,NEUTRAL,MID,NO CONFIRMADA,1235.0,2026-10-02,1.0
2026-10-01,GOOGL,GOOGL261009C00345000,CALL,345.0,2026-10-09,4662,3402,1538460,NEUTRAL,MID,NO CONFIRMADA,3402.0,2026-10-02,0.25
2026-10-01,GOOGL,GOOGL261016P00400000,PUT,400.0,2026-10-16,1632,807,9834432,ALCISTA,BID,NO CONFIRMADA,807.0,2026-10-02,0.3
2026-10-01,GOOGL,GOOGL261009P00340000,PUT,340.0,2026-10-09,3924,3634,2511360,NEUTRAL,MID,NO CONFIRMADA,3634.0,2026-10-02,0.25
2026-10-01,AMZN,AMZN261007P00245000,PUT,245.0,2026-10-07,5004,2567,1000800,BAJISTA,ASK,NO CONFIRMADA,2567.0,2026-10-02,0.5
2026-10-01,AMZN,AMZN261005C00237500,CALL,237.5,2026-10-05,2589,215,2948871,ALCISTA,ASK,NO CONFIRMADA,215.0,2026-10-02,0.15
2026-10-01,AMZN,AMZN261009P00247500,PUT,247.5,2026-10-09,3091,2853,1143670,BAJISTA,ASK,NO CONFIRMADA,2853.0,2026-10-02,1.0
2026-10-01,AMZN,AMZN261007C00237500,CALL,237.5,2026-10-07,985,193,1136690,NEUTRAL,MID,NO CONFIRMADA,193.0,2026-10-02,0.5
2026-10-01,AMZN,AMZN261016P00280000,PUT,280.0,2026-10-16,4506,279,14103780,ALCISTA,BID,NO CONFIRMADA,279.0,2026-10-02,0.3
2026-10-01,AMZN,AMZN261005C00230000,CALL,230.0,2026-10-05,1746,198,3373272,ALCISTA,ASK,NO CONFIRMADA,198.0,2026-10-02,0.037
2026-10-01,AMZN,AMZN261005C00222500,CALL,222.5,2026-10-05,380,26,1016500,ALCISTA,ASK,NO CONFIRMADA,26.0,2026-10-02,0.15
2026-10-01,AMZN,AMZN261005C00240000,CALL,240.0,2026-10-05,3385,590,2958490,NEUTRAL,MID,NO CONFIRMADA,590.0,2026-10-02,0.15
2026-10-01,AMZN,AMZN261023C00240000,CALL,240.0,2026-10-23,1062,928,1369980,ALCISTA,ASK,NO CONFIRMADA,928.0,2026-10-02,1.0
2026-10-01,AMZN,AMZN261005P00255000,PUT,255.0,2026-10-05,1411,303,962302,ALCISTA,BID,NO CONFIRMADA,303.0,2026-10-02,0.125
2026-10-01,AMZN,AMZN261005C00232500,CALL,232.5,2026-10-05,812,91,1365784,ALCISTA,ASK,NO CONFIRMADA,91.0,2026-10-02,0.037
2026-10-01,AMZN,AMZN261009C00250000,CALL,250.0,2026-10-09,4787,3912,1603645,NEUTRAL,MID,NO CONFIRMADA,3912.0,2026-10-02,0.25
2026-10-01,AMZN,AMZN261016P00285000,PUT,285.0,2026-10-16,304,69,1065520,ALCISTA,BID,NO CONFIRMADA,69.0,2026-10-02,0.3
2026-10-01,AMZN,AMZN261009C00247500,CALL,247.5,2026-10-09,4645,3358,2067025,BAJISTA,BID,NO CONFIRMADA,3358.0,2026-10-02,0.25
2026-10-01,AMZN,AMZN261005C00235000,CALL,235.0,2026-10-05,1572,243,2111196,NEUTRAL,MID,NO CONFIRMADA,243.0,2026-10-02,0.037
2026-10-01,AMZN,AMZN261005P00260000,PUT,260.0,2026-10-05,904,84,1012480,ALCISTA,BID,NO CONFIRMADA,84.0,2026-10-02,0.037
2026-10-01,AWK,AWK261120C00130000,CALL,130.0,2026-11-20,559,246,195650,NEUTRAL,MID,CONFIRMADA,661.0,2026-10-02,1.0
2026-10-01,ALL,ALL261218C00240000,CALL,240.0,2026-12-18,505,119,297950,NEUTRAL,MID,CONFIRMADA,519.0,2026-10-02,1.0
2026-10-01,GOOG,GOOG261009C00337500,CALL,337.5,2026-10-09,1702,808,799940,BAJISTA,BID,NO CONFIRMADA,808.0,2026-10-02,1.0
2026-10-01,GOOG,GOOG261016P00400000,PUT,400.0,2026-10-16,330,14,2123550,NEUTRAL,MID,NO CONFIRMADA,14.0,2026-10-02,0.3
2026-10-01,GOOG,GOOG261009C00350000,CALL,350.0,2026-10-09,4413,3509,626646,ALCISTA,ASK,NO CONFIRMADA,3509.0,2026-10-02,0.25
2026-10-01,GOOG,GOOG271217P00540000,PUT,540.0,2027-12-17,500,0,10226500,NEUTRAL,MID,PENDIENTE,,,0.3
2026-10-01,GOOG,GOOG261009C00340000,CALL,340.0,2026-10-09,2986,1534,1119750,NEUTRAL,MID,NO CONFIRMADA,1534.0,2026-10-02,0.25
2026-10-01,GOOG,GOOG261009C00342500,CALL,342.5,2026-10-09,2813,2304,810144,BAJISTA,BID,NO CONFIRMADA,2304.0,2026-10-02,0.25
2026-10-01,GOOG,GOOG270115P00480000,PUT,480.0,2027-01-15,1879,1250,27085785,NEUTRAL,MID,NO CONFIRMADA,1250.0,2026-10-02,0.3
2026-10-01,GOOG,GOOG261009C00300000,CALL,300.0,2026-10-09,215,126,757875,BAJISTA,BID,NO CONFIRMADA,126.0,2026-10-02,0.3
2026-10-01,APH,APH270617C00092500,CALL,92.5,2027-06-17,210,32,231630,NEUTRAL,MID,CONFIRMADA,232.0,2026-10-02,1.0
2026-10-01,APO,APO261016P00110000,PUT,110.0,2026-10-16,10044,3004,1586952,ALCISTA,BID,CONFIRMADA,12688.0,2026-10-02,0.25
2026-10-01,APO,APO261016P00100000,PUT,100.0,2026-10-16,10012,206,300360,NEUTRAL,MID,CONFIRMADA,10203.0,2026-10-02,0.25
2026-10-01,APO,APO261218P00110000,PUT,110.0,2026-12-18,398,281,226860,ALCISTA,BID,CONFIRMADA,566.0,2026-10-02,0.25
2026-10-01,APO,APO261218C00125000,CALL,125.0,2026-12-18,319,162,147059,NEUTRAL,MID,CONFIRMADA,450.0,2026-10-02,0.25
2026-10-01,APTV,APTV270115C00047500,CALL,47.5,2027-01-15,185,93,55500,BAJISTA,BID,CONFIRMADA,204.0,2026-10-02,1.0
2026-10-01,ALGN,ALGN270617P00145000,PUT,145.0,2027-06-17,304,1,640832,NEUTRAL,MID,CONFIRMADA,304.0,2026-10-02,1.0
2026-10-01,ALGN,ALGN270617P00140000,PUT,140.0,2027-06-17,304,14,567872,NEUTRAL,MID,CONFIRMADA,318.0,2026-10-02,1.0
2026-10-01,APP,APP261016C00300000,CALL,300.0,2026-10-16,2112,1134,1224960,NEUTRAL,MID,NO CONFIRMADA,1134.0,2026-10-02,1.0
2026-10-01,APP,APP270521P00190000,PUT,190.0,2027-05-21,504,500,856800,BAJISTA,ASK,NO CONFIRMADA,500.0,2026-10-02,1.0
2026-10-01,APP,APP270115P01110000,PUT,1110.0,2027-01-15,300,100,25040400,BAJISTA,ASK,NO CONFIRMADA,100.0,2026-10-02,0.3
2026-10-01,APP,APP280616C00740000,CALL,740.0,2028-06-16,398,209,1273600,NEUTRAL,MID,NO CONFIRMADA,209.0,2026-10-02,1.0
2026-10-01,APP,APP280121P00175000,PUT,175.0,2028-01-21,613,504,1550890,NEUTRAL,MID,NO CONFIRMADA,504.0,2026-10-02,1.0
2026-10-01,APP,APP261218P00550000,PUT,550.0,2026-12-18,242,150,6650160,BAJISTA,ASK,NO CONFIRMADA,150.0,2026-10-02,0.3
2026-10-01,APP,APP261106C00280000,CALL,280.0,2026-11-06,185,133,503200,NEUTRAL,MID,NO CONFIRMADA,133.0,2026-10-02,1.0
2026-10-01,ANET,ANET261016C00235000,CALL,235.0,2026-10-16,1127,599,71001,NEUTRAL,MID,NO CONFIRMADA,599.0,2026-10-02,1.0
2026-10-01,AMAT,AMAT261023C00590000,CALL,590.0,2026-10-23,597,597,620880,ALCISTA,ASK,NO CONFIRMADA,597.0,2026-10-02,1.0
2026-10-01,AMAT,AMAT261030C00545000,CALL,545.0,2026-10-30,432,225,1113696,NEUTRAL,MID,NO CONFIRMADA,225.0,2026-10-02,1.0
2026-10-01,AMAT,AMAT261009C00555000,CALL,555.0,2026-10-09,1092,1074,764400,NEUTRAL,MID,NO CONFIRMADA,1074.0,2026-10-02,1.0
2026-10-01,AMAT,AMAT261009C00550000,CALL,550.0,2026-10-09,605,303,514250,NEUTRAL,MID,NO CONFIRMADA,303.0,2026-10-02,1.0
2026-10-01,AMAT,AMAT261106P00520000,PUT,520.0,2026-11-06,214,209,621884,NEUTRAL,MID,NO CONFIRMADA,209.0,2026-10-02,1.0
2026-10-01,AAPL,AAPL261009C00335000,CALL,335.0,2026-10-09,14135,8071,3816450,ALCISTA,ASK,NO CONFIRMADA,8071.0,2026-10-02,0.25
2026-10-01,AAPL,AAPL261005P00330000,PUT,330.0,2026-10-05,4965,1457,1285935,BAJISTA,ASK,NO CONFIRMADA,1457.0,2026-10-02,0.125
2026-10-01,AAPL,AAPL261009C00332500,CALL,332.5,2026-10-09,3019,2516,1132125,ALCISTA,ASK,NO CONFIRMADA,2516.0,2026-10-02,1.0
2026-10-01,AAPL,AAPL261005C00332500,CALL,332.5,2026-10-05,6744,2426,1315080,ALCISTA,ASK,NO CONFIRMADA,2426.0,2026-10-02,0.125
2026-10-01,AAPL,AAPL280616P00360000,PUT,360.0,2028-06-16,557,526,2943745,BAJISTA,ASK,NO CONFIRMADA,526.0,2026-10-02,1.0
2026-10-01,AAPL,AAPL261005C00325000,CALL,325.0,2026-10-05,4894,1713,3156630,BAJISTA,BID,NO CONFIRMADA,1713.0,2026-10-02,0.125
2026-10-01,AAPL,AAPL261007C00330000,CALL,330.0,2026-10-07,3466,1048,1386400,NEUTRAL,MID,NO CONFIRMADA,1048.0,2026-10-02,0.5
2026-10-01,AAPL,AAPL261005C00330000,CALL,330.0,2026-10-05,15153,8915,4697430,BAJISTA,BID,NO CONFIRMADA,8915.0,2026-10-02,0.125
2026-10-01,AAPL,AAPL261023P00350000,PUT,350.0,2026-10-23,2062,2049,4183798,NEUTRAL,MID,NO CONFIRMADA,2049.0,2026-10-02,1.0
2026-10-01,AAPL,AAPL261009C00340000,CALL,340.0,2026-10-09,11549,11509,1443625,BAJISTA,BID,NO CONFIRMADA,11509.0,2026-10-02,0.25
2026-10-01,AAPL,AAPL261005C00270000,CALL,270.0,2026-10-05,266,62,1508220,BAJISTA,BID,NO CONFIRMADA,62.0,2026-10-02,0.15
2026-10-01,AAPL,AAPL261030C00330000,CALL,330.0,2026-10-30,2042,1312,2160436,NEUTRAL,MID,NO CONFIRMADA,1312.0,2026-10-02,1.0
2026-10-01,AAPL,AAPL261012C00330000,CALL,330.0,2026-10-12,1932,782,1043280,NEUTRAL,MID,NO CONFIRMADA,782.0,2026-10-02,1.0
2026-10-01,AAPL,AAPL261005C00327500,CALL,327.5,2026-10-05,3476,2184,1564200,BAJISTA,BID,NO CONFIRMADA,2184.0,2026-10-02,0.125
2026-10-01,AZO,AZO261120C03350000,CALL,3350.0,2026-11-20,477,6,748890,ALCISTA,ASK,NO CONFIRMADA,87.0,2026-10-02,0.25
2026-10-01,AZO,AZO261120C03650000,CALL,3650.0,2026-11-20,452,74,262160,NEUTRAL,MID,NO CONFIRMADA,184.0,2026-10-02,0.25
2026-10-01,BAC,BAC261016P00062500,PUT,62.5,2026-10-16,7229,1290,6469955,BAJISTA,ASK,NO CONFIRMADA,1290.0,2026-10-02,0.3
2026-10-01,BAC,BAC261009C00054000,CALL,54.0,2026-10-09,3566,1600,242488,ALCISTA,ASK,NO CONFIRMADA,1600.0,2026-10-02,1.0
2026-10-01,BAC,BAC261009P00053000,PUT,53.0,2026-10-09,5611,4520,269328,BAJISTA,ASK,NO CONFIRMADA,4520.0,2026-10-02,1.0
2026-10-01,BAC,BAC261120P00065000,PUT,65.0,2026-11-20,5494,1813,6125810,NEUTRAL,MID,NO CONFIRMADA,1813.0,2026-10-02,0.3
2026-10-01,BAC,BAC261016C00054000,CALL,54.0,2026-10-16,1447,1165,188110,NEUTRAL,MID,NO CONFIRMADA,1165.0,2026-10-02,1.0
2026-10-01,BAC,BAC261009P00058000,PUT,58.0,2026-10-09,933,0,405855,NEUTRAL,MID,PENDIENTE,,,0.3
2026-10-01,BAC,BAC261016P00067500,PUT,67.5,2026-10-16,160,101,232800,BAJISTA,ASK,NO CONFIRMADA,101.0,2026-10-02,0.3
2026-10-01,AXON,AXON261030P00380000,PUT,380.0,2026-10-30,181,166,181000,BAJISTA,ASK,NO CONFIRMADA,166.0,2026-10-02,1.0
2026-10-01,BX,BX270917P00090000,PUT,90.0,2027-09-17,1519,200,1017730,BAJISTA,ASK,CONFIRMADA,1703.0,2026-10-02,1.0
2026-10-01,BX,BX261016P00140000,PUT,140.0,2026-10-16,540,133,1560600,BAJISTA,ASK,NO CONFIRMADA,129.0,2026-10-02,0.3
2026-10-01,BX,BX270917P00075000,PUT,75.0,2027-09-17,1000,4,321000,NEUTRAL,MID,CONFIRMADA,1004.0,2026-10-02,1.0
2026-10-01,BX,BX261030P00139000,PUT,139.0,2026-10-30,139,56,399625,BAJISTA,ASK,NO CONFIRMADA,31.0,2026-10-02,0.3
2026-10-01,BX,BX261030P00141000,PUT,141.0,2026-10-30,215,86,664350,BAJISTA,ASK,PENDIENTE,,,0.075
2026-10-01,BX,BX261030C00111000,CALL,111.0,2026-10-30,179,0,89500,BAJISTA,BID,CONFIRMADA,178.0,2026-10-02,0.25
2026-10-01,BX,BX270917P00095000,PUT,95.0,2027-09-17,146,135,118260,NEUTRAL,MID,CONFIRMADA,272.0,2026-10-02,1.0
2026-10-01,BE,BE261016P00275000,PUT,275.0,2026-10-16,3330,3189,4761900,BAJISTA,ASK,NO CONFIRMADA,3189.0,2026-10-02,1.0
2026-10-01,BE,BE261016C00277500,CALL,277.5,2026-10-16,2247,2057,3640140,ALCISTA,ASK,NO CONFIRMADA,2057.0,2026-10-02,1.0
2026-10-01,BE,BE261016C00275000,CALL,275.0,2026-10-16,1465,1303,2578400,ALCISTA,ASK,NO CONFIRMADA,1303.0,2026-10-02,1.0
2026-10-01,BE,BE261009C00300000,CALL,300.0,2026-10-09,1708,1567,734440,ALCISTA,ASK,NO CONFIRMADA,1567.0,2026-10-02,1.0
2026-10-01,BE,BE261016C00285000,CALL,285.0,2026-10-16,537,537,703470,ALCISTA,ASK,NO CONFIRMADA,537.0,2026-10-02,1.0
2026-10-01,BE,BE280616P00165000,PUT,165.0,2028-06-16,643,315,2363025,NEUTRAL,MID,NO CONFIRMADA,315.0,2026-10-02,1.0
2026-10-01,BE,BE261016P00272500,PUT,272.5,2026-10-16,313,311,402205,BAJISTA,ASK,NO CONFIRMADA,311.0,2026-10-02,1.0
2026-10-01,BE,BE261009C00275000,CALL,275.0,2026-10-09,718,633,921912,NEUTRAL,MID,NO CONFIRMADA,633.0,2026-10-02,1.0
2026-10-01,BE,BE261009C00277500,CALL,277.5,2026-10-09,740,664,869500,NEUTRAL,MID,NO CONFIRMADA,664.0,2026-10-02,1.0
2026-10-01,BE,BE270319C00400000,CALL,400.0,2027-03-19,127,65,361950,NEUTRAL,MID,NO CONFIRMADA,65.0,2026-10-02,1.0
2026-10-01,BMY,BMY261218C00030000,CALL,30.0,2026-12-18,535,60,1698625,ALCISTA,ASK,NO CONFIRMADA,60.0,2026-10-02,0.3
2026-10-01,BMY,BMY270115C00040000,CALL,40.0,2027-01-15,1615,303,3488400,NEUTRAL,MID,NO CONFIRMADA,303.0,2026-10-02,0.3
2026-10-01,BMY,BMY261218C00040000,CALL,40.0,2026-12-18,1405,19,3034800,NEUTRAL,MID,NO CONFIRMADA,19.0,2026-10-02,0.3
2026-10-01,BMY,BMY270115C00030000,CALL,30.0,2027-01-15,455,13,1426425,NEUTRAL,MID,NO CONFIRMADA,13.0,2026-10-02,0.3
2026-10-01,BMY,BMY261218C00042000,CALL,42.0,2026-12-18,735,20,1418550,NEUTRAL,MID,NO CONFIRMADA,20.0,2026-10-02,0.3
2026-10-01,BMY,BMY261016C00052500,CALL,52.5,2026-10-16,150,0,141000,ALCISTA,ASK,PENDIENTE,,,0.3
2026-10-01,BMY,BMY271217C00030000,CALL,30.0,2027-12-17,310,59,981150,NEUTRAL,MID,NO CONFIRMADA,59.0,2026-10-02,0.3
2026-10-01,BMY,BMY261016C00055000,CALL,55.0,2026-10-16,555,102,389055,NEUTRAL,MID,NO CONFIRMADA,102.0,2026-10-02,0.3
2026-10-01,BMY,BMY261016P00058000,PUT,58.0,2026-10-16,2281,1512,86678,NEUTRAL,MID,NO CONFIRMADA,1512.0,2026-10-02,1.0
2026-10-01,BMY,BMY270115C00025000,CALL,25.0,2027-01-15,140,13,518000,ALCISTA,ASK,NO CONFIRMADA,13.0,2026-10-02,0.075
2026-10-01,BMY,BMY280121C00030000,CALL,30.0,2028-01-21,205,42,641650,NEUTRAL,MID,NO CONFIRMADA,42.0,2026-10-02,0.3
2026-10-01,BMY,BMY261016C00035000,CALL,35.0,2026-10-16,100,0,264400,NEUTRAL,MID,PENDIENTE,,,0.3
2026-10-01,BMY,BMY261218C00045000,CALL,45.0,2026-12-18,750,284,1245000,NEUTRAL,MID,NO CONFIRMADA,284.0,2026-10-02,0.3
2026-10-01,BMY,BMY261016C00057500,CALL,57.5,2026-10-16,434,2,178374,NEUTRAL,MID,NO CONFIRMADA,2.0,2026-10-02,0.3
2026-10-01,BMY,BMY270115C00035000,CALL,35.0,2027-01-15,120,18,323400,ALCISTA,ASK,NO CONFIRMADA,18.0,2026-10-02,0.075
2026-10-01,BMY,BMY261218C00023000,CALL,23.0,2026-12-18,101,3,392385,NEUTRAL,MID,NO CONFIRMADA,3.0,2026-10-02,0.3
2026-10-01,BMY,BMY261016P00061000,PUT,61.0,2026-10-16,910,896,130130,NEUTRAL,MID,NO CONFIRMADA,896.0,2026-10-02,1.0
2026-10-01,BMY,BMY270115C00038000,CALL,38.0,2027-01-15,120,11,284400,NEUTRAL,MID,NO CONFIRMADA,11.0,2026-10-02,0.075
2026-10-01,AVGO,AVGO261016P00430000,PUT,430.0,2026-10-16,433,62,3602560,ALCISTA,BID,NO CONFIRMADA,62.0,2026-10-02,0.3
2026-10-01,AVGO,AVGO261016P00440000,PUT,440.0,2026-10-16,260,27,2420600,ALCISTA,BID,NO CONFIRMADA,27.0,2026-10-02,0.3
2026-10-01,AVGO,AVGO261005P00340000,PUT,340.0,2026-10-05,2531,1321,569475,ALCISTA,BID,NO CONFIRMADA,1321.0,2026-10-02,0.5
2026-10-01,AVGO,AVGO261009P00332500,PUT,332.5,2026-10-09,3024,2514,713664,NEUTRAL,MID,NO CONFIRMADA,2514.0,2026-10-02,1.0
2026-10-01,CCL,CCL270617C00023000,CALL,23.0,2027-06-17,159,122,76320,NEUTRAL,MID,NO CONFIRMADA,122.0,2026-10-02,1.0
2026-10-01,CVNA,CVNA261120C00070000,CALL,70.0,2026-11-20,3094,2000,1268540,NEUTRAL,MID,NO CONFIRMADA,2000.0,2026-10-02,1.0
2026-10-01,CVNA,CVNA261009C00064000,CALL,64.0,2026-10-09,568,449,94856,BAJISTA,BID,NO CONFIRMADA,449.0,2026-10-02,1.0
2026-10-01,CVNA,CVNA270115P00140000,PUT,140.0,2027-01-15,567,500,4346055,ALCISTA,BID,NO CONFIRMADA,500.0,2026-10-02,0.3
2026-10-01,CVNA,CVNA261009C00065000,CALL,65.0,2026-10-09,965,921,130275,BAJISTA,BID,NO CONFIRMADA,921.0,2026-10-02,0.25
2026-10-01,CVNA,CVNA261009C00061000,CALL,61.0,2026-10-09,451,449,157850,NEUTRAL,MID,NO CONFIRMADA,449.0,2026-10-02,1.0
2026-10-01,CVNA,CVNA261009C00060000,CALL,60.0,2026-10-09,156,62,62400,NEUTRAL,MID,NO CONFIRMADA,62.0,2026-10-02,1.0
2026-10-01,CVNA,CVNA261009C00062000,CALL,62.0,2026-10-09,904,903,262160,NEUTRAL,MID,NO CONFIRMADA,903.0,2026-10-02,0.25
2026-10-01,CAT,CAT261009C00900000,CALL,900.0,2026-10-09,2280,797,319200,ALCISTA,ASK,NO CONFIRMADA,797.0,2026-10-02,1.0
2026-10-01,CAT,CAT261218P00720000,PUT,720.0,2026-12-18,734,696,1437906,BAJISTA,ASK,NO CONFIRMADA,696.0,2026-10-02,1.0
2026-10-01,CAT,CAT270917C01280000,CALL,1280.0,2027-09-17,282,171,843180,ALCISTA,ASK,NO CONFIRMADA,171.0,2026-10-02,1.0
2026-10-01,CAT,CAT261016P00765000,PUT,765.0,2026-10-16,465,462,205995,NEUTRAL,MID,NO CONFIRMADA,462.0,2026-10-02,1.0
2026-10-01,SCHW,SCHW261016P00097000,PUT,97.0,2026-10-16,1194,1027,248352,NEUTRAL,MID,NO CONFIRMADA,1027.0,2026-10-02,1.0
2026-10-01,SCHW,SCHW261016P00115000,PUT,115.0,2026-10-16,152,100,244720,ALCISTA,BID,NO CONFIRMADA,100.0,2026-10-02,0.3
2026-10-01,CVX,CVX261113C00210000,CALL,210.0,2026-11-13,358,324,250600,NEUTRAL,MID,NO CONFIRMADA,324.0,2026-10-02,1.0
2026-10-01,CVX,CVX261009P00200000,PUT,200.0,2026-10-09,747,708,57519,NEUTRAL,MID,NO CONFIRMADA,708.0,2026-10-02,1.0
2026-10-01,CVX,CVX261113C00205000,CALL,205.0,2026-11-13,344,334,328520,NEUTRAL,MID,NO CONFIRMADA,334.0,2026-10-02,1.0
2026-10-01,BRK.B,BRKB261023P00510000,PUT,510.0,2026-10-23,292,253,372300,BAJISTA,ASK,NO CONFIRMADA,253.0,2026-10-02,1.0
2026-10-01,CMG,CMG270115P00047500,PUT,47.5,2027-01-15,182,121,290108,BAJISTA,ASK,NO CONFIRMADA,121.0,2026-10-02,0.3
2026-10-01,CMG,CMG261016C00028000,CALL,28.0,2026-10-16,140,124,59500,BAJISTA,BID,NO CONFIRMADA,124.0,2026-10-02,0.3
2026-10-01,BLK,BLK261218C01100000,CALL,1100.0,2026-12-18,403,208,1811485,ALCISTA,ASK,CONFIRMADA,609.0,2026-10-02,1.0
2026-10-01,BLK,BLK261218C01200000,CALL,1200.0,2026-12-18,807,186,1234710,NEUTRAL,MID,CONFIRMADA,987.0,2026-10-02,1.0
2026-10-01,CIEN,CIEN270617P00320000,PUT,320.0,2027-06-17,671,298,3428810,NEUTRAL,MID,NO CONFIRMADA,298.0,2026-10-02,1.0
2026-10-01,CIEN,CIEN280616C00860000,CALL,860.0,2028-06-16,143,58,773630,BAJISTA,BID,NO CONFIRMADA,58.0,2026-10-02,1.0
2026-10-01,CIEN,CIEN261009C00397500,CALL,397.5,2026-10-09,425,120,289000,NEUTRAL,MID,NO CONFIRMADA,120.0,2026-10-02,1.0
2026-10-01,BA,BA261016C00195000,CALL,195.0,2026-10-16,3680,3081,1748000,ALCISTA,ASK,NO CONFIRMADA,3081.0,2026-10-02,1.0
2026-10-01,BA,BA261016C00187500,CALL,187.5,2026-10-16,1265,548,1157475,ALCISTA,ASK,NO CONFIRMADA,548.0,2026-10-02,1.0
2026-10-01,BA,BA261009C00195000,CALL,195.0,2026-10-09,2913,2699,990420,ALCISTA,ASK,NO CONFIRMADA,2699.0,2026-10-02,0.25
2026-10-01,BA,BA261009C00197500,CALL,197.5,2026-10-09,2007,1438,487701,NEUTRAL,MID,NO CONFIRMADA,1438.0,2026-10-02,1.0
2026-10-01,BA,BA261030C00205000,CALL,205.0,2026-10-30,1618,1513,737808,NEUTRAL,MID,NO CONFIRMADA,1513.0,2026-10-02,1.0
2026-10-01,BA,BA261009C00190000,CALL,190.0,2026-10-09,3126,2264,1819332,NEUTRAL,MID,NO CONFIRMADA,2264.0,2026-10-02,0.25
2026-10-01,BA,BA261009C00192500,CALL,192.5,2026-10-09,980,698,429240,ALCISTA,ASK,NO CONFIRMADA,698.0,2026-10-02,0.25
2026-10-01,BA,BA261016C00185000,CALL,185.0,2026-10-16,513,338,495558,NEUTRAL,MID,NO CONFIRMADA,338.0,2026-10-02,1.0
2026-10-01,BA,BA261009C00187500,CALL,187.5,2026-10-09,899,296,664361,NEUTRAL,MID,NO CONFIRMADA,296.0,2026-10-02,0.25
2026-10-01,BA,BA261009C00200000,CALL,200.0,2026-10-09,2623,2388,438041,NEUTRAL,MID,NO CONFIRMADA,2388.0,2026-10-02,0.25
2026-10-01,CSCO,CSCO261016C00085000,CALL,85.0,2026-10-16,9006,20,21209130,BAJISTA,BID,NO CONFIRMADA,20.0,2026-10-02,0.3
2026-10-01,CSCO,CSCO261016C00082500,CALL,82.5,2026-10-16,8103,1,21132624,BAJISTA,BID,NO CONFIRMADA,1.0,2026-10-02,0.3
2026-10-01,CSCO,CSCO261016C00090000,CALL,90.0,2026-10-16,3600,65,6696000,BAJISTA,BID,NO CONFIRMADA,65.0,2026-10-02,0.3
2026-10-01,CSCO,CSCO261016C00095000,CALL,95.0,2026-10-16,4153,47,5627315,BAJISTA,BID,NO CONFIRMADA,47.0,2026-10-02,0.075
2026-10-01,CSCO,CSCO261016C00080000,CALL,80.0,2026-10-16,1864,26,5321720,BAJISTA,BID,NO CONFIRMADA,26.0,2026-10-02,0.075
2026-10-01,CSCO,CSCO261016C00075000,CALL,75.0,2026-10-16,1006,0,3384184,BAJISTA,BID,PENDIENTE,,,0.075
2026-10-01,CSCO,CSCO261016C00092500,CALL,92.5,2026-10-16,5025,21,8140500,NEUTRAL,MID,NO CONFIRMADA,21.0,2026-10-02,0.075
2026-10-01,CSCO,CSCO261016C00070000,CALL,70.0,2026-10-16,917,150,3576300,NEUTRAL,MID,NO CONFIRMADA,150.0,2026-10-02,0.075
2026-10-01,CSCO,CSCO261016C00072500,CALL,72.5,2026-10-16,908,0,3340532,NEUTRAL,MID,PENDIENTE,,,0.075
2026-10-01,CSCO,CSCO261016C00077500,CALL,77.5,2026-10-16,963,0,3006486,NEUTRAL,MID,PENDIENTE,,,0.075
2026-10-01,CSCO,CSCO261016C00087500,CALL,87.5,2026-10-16,901,9,1892100,BAJISTA,BID,NO CONFIRMADA,9.0,2026-10-02,0.075
2026-10-01,CSCO,CSCO261016C00050000,CALL,50.0,2026-10-16,120,0,705240,NEUTRAL,MID,PENDIENTE,,,0.3
2026-10-01,CSCO,CSCO261016C00065000,CALL,65.0,2026-10-16,1827,543,8024184,NEUTRAL,MID,NO CONFIRMADA,543.0,2026-10-02,0.075
2026-10-01,CSCO,CSCO261218C00085000,CALL,85.0,2026-12-18,4434,3205,10761318,BAJISTA,BID,NO CONFIRMADA,3205.0,2026-10-02,0.3
2026-10-01,CSCO,CSCO261016C00060000,CALL,60.0,2026-10-16,101,0,494597,NEUTRAL,MID,PENDIENTE,,,0.3
2026-10-01,CSCO,CSCO261009C00103000,CALL,103.0,2026-10-09,806,8,454584,NEUTRAL,MID,NO CONFIRMADA,8.0,2026-10-02,0.3
2026-10-01,CSCO,CSCO261023C00102000,CALL,102.0,2026-10-23,803,803,586993,NEUTRAL,MID,NO CONFIRMADA,803.0,2026-10-02,1.0
2026-10-01,CI,CI261120P00260000,PUT,260.0,2026-11-20,238,40,220388,BAJISTA,ASK,CONFIRMADA,257.0,2026-10-02,1.0
2026-10-01,C,C261113P00132000,PUT,132.0,2026-11-13,1256,628,1119096,BAJISTA,ASK,NO CONFIRMADA,628.0,2026-10-02,1.0
2026-10-01,C,C261016C00123000,CALL,123.0,2026-10-16,2753,2653,1665565,BAJISTA,BID,NO CONFIRMADA,2653.0,2026-10-02,1.0
2026-10-01,C,C261009C00130000,CALL,130.0,2026-10-09,1321,592,145310,ALCISTA,ASK,NO CONFIRMADA,592.0,2026-10-02,1.0
2026-10-01,C,C261009C00127000,CALL,127.0,2026-10-09,1116,559,267840,ALCISTA,ASK,NO CONFIRMADA,559.0,2026-10-02,1.0
2026-10-01,C,C261113P00127000,PUT,127.0,2026-11-13,851,426,496984,NEUTRAL,MID,NO CONFIRMADA,426.0,2026-10-02,1.0
2026-10-01,C,C261016P00127000,PUT,127.0,2026-10-16,840,827,307440,BAJISTA,ASK,NO CONFIRMADA,827.0,2026-10-02,0.25
2026-10-01,C,C261009P00125000,PUT,125.0,2026-10-09,2495,2341,329340,NEUTRAL,MID,NO CONFIRMADA,2341.0,2026-10-02,1.0
2026-10-01,C,C261023P00123000,PUT,123.0,2026-10-23,1474,1431,368500,NEUTRAL,MID,NO CONFIRMADA,1431.0,2026-10-02,1.0
2026-10-01,C,C261113P00125000,PUT,125.0,2026-11-13,324,162,150660,NEUTRAL,MID,NO CONFIRMADA,162.0,2026-10-02,1.0
2026-10-01,C,C261016C00125000,CALL,125.0,2026-10-16,709,698,354500,ALCISTA,ASK,NO CONFIRMADA,698.0,2026-10-02,0.25
2026-10-01,C,C261030C00125000,CALL,125.0,2026-10-30,282,267,173430,ALCISTA,ASK,NO CONFIRMADA,267.0,2026-10-02,1.0
2026-10-01,C,C261009C00125000,CALL,125.0,2026-10-09,402,243,138288,NEUTRAL,MID,NO CONFIRMADA,243.0,2026-10-02,1.0
2026-10-01,C,C261016C00127000,CALL,127.0,2026-10-16,364,235,137592,NEUTRAL,MID,NO CONFIRMADA,235.0,2026-10-02,1.0
2026-10-01,CMCSA,CMCSA270416P00023000,PUT,23.0,2027-04-16,1002,442,323646,NEUTRAL,MID,NO CONFIRMADA,442.0,2026-10-02,1.0
2026-10-01,KO,KO261023P00086000,PUT,86.0,2026-10-23,593,96,84799,BAJISTA,ASK,NO CONFIRMADA,96.0,2026-10-02,0.25
2026-10-01,KO,KO261009C00086000,CALL,86.0,2026-10-09,2520,1830,252000,BAJISTA,BID,NO CONFIRMADA,1830.0,2026-10-02,1.0
2026-10-01,KO,KO261023P00085000,PUT,85.0,2026-10-23,513,341,51300,NEUTRAL,MID,NO CONFIRMADA,341.0,2026-10-02,0.25
2026-10-01,BNY,BNY261120C00155000,CALL,155.0,2026-11-20,381,43,64770,BAJISTA,BID,CONFIRMADA,416.0,2026-10-02,1.0
2026-10-01,BSX,BSX270115P00075000,PUT,75.0,2027-01-15,2100,700,6678000,NEUTRAL,MID,NO CONFIRMADA,700.0,2026-10-02,0.3
2026-10-01,BSX,BSX270115P00065000,PUT,65.0,2027-01-15,1593,535,3520530,NEUTRAL,MID,NO CONFIRMADA,535.0,2026-10-02,0.3
2026-10-01,BSX,BSX270115P00070000,PUT,70.0,2027-01-15,978,319,2621040,NEUTRAL,MID,NO CONFIRMADA,319.0,2026-10-02,0.3
2026-10-01,BSX,BSX261218P00090000,PUT,90.0,2026-12-18,328,109,1521920,ALCISTA,BID,NO CONFIRMADA,109.0,2026-10-02,0.3
2026-10-01,BSX,BSX270115P00085000,PUT,85.0,2027-01-15,452,151,1893880,NEUTRAL,MID,NO CONFIRMADA,151.0,2026-10-02,0.3
2026-10-01,BSX,BSX261218P00095000,PUT,95.0,2026-12-18,200,67,1028000,ALCISTA,BID,NO CONFIRMADA,67.0,2026-10-02,0.3
2026-10-01,BSX,BSX270115P00087500,PUT,87.5,2027-01-15,272,91,1204960,NEUTRAL,MID,NO CONFIRMADA,91.0,2026-10-02,0.3
2026-10-01,CME,CME261009P00275000,PUT,275.0,2026-10-09,201,17,217080,NEUTRAL,MID,CONFIRMADA,217.0,2026-10-02,1.0
2026-10-01,CME,CME261009P00272500,PUT,272.5,2026-10-09,200,0,162200,NEUTRAL,MID,CONFIRMADA,200.0,2026-10-02,1.0
2026-10-01,COP,COP261016C00129000,CALL,129.0,2026-10-16,291,109,68385,ALCISTA,ASK,CONFIRMADA,358.0,2026-10-02,1.0
2026-10-01,CTSH,CTSH261120C00065000,CALL,65.0,2026-11-20,166,32,52290,ALCISTA,ASK,CONFIRMADA,135.0,2026-10-02,1.0
2026-10-01,CTSH,CTSH270115C00070000,CALL,70.0,2027-01-15,1517,386,470270,ALCISTA,ASK,CONFIRMADA,1889.0,2026-10-02,0.25
2026-10-01,CTSH,CTSH270115P00055000,PUT,55.0,2027-01-15,1504,313,413600,NEUTRAL,MID,CONFIRMADA,1809.0,2026-10-02,0.25
2026-10-01,BKNG,BKNG261016P00192000,PUT,192.0,2026-10-16,696,110,1938360,ALCISTA,BID,NO CONFIRMADA,110.0,2026-10-02,0.3
2026-10-01,BKNG,BKNG261016P00200000,PUT,200.0,2026-10-16,299,53,1031550,ALCISTA,BID,NO CONFIRMADA,53.0,2026-10-02,0.3
2026-10-01,BKNG,BKNG261120P00220000,PUT,220.0,2026-11-20,545,200,3084700,NEUTRAL,MID,NO CONFIRMADA,200.0,2026-10-02,0.3
2026-10-01,BKNG,BKNG261106C00160000,CALL,160.0,2026-11-06,244,225,253760,ALCISTA,ASK,NO CONFIRMADA,225.0,2026-10-02,1.0
2026-10-01,BKNG,BKNG280121C00088000,CALL,88.0,2028-01-21,306,181,2438820,NEUTRAL,MID,NO CONFIRMADA,181.0,2026-10-02,0.3
2026-10-01,BKNG,BKNG271217P00142400,PUT,142.4,2027-12-17,161,161,262430,NEUTRAL,MID,NO CONFIRMADA,161.0,2026-10-02,1.0
2026-10-01,COHR,COHR261009C00320000,CALL,320.0,2026-10-09,1185,1137,1501395,BAJISTA,BID,NO CONFIRMADA,1137.0,2026-10-02,1.0
2026-10-01,COHR,COHR270416C00360000,CALL,360.0,2027-04-16,101,100,578730,ALCISTA,ASK,NO CONFIRMADA,100.0,2026-10-02,1.0
2026-10-01,COHR,COHR261009C00330000,CALL,330.0,2026-10-09,523,474,475930,NEUTRAL,MID,NO CONFIRMADA,474.0,2026-10-02,1.0
2026-10-01,COHR,COHR261009C00325000,CALL,325.0,2026-10-09,308,254,324940,NEUTRAL,MID,NO CONFIRMADA,254.0,2026-10-02,1.0
2026-10-01,COHR,COHR261016C00315000,CALL,315.0,2026-10-16,106,94,208396,BAJISTA,BID,NO CONFIRMADA,94.0,2026-10-02,1.0
2026-10-01,COHR,COHR261218C00430000,CALL,430.0,2026-12-18,155,137,224285,NEUTRAL,MID,NO CONFIRMADA,137.0,2026-10-02,1.0
2026-10-01,STZ,STZ261030C00113000,CALL,113.0,2026-10-30,180,170,79200,BAJISTA,BID,NO CONFIRMADA,170.0,2026-10-02,1.0
2026-10-01,CEG,CEG261016P00320000,PUT,320.0,2026-10-16,225,0,1363500,NEUTRAL,MID,PENDIENTE,,,0.3
2026-10-01,CEG,CEG261120C00320000,CALL,320.0,2026-11-20,1029,994,343686,NEUTRAL,MID,NO CONFIRMADA,994.0,2026-10-02,1.0
2026-10-01,CEG,CEG270115P00520000,PUT,520.0,2027-01-15,225,150,5863500,NEUTRAL,MID,NO CONFIRMADA,150.0,2026-10-02,0.3
2026-10-01,DHR,DHR261009P00220000,PUT,220.0,2026-10-09,402,108,301500,ALCISTA,BID,NO CONFIRMADA,108.0,2026-10-02,1.0
2026-10-01,DHR,DHR261009P00217500,PUT,217.5,2026-10-09,414,204,244260,ALCISTA,BID,NO CONFIRMADA,204.0,2026-10-02,1.0
2026-10-01,DHR,DHR261023P00205000,PUT,205.0,2026-10-23,128,42,71168,NEUTRAL,MID,NO CONFIRMADA,42.0,2026-10-02,1.0
2026-10-01,DHR,DHR261009P00215000,PUT,215.0,2026-10-09,318,315,164406,ALCISTA,BID,NO CONFIRMADA,315.0,2026-10-02,1.0
2026-10-01,DHR,DHR261009P00212500,PUT,212.5,2026-10-09,211,207,90730,NEUTRAL,MID,NO CONFIRMADA,207.0,2026-10-02,1.0
2026-10-01,DDOG,DDOG261120P00240000,PUT,240.0,2026-11-20,2225,1555,2670000,NEUTRAL,MID,NO CONFIRMADA,1555.0,2026-10-02,1.0
2026-10-01,DDOG,DDOG261030P00285000,PUT,285.0,2026-10-30,105,105,252420,BAJISTA,ASK,NO CONFIRMADA,105.0,2026-10-02,1.0
2026-10-01,DDOG,DDOG261009P00265000,PUT,265.0,2026-10-09,124,121,55552,NEUTRAL,MID,NO CONFIRMADA,121.0,2026-10-02,1.0
2026-10-01,DVA,DVA261016P00180000,PUT,180.0,2026-10-16,352,147,190080,ALCISTA,BID,CONFIRMADA,442.0,2026-10-02,1.0
2026-10-01,DE,DE261218C00690000,CALL,690.0,2026-12-18,133,77,429590,BAJISTA,BID,CONFIRMADA,202.0,2026-10-02,1.0
2026-10-01,DE,DE261016C00700000,CALL,700.0,2026-10-16,282,259,112800,BAJISTA,BID,CONFIRMADA,504.0,2026-10-02,1.0
2026-10-01,DELL,DELL261023C00545000,CALL,545.0,2026-10-23,523,42,1497872,NEUTRAL,MID,NO CONFIRMADA,42.0,2026-10-02,1.0
2026-10-01,DELL,DELL261016C00525000,CALL,525.0,2026-10-16,284,135,975824,NEUTRAL,MID,NO CONFIRMADA,135.0,2026-10-02,1.0
2026-10-01,DELL,DELL261009P00535000,PUT,535.0,2026-10-09,234,155,367380,BAJISTA,ASK,NO CONFIRMADA,155.0,2026-10-02,0.25
2026-10-01,DELL,DELL261009C00530000,CALL,530.0,2026-10-09,250,248,737500,ALCISTA,ASK,NO CONFIRMADA,248.0,2026-10-02,0.25
2026-10-01,DELL,DELL261009C00525000,CALL,525.0,2026-10-09,186,129,519498,NEUTRAL,MID,NO CONFIRMADA,129.0,2026-10-02,1.0
2026-10-01,DELL,DELL261016C00535000,CALL,535.0,2026-10-16,144,139,406800,NEUTRAL,MID,NO CONFIRMADA,139.0,2026-10-02,1.0
2026-10-01,DELL,DELL261009C00540000,CALL,540.0,2026-10-09,291,228,555228,NEUTRAL,MID,NO CONFIRMADA,228.0,2026-10-02,0.25
2026-10-01,DELL,DELL261009C00542500,CALL,542.5,2026-10-09,201,167,361800,NEUTRAL,MID,NO CONFIRMADA,167.0,2026-10-02,0.25
2026-10-01,DAL,DAL261009C00087000,CALL,87.0,2026-10-09,7672,7486,1373288,ALCISTA,ASK,NO CONFIRMADA,7486.0,2026-10-02,1.0
2026-10-01,DAL,DAL270917C00095000,CALL,95.0,2027-09-17,532,517,487844,NEUTRAL,MID,NO CONFIRMADA,517.0,2026-10-02,1.0
2026-10-01,DAL,DAL270917P00087500,PUT,87.5,2027-09-17,227,202,301683,BAJISTA,ASK,NO CONFIRMADA,202.0,2026-10-02,1.0
2026-10-01,DAL,DAL261016C00082000,CALL,82.0,2026-10-16,209,198,90915,NEUTRAL,MID,NO CONFIRMADA,198.0,2026-10-02,1.0
2026-10-01,DG,DG280121C00120000,CALL,120.0,2028-01-21,180,132,403200,NEUTRAL,MID,NO CONFIRMADA,132.0,2026-10-02,1.0
2026-10-01,DLTR,DLTR261120C00115000,CALL,115.0,2026-11-20,505,283,335320,ALCISTA,ASK,CONFIRMADA,783.0,2026-10-02,1.0
2026-10-01,DLTR,DLTR261218P00100000,PUT,100.0,2026-12-18,632,203,170640,ALCISTA,BID,CONFIRMADA,771.0,2026-10-02,1.0
2026-10-01,DPZ,DPZ280121C00330000,CALL,330.0,2028-01-21,300,66,1170000,ALCISTA,ASK,CONFIRMADA,327.0,2026-10-02,0.25
2026-10-01,DPZ,DPZ280121P00330000,PUT,330.0,2028-01-21,300,14,1800000,NEUTRAL,MID,CONFIRMADA,300.0,2026-10-02,0.25
2026-10-01,DASH,DASH261009P00210000,PUT,210.0,2026-10-09,334,80,955240,NEUTRAL,MID,NO CONFIRMADA,80.0,2026-10-02,0.3
2026-10-01,DASH,DASH261023P00205000,PUT,205.0,2026-10-23,334,334,829990,NEUTRAL,MID,NO CONFIRMADA,334.0,2026-10-02,1.0
2026-10-01,DASH,DASH261009P00200000,PUT,200.0,2026-10-09,334,232,628588,NEUTRAL,MID,NO CONFIRMADA,232.0,2026-10-02,0.3
2026-10-01,CVS,CVS261009C00085000,CALL,85.0,2026-10-09,330,312,60060,BAJISTA,BID,NO CONFIRMADA,312.0,2026-10-02,1.0
2026-10-01,DHI,DHI261009C00132000,CALL,132.0,2026-10-09,200,100,94000,BAJISTA,BID,NO CONFIRMADA,100.0,2026-10-02,1.0
2026-10-01,CMI,CMI261016C00520000,CALL,520.0,2026-10-16,135,17,164700,ALCISTA,ASK,CONFIRMADA,146.0,2026-10-02,1.0
2026-10-01,ECL,ECL261120P00250000,PUT,250.0,2026-11-20,323,23,107882,NEUTRAL,MID,CONFIRMADA,308.0,2026-10-02,0.25
2026-10-01,ECL,ECL261120C00300000,CALL,300.0,2026-11-20,334,119,85170,NEUTRAL,MID,CONFIRMADA,396.0,2026-10-02,0.25
2026-10-01,ECHO,ECHO261016P00150000,PUT,150.0,2026-10-16,223,41,1395980,BAJISTA,ASK,NO CONFIRMADA,41.0,2026-10-02,0.3
2026-10-01,ECHO,ECHO261016P00120000,PUT,120.0,2026-10-16,2923,628,8824537,ALCISTA,BID,NO CONFIRMADA,628.0,2026-10-02,0.3
2026-10-01,ECHO,ECHO261016P00125000,PUT,125.0,2026-10-16,2032,381,7599680,NEUTRAL,MID,NO CONFIRMADA,381.0,2026-10-02,0.3
2026-10-01,ECHO,ECHO261218P00150000,PUT,150.0,2026-12-18,2265,875,14156250,BAJISTA,ASK,NO CONFIRMADA,375.0,2026-10-02,0.3
2026-10-01,ECHO,ECHO280121P00185000,PUT,185.0,2028-01-21,1478,1000,14632200,BAJISTA,ASK,PENDIENTE,,,0.3
2026-10-01,ECHO,ECHO271217C00160000,CALL,160.0,2027-12-17,325,37,169000,NEUTRAL,MID,CONFIRMADA,360.0,2026-10-02,1.0
2026-10-01,ECHO,ECHO270115P00150000,PUT,150.0,2027-01-15,1005,357,6251100,NEUTRAL,MID,NO CONFIRMADA,357.0,2026-10-02,0.3
2026-10-01,EMR,EMR261030P00160000,PUT,160.0,2026-10-30,128,0,81920,BAJISTA,ASK,CONFIRMADA,126.0,2026-10-02,1.0
2026-10-01,COST,COST261106P00910000,PUT,910.0,2026-11-06,766,230,1437016,NEUTRAL,MID,NO CONFIRMADA,230.0,2026-10-02,1.0
2026-10-01,COST,COST261106P00915000,PUT,915.0,2026-11-06,746,530,1585250,NEUTRAL,MID,NO CONFIRMADA,530.0,2026-10-02,1.0
2026-10-01,COST,COST261106P00925000,PUT,925.0,2026-11-06,713,230,1873764,NEUTRAL,MID,NO CONFIRMADA,230.0,2026-10-02,1.0
2026-10-01,COST,COST261120C00950000,CALL,950.0,2026-11-20,456,388,661200,BAJISTA,BID,NO CONFIRMADA,388.0,2026-10-02,1.0
2026-10-01,COST,COST261030P00910000,PUT,910.0,2026-10-30,774,263,1253880,NEUTRAL,MID,NO CONFIRMADA,263.0,2026-10-02,0.25
2026-10-01,COST,COST261030P00915000,PUT,915.0,2026-10-30,738,583,1317330,ALCISTA,BID,NO CONFIRMADA,583.0,2026-10-02,0.25
2026-10-01,COST,COST261030P00925000,PUT,925.0,2026-10-30,733,273,1728414,NEUTRAL,MID,NO CONFIRMADA,273.0,2026-10-02,0.25
2026-10-01,COST,COST261106P00920000,PUT,920.0,2026-11-06,389,320,928154,NEUTRAL,MID,NO CONFIRMADA,320.0,2026-10-02,1.0
2026-10-01,COST,COST261009P00910000,PUT,910.0,2026-10-09,248,215,199640,NEUTRAL,MID,NO CONFIRMADA,215.0,2026-10-02,1.0
2026-10-01,EL,EL261120P00085000,PUT,85.0,2026-11-20,313,18,127078,BAJISTA,ASK,CONFIRMADA,316.0,2026-10-02,1.0
2026-10-01,EL,EL261030C00095000,CALL,95.0,2026-10-30,506,3,106260,ALCISTA,ASK,CONFIRMADA,509.0,2026-10-02,1.0
2026-10-01,EL,EL261120C00110000,CALL,110.0,2026-11-20,653,121,71830,NEUTRAL,MID,CONFIRMADA,666.0,2026-10-02,1.0
2026-10-01,EL,EL261218P00130000,PUT,130.0,2026-12-18,142,64,572260,NEUTRAL,MID,NO CONFIRMADA,58.0,2026-10-02,0.3
2026-10-01,P,P261016C00135000,CALL,135.0,2026-10-16,737,679,467995,NEUTRAL,MID,CONFIRMADA,1188.0,2026-10-02,1.0
2026-10-01,P,P261120C00145000,CALL,145.0,2026-11-20,249,155,253980,NEUTRAL,MID,CONFIRMADA,294.0,2026-10-02,1.0
2026-10-01,GLW,GLW261120C00185000,CALL,185.0,2026-11-20,3469,2714,2331168,NEUTRAL,MID,NO CONFIRMADA,2714.0,2026-10-02,1.0
2026-10-01,GLW,GLW261009C00162500,CALL,162.5,2026-10-09,571,180,262660,NEUTRAL,MID,NO CONFIRMADA,180.0,2026-10-02,1.0
2026-10-01,EXE,EXE261120P00090000,PUT,90.0,2026-11-20,150,143,115500,BAJISTA,ASK,NO CONFIRMADA,143.0,2026-10-02,1.0
2026-10-01,CRWD,CRWD261016P00265000,PUT,265.0,2026-10-16,291,156,303222,BAJISTA,ASK,NO CONFIRMADA,156.0,2026-10-02,0.25
2026-10-01,CRWD,CRWD270115P00265000,PUT,265.0,2027-01-15,184,139,562304,ALCISTA,BID,NO CONFIRMADA,139.0,2026-10-02,1.0
2026-10-01,CRWD,CRWD261016C00267500,CALL,267.5,2026-10-16,619,393,662949,NEUTRAL,MID,NO CONFIRMADA,393.0,2026-10-02,1.0
2026-10-01,CRWD,CRWD261016P00255000,PUT,255.0,2026-10-16,360,320,214920,ALCISTA,BID,NO CONFIRMADA,320.0,2026-10-02,0.25
2026-10-01,FSLR,FSLR280121C00250000,CALL,250.0,2028-01-21,1542,1521,3454080,BAJISTA,BID,NO CONFIRMADA,1521.0,2026-10-02,1.0
2026-10-01,FSLR,FSLR270115P00170000,PUT,170.0,2027-01-15,4522,3406,8049160,NEUTRAL,MID,NO CONFIRMADA,3406.0,2026-10-02,1.0
2026-10-01,FSLR,FSLR261016P00220000,PUT,220.0,2026-10-16,301,15,1405670,ALCISTA,BID,NO CONFIRMADA,15.0,2026-10-02,0.3
2026-10-01,FSLR,FSLR261009C00175000,CALL,175.0,2026-10-09,1605,1586,518415,BAJISTA,BID,NO CONFIRMADA,1586.0,2026-10-02,1.0
2026-10-01,FSLR,FSLR280121P00400000,PUT,400.0,2028-01-21,583,200,13311639,NEUTRAL,MID,NO CONFIRMADA,200.0,2026-10-02,0.3
2026-10-01,FSLR,FSLR270115P00330000,PUT,330.0,2027-01-15,116,39,1836628,NEUTRAL,MID,NO CONFIRMADA,39.0,2026-10-02,0.075
2026-10-01,FSLR,FSLR270115P00300000,PUT,300.0,2027-01-15,111,70,1403595,ALCISTA,BID,NO CONFIRMADA,70.0,2026-10-02,0.075
2026-10-01,FE,FE261120C00043000,CALL,43.0,2026-11-20,5917,51,857965,ALCISTA,ASK,CONFIRMADA,3050.0,2026-10-02,1.0
2026-10-01,FE,FE261120C00044000,CALL,44.0,2026-11-20,2261,1047,203490,ALCISTA,ASK,CONFIRMADA,2332.0,2026-10-02,1.0
2026-10-01,FISV,FISV270917P00050000,PUT,50.0,2027-09-17,360,19,334800,ALCISTA,BID,CONFIRMADA,379.0,2026-10-02,1.0
2026-10-01,F,F261009C00012500,CALL,12.5,2026-10-09,3909,3090,50817,ALCISTA,ASK,NO CONFIRMADA,3090.0,2026-10-02,1.0
2026-10-01,F,F261016P00015000,PUT,15.0,2026-10-16,373,119,98845,ALCISTA,BID,NO CONFIRMADA,119.0,2026-10-02,0.3
2026-10-01,F,F261009P00014500,PUT,14.5,2026-10-09,255,3,56100,NEUTRAL,MID,NO CONFIRMADA,3.0,2026-10-02,0.3
2026-10-01,F,F261023C00007000,CALL,7.0,2026-10-23,252,81,132300,NEUTRAL,MID,NO CONFIRMADA,81.0,2026-10-02,0.3
2026-10-01,F,F261030C00007000,CALL,7.0,2026-10-30,112,104,57344,NEUTRAL,MID,NO CONFIRMADA,104.0,2026-10-02,0.3
2026-10-01,FCX,FCX261009P00076000,PUT,76.0,2026-10-09,3011,3007,2198030,NEUTRAL,MID,NO CONFIRMADA,3007.0,2026-10-02,0.3
2026-10-01,IT,IT270319C00175000,CALL,175.0,2027-03-19,100,6,410000,ALCISTA,ASK,CONFIRMADA,106.0,2026-10-02,1.0
2026-10-01,IT,IT270319C00185000,CALL,185.0,2027-03-19,100,82,352000,ALCISTA,ASK,CONFIRMADA,182.0,2026-10-02,1.0
2026-10-01,GEHC,GEHC261016P00064000,PUT,64.0,2026-10-16,505,15,81305,BAJISTA,ASK,CONFIRMADA,504.0,2026-10-02,1.0
2026-10-01,GEV,GEV261016P00955000,PUT,955.0,2026-10-16,124,85,297600,BAJISTA,ASK,NO CONFIRMADA,85.0,2026-10-02,1.0
2026-10-01,GEV,GEV270319P00780000,PUT,780.0,2027-03-19,132,90,559680,BAJISTA,ASK,NO CONFIRMADA,90.0,2026-10-02,1.0
2026-10-01,GEV,GEV261218C00990000,CALL,990.0,2026-12-18,131,80,1240308,ALCISTA,ASK,NO CONFIRMADA,80.0,2026-10-02,1.0
2026-10-01,GEV,GEV261016P00905000,PUT,905.0,2026-10-16,235,197,237350,BAJISTA,ASK,NO CONFIRMADA,197.0,2026-10-02,1.0
2026-10-01,GEV,GEV261009C01000000,CALL,1000.0,2026-10-09,345,292,714150,NEUTRAL,MID,NO CONFIRMADA,292.0,2026-10-02,1.0
2026-10-01,GEV,GEV261009C01020000,CALL,1020.0,2026-10-09,214,107,299600,NEUTRAL,MID,NO CONFIRMADA,107.0,2026-10-02,1.0
2026-10-01,GEN,GEN261016P00030000,PUT,30.0,2026-10-16,260,173,221000,BAJISTA,ASK,NO CONFIRMADA,173.0,2026-10-02,0.3
2026-10-01,GIS,GIS270115C00032500,CALL,32.5,2027-01-15,1425,1398,256500,ALCISTA,ASK,NO CONFIRMADA,1398.0,2026-10-02,1.0
2026-10-01,GIS,GIS270416C00032500,CALL,32.5,2027-04-16,865,811,216250,BAJISTA,BID,NO CONFIRMADA,811.0,2026-10-02,0.25
2026-10-01,GIS,GIS270416C00035000,CALL,35.0,2027-04-16,929,718,143995,NEUTRAL,MID,NO CONFIRMADA,718.0,2026-10-02,0.25
2026-10-01,GM,GM261030C00080000,CALL,80.0,2026-10-30,542,292,159890,BAJISTA,BID,NO CONFIRMADA,292.0,2026-10-02,1.0
2026-10-01,GM,GM261023C00073000,CALL,73.0,2026-10-23,114,113,60990,BAJISTA,BID,NO CONFIRMADA,113.0,2026-10-02,1.0
2026-10-01,XOM,XOM261113P00150000,PUT,150.0,2026-11-13,1597,803,287460,BAJISTA,ASK,NO CONFIRMADA,803.0,2026-10-02,1.0
2026-10-01,XOM,XOM261106P00150000,PUT,150.0,2026-11-06,1607,927,237836,BAJISTA,ASK,NO CONFIRMADA,927.0,2026-10-02,1.0
2026-10-01,XOM,XOM261106P00170000,PUT,170.0,2026-11-06,1001,501,998998,BAJISTA,ASK,NO CONFIRMADA,501.0,2026-10-02,0.25
2026-10-01,XOM,XOM261113P00155000,PUT,155.0,2026-11-13,1013,503,333277,BAJISTA,ASK,NO CONFIRMADA,503.0,2026-10-02,0.25
2026-10-01,XOM,XOM261106P00167500,PUT,167.5,2026-11-06,998,500,840316,BAJISTA,ASK,NO CONFIRMADA,500.0,2026-10-02,0.25
2026-10-01,XOM,XOM261106P00165000,PUT,165.0,2026-11-06,1028,535,726796,BAJISTA,ASK,NO CONFIRMADA,535.0,2026-10-02,0.25
2026-10-01,XOM,XOM261009C00090000,CALL,90.0,2026-10-09,214,60,1568406,BAJISTA,BID,NO CONFIRMADA,60.0,2026-10-02,0.075
2026-10-01,XOM,XOM261113P00157500,PUT,157.5,2026-11-13,503,252,176050,NEUTRAL,MID,NO CONFIRMADA,252.0,2026-10-02,1.0
2026-10-01,XOM,XOM261113P00160000,PUT,160.0,2026-11-13,1014,506,498888,NEUTRAL,MID,NO CONFIRMADA,506.0,2026-10-02,0.25
2026-10-01,XOM,XOM261113P00172500,PUT,172.5,2026-11-13,998,498,1209576,NEUTRAL,MID,NO CONFIRMADA,498.0,2026-10-02,0.25
2026-10-01,XOM,XOM261106P00172500,PUT,172.5,2026-11-06,998,498,1150694,NEUTRAL,MID,NO CONFIRMADA,498.0,2026-10-02,0.25
2026-10-01,XOM,XOM261106C00172500,CALL,172.5,2026-11-06,658,518,197400,NEUTRAL,MID,NO CONFIRMADA,518.0,2026-10-02,1.0
2026-10-01,XOM,XOM261113P00170000,PUT,170.0,2026-11-13,1001,501,1039038,NEUTRAL,MID,NO CONFIRMADA,501.0,2026-10-02,0.25
2026-10-01,XOM,XOM261106P00160000,PUT,160.0,2026-11-06,1002,675,421842,NEUTRAL,MID,NO CONFIRMADA,675.0,2026-10-02,0.25
2026-10-01,XOM,XOM261009C00095000,CALL,95.0,2026-10-09,214,61,1461834,NEUTRAL,MID,NO CONFIRMADA,61.0,2026-10-02,0.075
2026-10-01,XOM,XOM261113P00167500,PUT,167.5,2026-11-13,998,498,874248,NEUTRAL,MID,NO CONFIRMADA,498.0,2026-10-02,0.25
2026-10-01,XOM,XOM261113P00165000,PUT,165.0,2026-11-13,1032,528,759552,NEUTRAL,MID,NO CONFIRMADA,528.0,2026-10-02,0.25
2026-10-01,XOM,XOM261106P00162500,PUT,162.5,2026-11-06,1188,510,626076,NEUTRAL,MID,NO CONFIRMADA,510.0,2026-10-02,0.25
2026-10-01,XOM,XOM261106P00155000,PUT,155.0,2026-11-06,1002,522,259518,NEUTRAL,MID,NO CONFIRMADA,522.0,2026-10-02,0.25
2026-10-01,XOM,XOM261113P00162500,PUT,162.5,2026-11-13,996,498,622500,NEUTRAL,MID,NO CONFIRMADA,498.0,2026-10-02,0.25
2026-10-01,XOM,XOM261106P00157500,PUT,157.5,2026-11-06,505,268,157055,NEUTRAL,MID,NO CONFIRMADA,268.0,2026-10-02,0.25
2026-10-01,XOM,XOM261106C00167500,CALL,167.5,2026-11-06,417,316,197241,NEUTRAL,MID,NO CONFIRMADA,316.0,2026-10-02,0.25
2026-10-01,GPN,GPN280121P00080000,PUT,80.0,2028-01-21,165,22,213675,NEUTRAL,MID,NO CONFIRMADA,99.0,2026-10-02,1.0
2026-10-01,GPN,GPN261218P00082500,PUT,82.5,2026-12-18,206,0,135960,ALCISTA,BID,CONFIRMADA,206.0,2026-10-02,1.0
2026-10-01,HAL,HAL261120C00035000,CALL,35.0,2026-11-20,10118,3754,779086,NEUTRAL,MID,NO CONFIRMADA,3754.0,2026-10-02,1.0
2026-10-01,HCA,HCA270115P00400000,PUT,400.0,2027-01-15,190,104,285000,ALCISTA,BID,CONFIRMADA,232.0,2026-10-02,1.0
2026-10-01,HCA,HCA261016P00425000,PUT,425.0,2026-10-16,281,241,295050,NEUTRAL,MID,NO CONFIRMADA,317.0,2026-10-02,1.0
2026-10-01,GS,GS261016P01060000,PUT,1060.0,2026-10-16,566,34,9520120,BAJISTA,ASK,NO CONFIRMADA,34.0,2026-10-02,0.075
2026-10-01,GS,GS261120P01140000,PUT,1140.0,2026-11-20,363,6,8739225,ALCISTA,BID,NO CONFIRMADA,6.0,2026-10-02,0.3
2026-10-01,GS,GS261016P01040000,PUT,1040.0,2026-10-16,543,65,7852866,NEUTRAL,MID,NO CONFIRMADA,65.0,2026-10-02,0.075
2026-10-01,GS,GS261120C00880000,CALL,880.0,2026-11-20,139,73,746847,BAJISTA,BID,NO CONFIRMADA,73.0,2026-10-02,1.0
2026-10-01,GS,GS261009C00865000,CALL,865.0,2026-10-09,362,361,1350260,NEUTRAL,MID,NO CONFIRMADA,361.0,2026-10-02,0.25
2026-10-01,GS,GS261009C00915000,CALL,915.0,2026-10-09,357,310,309519,BAJISTA,BID,NO CONFIRMADA,310.0,2026-10-02,0.25
2026-10-01,GS,GS261009C00900000,CALL,900.0,2026-10-09,307,236,468175,NEUTRAL,MID,NO CONFIRMADA,236.0,2026-10-02,0.25
2026-10-01,HPE,HPE261009P00063000,PUT,63.0,2026-10-09,873,339,131823,NEUTRAL,MID,NO CONFIRMADA,339.0,2026-10-02,1.0
2026-10-01,HPE,HPE261009C00051000,CALL,51.0,2026-10-09,120,64,166800,ALCISTA,ASK,NO CONFIRMADA,64.0,2026-10-02,0.3
2026-10-01,HON,HON261016C00215000,CALL,215.0,2026-10-16,146,136,64240,NEUTRAL,MID,NO CONFIRMADA,136.0,2026-10-02,1.0
2026-10-01,HON,HON261016C00222500,CALL,222.5,2026-10-16,348,339,62640,NEUTRAL,MID,NO CONFIRMADA,339.0,2026-10-02,1.0
2026-10-01,HON,HON2261218P00230000,PUT,230.0,2026-12-18,100,93,457500,NEUTRAL,MID,NO CONFIRMADA,93.0,2026-10-02,0.3
2026-10-01,HD,HD261016P00330000,PUT,330.0,2026-10-16,915,222,4246515,ALCISTA,BID,NO CONFIRMADA,222.0,2026-10-02,0.3
2026-10-01,HD,HD261016P00335000,PUT,335.0,2026-10-16,366,84,1923330,NEUTRAL,MID,NO CONFIRMADA,84.0,2026-10-02,0.3
2026-10-01,HD,HD261016P00320000,PUT,320.0,2026-10-16,709,445,2644570,NEUTRAL,MID,NO CONFIRMADA,445.0,2026-10-02,0.3
2026-10-01,HD,HD261016P00340000,PUT,340.0,2026-10-16,162,54,953370,BAJISTA,ASK,NO CONFIRMADA,54.0,2026-10-02,0.075
2026-10-01,HD,HD261009C00292500,CALL,292.5,2026-10-09,1176,1150,170520,NEUTRAL,MID,NO CONFIRMADA,1150.0,2026-10-02,1.0
2026-10-01,HD,HD261016P00325000,PUT,325.0,2026-10-16,242,120,1061170,BAJISTA,ASK,NO CONFIRMADA,120.0,2026-10-02,0.075
2026-10-01,HD,HD261009C00270000,CALL,270.0,2026-10-09,124,54,169880,NEUTRAL,MID,NO CONFIRMADA,54.0,2026-10-02,1.0
2026-10-01,HD,HD270115P00390000,PUT,390.0,2027-01-15,130,87,1398800,NEUTRAL,MID,NO CONFIRMADA,87.0,2026-10-02,0.3
2026-10-01,HD,HD261016C00285000,CALL,285.0,2026-10-16,235,187,126900,NEUTRAL,MID,NO CONFIRMADA,187.0,2026-10-02,0.25
2026-10-01,HD,HD261120C00280000,CALL,280.0,2026-11-20,107,66,166920,NEUTRAL,MID,NO CONFIRMADA,66.0,2026-10-02,1.0
2026-10-01,HD,HD261016C00280000,CALL,280.0,2026-10-16,166,88,136950,NEUTRAL,MID,NO CONFIRMADA,88.0,2026-10-02,0.25
2026-10-01,FDS,FDS261218P00270000,PUT,270.0,2026-12-18,1776,3,3365520,NEUTRAL,MID,CONFIRMADA,1501.0,2026-10-02,1.0
2026-10-01,FDS,FDS261016C00260000,CALL,260.0,2026-10-16,2303,2201,4456305,BAJISTA,BID,NO CONFIRMADA,2148.0,2026-10-02,1.0
2026-10-01,FDS,FDS261218P00260000,PUT,260.0,2026-12-18,185,112,259000,ALCISTA,BID,CONFIRMADA,205.0,2026-10-02,1.0
2026-10-01,HWM,HWM261016P00290000,PUT,290.0,2026-10-16,258,86,1571220,NEUTRAL,MID,NO CONFIRMADA,86.0,2026-10-02,0.3
2026-10-01,HWM,HWM261009P00222500,PUT,222.5,2026-10-09,268,267,57620,BAJISTA,ASK,NO CONFIRMADA,267.0,2026-10-02,1.0
2026-10-01,HBAN,HBAN261016C00015000,CALL,15.0,2026-10-16,9299,3158,464950,NEUTRAL,MID,NO CONFIRMADA,3158.0,2026-10-02,1.0
2026-10-01,HUM,HUM261009C00385000,CALL,385.0,2026-10-09,314,306,635850,ALCISTA,ASK,NO CONFIRMADA,306.0,2026-10-02,1.0
2026-10-01,HUM,HUM261009C00395000,CALL,395.0,2026-10-09,431,363,603400,NEUTRAL,MID,NO CONFIRMADA,363.0,2026-10-02,1.0
2026-10-01,HUM,HUM270416P00360000,PUT,360.0,2027-04-16,150,121,631500,NEUTRAL,MID,NO CONFIRMADA,121.0,2026-10-02,1.0
2026-10-01,HUM,HUM270521P00330000,PUT,330.0,2027-05-21,159,134,513570,NEUTRAL,MID,NO CONFIRMADA,134.0,2026-10-02,1.0
2026-10-01,HUM,HUM270617P00330000,PUT,330.0,2027-06-17,159,150,535194,NEUTRAL,MID,NO CONFIRMADA,150.0,2026-10-02,1.0
2026-10-01,HUM,HUM270319P00200000,PUT,200.0,2027-03-19,564,256,136488,NEUTRAL,MID,NO CONFIRMADA,256.0,2026-10-02,1.0
2026-10-01,HUM,HUM270219P00200000,PUT,200.0,2027-02-19,564,246,113928,NEUTRAL,MID,NO CONFIRMADA,246.0,2026-10-02,1.0
2026-10-01,CCI,CCI280121C00080000,CALL,80.0,2028-01-21,261,226,118755,NEUTRAL,MID,CONFIRMADA,479.0,2026-10-02,1.0
2026-10-01,ILMN,ILMN270115P00280000,PUT,280.0,2027-01-15,108,3,410400,ALCISTA,BID,NO CONFIRMADA,7.0,2026-10-02,1.0
2026-10-01,IBM,IBM261120P00235000,PUT,235.0,2026-11-20,3201,2535,5937855,ALCISTA,BID,NO CONFIRMADA,2535.0,2026-10-02,1.0
2026-10-01,IBM,IBM261016P00290000,PUT,290.0,2026-10-16,161,29,1007860,ALCISTA,BID,NO CONFIRMADA,29.0,2026-10-02,0.3
2026-10-01,IBM,IBM261016P00280000,PUT,280.0,2026-10-16,132,24,694980,ALCISTA,BID,NO CONFIRMADA,24.0,2026-10-02,0.3
2026-10-01,IBM,IBM261016P00275000,PUT,275.0,2026-10-16,111,22,528915,ALCISTA,BID,NO CONFIRMADA,22.0,2026-10-02,0.3
2026-10-01,IBM,IBM261023C00225000,CALL,225.0,2026-10-23,207,114,261855,ALCISTA,ASK,NO CONFIRMADA,114.0,2026-10-02,1.0
2026-10-01,IBM,IBM261009C00235000,CALL,235.0,2026-10-09,844,463,113940,BAJISTA,BID,NO CONFIRMADA,463.0,2026-10-02,1.0
2026-10-01,IBM,IBM261023P00215000,PUT,215.0,2026-10-23,363,320,192390,ALCISTA,BID,NO CONFIRMADA,320.0,2026-10-02,1.0
2026-10-01,IBM,IBM261030C00245000,CALL,245.0,2026-10-30,360,252,203760,ALCISTA,ASK,NO CONFIRMADA,252.0,2026-10-02,0.25
2026-10-01,IBM,IBM261009C00227500,CALL,227.5,2026-10-09,399,376,151221,NEUTRAL,MID,NO CONFIRMADA,376.0,2026-10-02,1.0
2026-10-01,IBM,IBM261030P00215000,PUT,215.0,2026-10-30,382,279,233784,ALCISTA,BID,NO CONFIRMADA,279.0,2026-10-02,0.25
2026-10-01,IBM,IBM261009C00225000,CALL,225.0,2026-10-09,576,355,274752,NEUTRAL,MID,NO CONFIRMADA,355.0,2026-10-02,0.25
2026-10-01,IBM,IBM261009P00230000,PUT,230.0,2026-10-09,504,473,327600,NEUTRAL,MID,NO CONFIRMADA,473.0,2026-10-02,0.25
2026-10-01,IBM,IBM261030C00225000,CALL,225.0,2026-10-30,114,104,145464,NEUTRAL,MID,NO CONFIRMADA,104.0,2026-10-02,1.0
2026-10-01,FICO,FICO261016C00680000,CALL,680.0,2026-10-16,675,253,2004750,NEUTRAL,MID,NO CONFIRMADA,253.0,2026-10-02,1.0
2026-10-01,FICO,FICO261016C00700000,CALL,700.0,2026-10-16,923,480,1753700,NEUTRAL,MID,NO CONFIRMADA,480.0,2026-10-02,1.0
2026-10-01,FICO,FICO261016C00660000,CALL,660.0,2026-10-16,210,96,840000,NEUTRAL,MID,NO CONFIRMADA,96.0,2026-10-02,1.0
2026-10-01,FICO,FICO261016C00650000,CALL,650.0,2026-10-16,136,63,619752,ALCISTA,ASK,NO CONFIRMADA,63.0,2026-10-02,0.25
2026-10-01,FICO,FICO261016C00640000,CALL,640.0,2026-10-16,302,254,1449600,NEUTRAL,MID,NO CONFIRMADA,254.0,2026-10-02,0.25
2026-10-01,FICO,FICO261016P00660000,PUT,660.0,2026-10-16,313,210,998470,BAJISTA,ASK,NO CONFIRMADA,210.0,2026-10-02,0.25
2026-10-01,FICO,FICO270115C00760000,CALL,760.0,2027-01-15,178,177,1002140,NEUTRAL,MID,NO CONFIRMADA,177.0,2026-10-02,1.0
2026-10-01,FICO,FICO261016P00640000,PUT,640.0,2026-10-16,521,303,1009177,ALCISTA,BID,NO CONFIRMADA,303.0,2026-10-02,0.25
2026-10-01,FICO,FICO261016C00750000,CALL,750.0,2026-10-16,165,98,141570,ALCISTA,ASK,NO CONFIRMADA,98.0,2026-10-02,0.25
2026-10-01,FICO,FICO261218C00920000,CALL,920.0,2026-12-18,106,29,170872,NEUTRAL,MID,NO CONFIRMADA,29.0,2026-10-02,1.0
2026-10-01,FICO,FICO270115C00860000,CALL,860.0,2027-01-15,153,152,497250,NEUTRAL,MID,NO CONFIRMADA,152.0,2026-10-02,1.0
2026-10-01,FICO,FICO261016C00600000,CALL,600.0,2026-10-16,164,138,1230000,NEUTRAL,MID,NO CONFIRMADA,138.0,2026-10-02,0.25
2026-10-01,FICO,FICO261016P00670000,PUT,670.0,2026-10-16,105,71,366450,NEUTRAL,MID,NO CONFIRMADA,71.0,2026-10-02,1.0
2026-10-01,FICO,FICO261120C00900000,CALL,900.0,2026-11-20,192,135,166464,NEUTRAL,MID,NO CONFIRMADA,135.0,2026-10-02,1.0
2026-10-01,FICO,FICO261016P00650000,PUT,650.0,2026-10-16,276,233,634800,ALCISTA,BID,NO CONFIRMADA,233.0,2026-10-02,0.25
2026-10-01,IQV,IQV270115C00290000,CALL,290.0,2027-01-15,126,120,154854,ALCISTA,ASK,NO CONFIRMADA,120.0,2026-10-02,1.0
2026-10-01,IBKR,IBKR280121C00055000,CALL,55.0,2028-01-21,181,23,676578,NEUTRAL,MID,CONFIRMADA,180.0,2026-10-02,1.0
2026-10-01,IBKR,IBKR261218C00115000,CALL,115.0,2026-12-18,1236,297,61800,NEUTRAL,MID,CONFIRMADA,1350.0,2026-10-02,1.0
2026-10-01,IBKR,IBKR261009C00086000,CALL,86.0,2026-10-09,278,20,66164,NEUTRAL,MID,NO CONFIRMADA,94.0,2026-10-02,0.25
2026-10-01,IBKR,IBKR261009C00079000,CALL,79.0,2026-10-09,234,230,149760,BAJISTA,BID,NO CONFIRMADA,40.0,2026-10-02,0.075
2026-10-01,IBKR,IBKR261009C00078000,CALL,78.0,2026-10-09,230,230,178250,NEUTRAL,MID,NO CONFIRMADA,40.0,2026-10-02,0.075
2026-10-01,JBL,JBL261120P00270000,PUT,270.0,2026-11-20,644,98,461104,NEUTRAL,MID,CONFIRMADA,559.0,2026-10-02,1.0
2026-10-01,JBL,JBL261120P00260000,PUT,260.0,2026-11-20,585,104,281385,NEUTRAL,MID,CONFIRMADA,514.0,2026-10-02,1.0
2026-10-01,JBL,JBL261218P00260000,PUT,260.0,2026-12-18,329,94,309260,NEUTRAL,MID,CONFIRMADA,354.0,2026-10-02,1.0
2026-10-01,IVZ,IVZ270115C00033000,CALL,33.0,2027-01-15,1204,322,150500,NEUTRAL,MID,CONFIRMADA,1511.0,2026-10-02,1.0
2026-10-01,JNJ,JNJ261009C00265000,CALL,265.0,2026-10-09,402,335,56280,NEUTRAL,MID,NO CONFIRMADA,335.0,2026-10-02,1.0
2026-10-01,JCI,JCI261218C00170000,CALL,170.0,2026-12-18,347,55,111040,NEUTRAL,MID,CONFIRMADA,388.0,2026-10-02,1.0
2026-10-01,INTU,INTU261009C00277500,CALL,277.5,2026-10-09,896,319,896000,BAJISTA,BID,NO CONFIRMADA,319.0,2026-10-02,1.0
2026-10-01,INTU,INTU261016C00265000,CALL,265.0,2026-10-16,427,134,928725,NEUTRAL,MID,NO CONFIRMADA,134.0,2026-10-02,1.0
2026-10-01,INTU,INTU261023C00310000,CALL,310.0,2026-10-23,159,104,63600,NEUTRAL,MID,NO CONFIRMADA,104.0,2026-10-02,1.0
2026-10-01,INCY,INCY261120C00125000,CALL,125.0,2026-11-20,124,49,66960,ALCISTA,ASK,CONFIRMADA,122.0,2026-10-02,1.0
2026-10-01,ISRG,ISRG280121C00740000,CALL,740.0,2028-01-21,197,156,226550,NEUTRAL,MID,NO CONFIRMADA,156.0,2026-10-02,1.0
2026-10-01,JPM,JPM261009C00335000,CALL,335.0,2026-10-09,1643,956,527403,ALCISTA,ASK,NO CONFIRMADA,956.0,2026-10-02,1.0
2026-10-01,JPM,JPM261009C00332500,CALL,332.5,2026-10-09,5035,4484,2165050,NEUTRAL,MID,NO CONFIRMADA,4484.0,2026-10-02,1.0
2026-10-01,JPM,JPM261009C00327500,CALL,327.5,2026-10-09,340,195,239020,BAJISTA,BID,NO CONFIRMADA,195.0,2026-10-02,0.25
2026-10-01,JPM,JPM261009C00320000,CALL,320.0,2026-10-09,101,88,141400,ALCISTA,ASK,NO CONFIRMADA,88.0,2026-10-02,0.3
2026-10-01,JPM,JPM261009C00330000,CALL,330.0,2026-10-09,403,221,227695,NEUTRAL,MID,NO CONFIRMADA,221.0,2026-10-02,0.25
2026-10-01,KMB,KMB261009P00105000,PUT,105.0,2026-10-09,282,183,294972,BAJISTA,ASK,PENDIENTE,,,0.075
2026-10-01,KMB,KMB261009P00104000,PUT,104.0,2026-10-09,266,177,266000,NEUTRAL,MID,NO CONFIRMADA,176.0,2026-10-02,0.075
2026-10-01,IP,IP261016P00040000,PUT,40.0,2026-10-16,152,123,106856,ALCISTA,BID,NO CONFIRMADA,101.0,2026-10-02,0.3
2026-10-01,KEYS,KEYS261120C00430000,CALL,430.0,2026-11-20,143,10,81510,NEUTRAL,MID,CONFIRMADA,152.0,2026-10-02,1.0
2026-10-01,KLAC,KLAC261106P00155000,PUT,155.0,2026-11-06,372,372,66960,NEUTRAL,MID,NO CONFIRMADA,372.0,2026-10-02,1.0
2026-10-01,KKR,KKR261009P00090000,PUT,90.0,2026-10-09,297,26,59103,BAJISTA,ASK,CONFIRMADA,310.0,2026-10-02,1.0
2026-10-01,KKR,KKR270617P00077500,PUT,77.5,2027-06-17,225,72,121500,BAJISTA,ASK,CONFIRMADA,201.0,2026-10-02,1.0
2026-10-01,KKR,KKR261016P00090000,PUT,90.0,2026-10-16,519,264,108990,ALCISTA,BID,CONFIRMADA,715.0,2026-10-02,1.0
2026-10-01,KKR,KKR270319P00080000,PUT,80.0,2027-03-19,667,344,300150,NEUTRAL,MID,CONFIRMADA,692.0,2026-10-02,1.0
2026-10-01,KKR,KKR270115P00165000,PUT,165.0,2027-01-15,222,75,1631700,NEUTRAL,MID,NO CONFIRMADA,75.0,2026-10-02,0.3
2026-10-01,KKR,KKR270115P00140000,PUT,140.0,2027-01-15,184,72,892400,NEUTRAL,MID,NO CONFIRMADA,72.0,2026-10-02,0.3
2026-10-01,KHC,KHC261009P00024500,PUT,24.5,2026-10-09,251,51,56977,BAJISTA,ASK,NO CONFIRMADA,51.0,2026-10-02,0.3
2026-10-01,KHC,KHC261120C00022500,CALL,22.5,2026-11-20,1160,1096,120640,NEUTRAL,MID,NO CONFIRMADA,1096.0,2026-10-02,1.0
2026-10-01,KHC,KHC261009P00025000,PUT,25.0,2026-10-09,335,159,92795,NEUTRAL,MID,NO CONFIRMADA,159.0,2026-10-02,0.3
2026-10-01,LHX,LHX270115P00370000,PUT,370.0,2027-01-15,348,300,4642320,BAJISTA,ASK,NO CONFIRMADA,300.0,2026-10-02,0.3
2026-10-01,LHX,LHX261120C00250000,CALL,250.0,2026-11-20,544,308,320960,NEUTRAL,MID,CONFIRMADA,767.0,2026-10-02,1.0
2026-10-01,LHX,LHX261016P00260000,PUT,260.0,2026-10-16,359,232,840060,BAJISTA,ASK,NO CONFIRMADA,231.0,2026-10-02,0.3
2026-10-01,LRCX,LRCX270115P00320000,PUT,320.0,2027-01-15,1678,870,5151460,NEUTRAL,MID,NO CONFIRMADA,870.0,2026-10-02,1.0
2026-10-01,LRCX,LRCX261009C00345000,CALL,345.0,2026-10-09,2902,2526,2597290,ALCISTA,ASK,NO CONFIRMADA,2526.0,2026-10-02,0.25
2026-10-01,LRCX,LRCX261009C00355000,CALL,355.0,2026-10-09,3353,3314,1844150,NEUTRAL,MID,NO CONFIRMADA,3314.0,2026-10-02,0.25
2026-10-01,LVS,LVS261016P00045000,PUT,45.0,2026-10-16,1947,639,1651056,BAJISTA,ASK,NO CONFIRMADA,639.0,2026-10-02,0.3
2026-10-01,LVS,LVS270115C00037500,CALL,37.5,2027-01-15,410,322,110290,NEUTRAL,MID,NO CONFIRMADA,322.0,2026-10-02,1.0
2026-10-01,LEN,LEN261030C00087000,CALL,87.0,2026-10-30,499,12,98303,NEUTRAL,MID,CONFIRMADA,504.0,2026-10-02,1.0
2026-10-01,LEN,LEN261120C00070000,CALL,70.0,2026-11-20,115,12,136850,BAJISTA,BID,CONFIRMADA,127.0,2026-10-02,1.0
2026-10-01,LEN,LEN261120C00065000,CALL,65.0,2026-11-20,115,2,186300,BAJISTA,BID,CONFIRMADA,116.0,2026-10-02,0.3
2026-10-01,LEN,LEN270617C00080000,CALL,80.0,2027-06-17,101,30,131300,NEUTRAL,MID,CONFIRMADA,131.0,2026-10-02,1.0
2026-10-01,INTC,INTC261005C00114000,CALL,114.0,2026-10-05,1021,346,699385,ALCISTA,ASK,NO CONFIRMADA,346.0,2026-10-02,0.5
2026-10-01,INTC,INTC270219C00145000,CALL,145.0,2027-02-19,3226,2105,4032500,NEUTRAL,MID,NO CONFIRMADA,2105.0,2026-10-02,1.0
2026-10-01,INTC,INTC261009C00127000,CALL,127.0,2026-10-09,7049,6816,1409800,ALCISTA,ASK,NO CONFIRMADA,6816.0,2026-10-02,0.25
2026-10-01,INTC,INTC261009C00119000,CALL,119.0,2026-10-09,2572,1159,1350300,ALCISTA,ASK,NO CONFIRMADA,1159.0,2026-10-02,0.25
2026-10-01,INTC,INTC261009C00123000,CALL,123.0,2026-10-09,7066,6735,2261120,NEUTRAL,MID,NO CONFIRMADA,6735.0,2026-10-02,0.25
2026-10-01,INTC,INTC261009C00125000,CALL,125.0,2026-10-09,5608,5412,1390784,BAJISTA,BID,NO CONFIRMADA,5412.0,2026-10-02,0.25
2026-10-01,INTC,INTC261009C00116000,CALL,116.0,2026-10-09,1453,1074,958980,NEUTRAL,MID,NO CONFIRMADA,1074.0,2026-10-02,1.0
2026-10-01,LIN,LIN280121C00470000,CALL,470.0,2028-01-21,137,24,837070,NEUTRAL,MID,CONFIRMADA,120.0,2026-10-02,1.0
2026-10-01,LULU,LULU261218P00350000,PUT,350.0,2026-12-18,3956,637,100067020,ALCISTA,BID,NO CONFIRMADA,637.0,2026-10-02,0.3
2026-10-01,LULU,LULU270115P00280000,PUT,280.0,2027-01-15,559,105,10229700,ALCISTA,BID,NO CONFIRMADA,105.0,2026-10-02,0.3
2026-10-01,LULU,LULU270115P00220000,PUT,220.0,2027-01-15,686,120,8434370,ALCISTA,BID,NO CONFIRMADA,120.0,2026-10-02,0.3
2026-10-01,LULU,LULU261218P00230000,PUT,230.0,2026-12-18,282,55,3749190,ALCISTA,BID,NO CONFIRMADA,55.0,2026-10-02,0.3
2026-10-01,LULU,LULU261218P00300000,PUT,300.0,2026-12-18,6755,1700,137092725,ALCISTA,BID,NO CONFIRMADA,1700.0,2026-10-02,0.3
2026-10-01,LULU,LULU261218P00165000,PUT,165.0,2026-12-18,264,4,1792560,ALCISTA,BID,NO CONFIRMADA,4.0,2026-10-02,0.3
2026-10-01,LULU,LULU270115P00175000,PUT,175.0,2027-01-15,666,196,5191470,ALCISTA,BID,NO CONFIRMADA,196.0,2026-10-02,0.3
2026-10-01,LULU,LULU261218P00190000,PUT,190.0,2026-12-18,174,0,1617330,ALCISTA,BID,PENDIENTE,,,0.3
2026-10-01,LULU,LULU270115P00200000,PUT,200.0,2027-01-15,132,3,1358940,ALCISTA,BID,NO CONFIRMADA,3.0,2026-10-02,0.3
2026-10-01,LULU,LULU270115P00190000,PUT,190.0,2027-01-15,210,70,1951950,ALCISTA,BID,NO CONFIRMADA,70.0,2026-10-02,0.3
2026-10-01,LOW,LOW270917C00220000,CALL,220.0,2027-09-17,500,43,505000,BAJISTA,BID,CONFIRMADA,530.0,2026-10-02,1.0
2026-10-01,LOW,LOW261009P00180000,PUT,180.0,2026-10-09,1028,84,195320,NEUTRAL,MID,CONFIRMADA,1091.0,2026-10-02,1.0
2026-10-01,LOW,LOW261016P00220000,PUT,220.0,2026-10-16,198,41,756360,BAJISTA,ASK,NO CONFIRMADA,41.0,2026-10-02,0.3
2026-10-01,LOW,LOW261030C00200000,CALL,200.0,2026-10-30,2482,83,260610,NEUTRAL,MID,CONFIRMADA,1943.0,2026-10-02,1.0
2026-10-01,LOW,LOW261016P00210000,PUT,210.0,2026-10-16,646,294,1842392,BAJISTA,ASK,NO CONFIRMADA,105.0,2026-10-02,0.3
2026-10-01,LOW,LOW270319P00130000,PUT,130.0,2027-03-19,863,5,112190,NEUTRAL,MID,CONFIRMADA,860.0,2026-10-02,1.0
2026-10-01,LOW,LOW261016P00240000,PUT,240.0,2026-10-16,110,26,628650,NEUTRAL,MID,NO CONFIRMADA,26.0,2026-10-02,0.3
2026-10-01,LOW,LOW261120C00195000,CALL,195.0,2026-11-20,248,218,110856,NEUTRAL,MID,NO CONFIRMADA,326.0,2026-10-02,1.0
2026-10-01,LOW,LOW261120P00190000,PUT,190.0,2026-11-20,127,86,171958,NEUTRAL,MID,CONFIRMADA,202.0,2026-10-02,1.0
2026-10-01,MAR,MAR270917P00320000,PUT,320.0,2027-09-17,219,12,427050,NEUTRAL,MID,CONFIRMADA,219.0,2026-10-02,1.0
2026-10-01,MAR,MAR270917P00300000,PUT,300.0,2027-09-17,121,5,164560,NEUTRAL,MID,CONFIRMADA,121.0,2026-10-02,1.0
2026-10-01,MAR,MAR270319P00360000,PUT,360.0,2027-03-19,108,62,279720,NEUTRAL,MID,CONFIRMADA,122.0,2026-10-02,1.0
2026-10-01,LLY,LLY261106P01200000,PUT,1200.0,2026-11-06,280,154,2472960,BAJISTA,ASK,NO CONFIRMADA,154.0,2026-10-02,1.0
2026-10-01,LLY,LLY261030P01200000,PUT,1200.0,2026-10-30,276,166,2259612,BAJISTA,ASK,NO CONFIRMADA,166.0,2026-10-02,1.0
2026-10-01,LLY,LLY261023P01145000,PUT,1145.0,2026-10-23,103,75,339385,BAJISTA,ASK,NO CONFIRMADA,75.0,2026-10-02,1.0
2026-10-01,LLY,LLY261106P01195000,PUT,1195.0,2026-11-06,176,106,1441440,BAJISTA,ASK,NO CONFIRMADA,106.0,2026-10-02,0.25
2026-10-01,LLY,LLY261030P01195000,PUT,1195.0,2026-10-30,178,129,1388400,BAJISTA,ASK,NO CONFIRMADA,129.0,2026-10-02,0.25
2026-10-01,LLY,LLY270416C01500000,CALL,1500.0,2027-04-16,148,65,518000,NEUTRAL,MID,NO CONFIRMADA,65.0,2026-10-02,1.0
2026-10-01,LLY,LLY261106P01210000,PUT,1210.0,2026-11-06,205,194,1773045,NEUTRAL,MID,NO CONFIRMADA,194.0,2026-10-02,0.25
2026-10-01,LLY,LLY261030P01210000,PUT,1210.0,2026-10-30,206,197,1705474,NEUTRAL,MID,NO CONFIRMADA,197.0,2026-10-02,0.25
2026-10-01,MLM,MLM270416C00500000,CALL,500.0,2027-04-16,100,3,374000,NEUTRAL,MID,CONFIRMADA,103.0,2026-10-02,1.0
2026-10-01,MCK,MCK270219P00800000,PUT,800.0,2027-02-19,189,1,525987,BAJISTA,ASK,CONFIRMADA,190.0,2026-10-02,0.25
2026-10-01,MCK,MCK270219C01000000,CALL,1000.0,2027-02-19,189,33,516537,BAJISTA,BID,CONFIRMADA,222.0,2026-10-02,0.25
2026-10-01,MDT,MDT261218P00087500,PUT,87.5,2026-12-18,20006,456,10203060,NEUTRAL,MID,NO CONFIRMADA,456.0,2026-10-02,1.0
2026-10-01,MCD,MCD261120P00285000,PUT,285.0,2026-11-20,660,47,3590400,BAJISTA,ASK,NO CONFIRMADA,47.0,2026-10-02,0.3
2026-10-01,MCD,MCD261016P00260000,PUT,260.0,2026-10-16,2057,356,5739030,ALCISTA,BID,NO CONFIRMADA,356.0,2026-10-02,0.3
2026-10-01,MCD,MCD261218P00325000,PUT,325.0,2026-12-18,600,200,5664000,BAJISTA,ASK,NO CONFIRMADA,200.0,2026-10-02,0.3
2026-10-01,MCD,MCD261016P00255000,PUT,255.0,2026-10-16,650,106,1589250,BAJISTA,ASK,NO CONFIRMADA,106.0,2026-10-02,0.075
2026-10-01,MCD,MCD261016P00270000,PUT,270.0,2026-10-16,1023,113,3861825,ALCISTA,BID,NO CONFIRMADA,113.0,2026-10-02,0.075
2026-10-01,MCD,MCD261120P00295000,PUT,295.0,2026-11-20,423,93,2671245,NEUTRAL,MID,NO CONFIRMADA,93.0,2026-10-02,0.3
2026-10-01,MCD,MCD261016P00265000,PUT,265.0,2026-10-16,228,26,751260,ALCISTA,BID,NO CONFIRMADA,26.0,2026-10-02,0.3
2026-10-01,MCD,MCD270115P00320000,PUT,320.0,2027-01-15,2145,715,18631470,ALCISTA,BID,NO CONFIRMADA,715.0,2026-10-02,0.3
2026-10-01,MCD,MCD270115P00330000,PUT,330.0,2027-01-15,637,219,6242600,ALCISTA,BID,NO CONFIRMADA,219.0,2026-10-02,0.3
2026-10-01,MCD,MCD261120P00315000,PUT,315.0,2026-11-20,292,82,2422140,NEUTRAL,MID,NO CONFIRMADA,82.0,2026-10-02,0.3
2026-10-01,MCD,MCD270115P00340000,PUT,340.0,2027-01-15,161,68,1753290,BAJISTA,ASK,NO CONFIRMADA,68.0,2026-10-02,0.3
2026-10-01,MCD,MCD261218P00330000,PUT,330.0,2026-12-18,140,60,1394400,BAJISTA,ASK,NO CONFIRMADA,60.0,2026-10-02,0.3
2026-10-01,MCD,MCD261009P00232500,PUT,232.5,2026-10-09,769,381,239159,NEUTRAL,MID,NO CONFIRMADA,381.0,2026-10-02,1.0
2026-10-01,MCD,MCD261120P00300000,PUT,300.0,2026-11-20,140,4,952700,NEUTRAL,MID,NO CONFIRMADA,4.0,2026-10-02,0.075
2026-10-01,MCD,MCD261120C00215000,CALL,215.0,2026-11-20,163,87,330075,NEUTRAL,MID,NO CONFIRMADA,87.0,2026-10-02,0.25
2026-10-01,MRVL,MRVL261016C00295000,CALL,295.0,2026-10-16,4872,3084,2728320,BAJISTA,BID,NO CONFIRMADA,3084.0,2026-10-02,1.0
2026-10-01,MRVL,MRVL261009C00295000,CALL,295.0,2026-10-09,1426,971,473432,ALCISTA,ASK,NO CONFIRMADA,971.0,2026-10-02,1.0
2026-10-01,MRVL,MRVL261016P00270000,PUT,270.0,2026-10-16,1048,950,1604488,NEUTRAL,MID,NO CONFIRMADA,950.0,2026-10-02,1.0
2026-10-01,MRVL,MRVL261016C00267500,CALL,267.5,2026-10-16,451,282,678755,ALCISTA,ASK,NO CONFIRMADA,282.0,2026-10-02,1.0
2026-10-01,MRVL,MRVL261009C00300000,CALL,300.0,2026-10-09,2889,2686,739584,NEUTRAL,MID,NO CONFIRMADA,2686.0,2026-10-02,1.0
2026-10-01,MRVL,MRVL261009C00267500,CALL,267.5,2026-10-09,1038,463,1209270,NEUTRAL,MID,NO CONFIRMADA,463.0,2026-10-02,1.0
2026-10-01,MRVL,MRVL261030P00270000,PUT,270.0,2026-10-30,1004,743,1987920,NEUTRAL,MID,NO CONFIRMADA,743.0,2026-10-02,0.25
2026-10-01,MRVL,MRVL261030C00260000,CALL,260.0,2026-10-30,907,625,2154125,NEUTRAL,MID,NO CONFIRMADA,625.0,2026-10-02,0.25
2026-10-01,MA,MA261009P00545000,PUT,545.0,2026-10-09,148,139,75480,BAJISTA,ASK,NO CONFIRMADA,139.0,2026-10-02,1.0
2026-10-01,MTD,MTD271119P01540000,PUT,1540.0,2027-11-19,100,0,1870000,NEUTRAL,MID,CONFIRMADA,100.0,2026-10-02,1.0
2026-10-01,MGM,MGM261016P00039000,PUT,39.0,2026-10-16,3600,646,2664000,ALCISTA,BID,NO CONFIRMADA,646.0,2026-10-02,0.3
2026-10-01,MGM,MGM261016P00040000,PUT,40.0,2026-10-16,3226,1084,2693710,ALCISTA,BID,NO CONFIRMADA,1084.0,2026-10-02,0.3
2026-10-01,MGM,MGM261016P00043000,PUT,43.0,2026-10-16,11030,4500,12684500,ALCISTA,BID,NO CONFIRMADA,4500.0,2026-10-02,0.3
2026-10-01,MGM,MGM261016P00038000,PUT,38.0,2026-10-16,3117,2064,2244240,ALCISTA,BID,NO CONFIRMADA,2064.0,2026-10-02,0.3
2026-10-01,MGM,MGM280121P00050000,PUT,50.0,2028-01-21,729,4,1261170,ALCISTA,BID,NO CONFIRMADA,4.0,2026-10-02,0.3
2026-10-01,MGM,MGM270617P00047000,PUT,47.0,2027-06-17,975,650,1696500,BAJISTA,ASK,NO CONFIRMADA,650.0,2026-10-02,0.3
2026-10-01,MGM,MGM270319P00045000,PUT,45.0,2027-03-19,285,0,433200,BAJISTA,ASK,PENDIENTE,,,0.3
2026-10-01,MGM,MGM261218P00060000,PUT,60.0,2026-12-18,6082,4055,17333700,ALCISTA,BID,NO CONFIRMADA,4055.0,2026-10-02,0.3
2026-10-01,MGM,MGM270115P00060000,PUT,60.0,2027-01-15,2888,1925,8204808,ALCISTA,BID,NO CONFIRMADA,1925.0,2026-10-02,0.3
2026-10-01,MGM,MGM280121P00055000,PUT,55.0,2028-01-21,468,0,1095120,NEUTRAL,MID,PENDIENTE,,,0.3
2026-10-01,MGM,MGM261016P00042000,PUT,42.0,2026-10-16,1126,751,1384980,BAJISTA,ASK,NO CONFIRMADA,751.0,2026-10-02,0.075
2026-10-01,MGM,MGM261016P00041000,PUT,41.0,2026-10-16,901,206,946050,NEUTRAL,MID,NO CONFIRMADA,206.0,2026-10-02,0.075
2026-10-01,MGM,MGM270617P00055000,PUT,55.0,2027-06-17,154,0,349580,ALCISTA,BID,PENDIENTE,,,0.3
2026-10-01,MGM,MGM261218P00050000,PUT,50.0,2026-12-18,128,85,257280,BAJISTA,ASK,NO CONFIRMADA,85.0,2026-10-02,0.3
2026-10-01,MGM,MGM261218P00045000,PUT,45.0,2026-12-18,334,128,480960,NEUTRAL,MID,NO CONFIRMADA,128.0,2026-10-02,0.3
2026-10-01,LITE,LITE261016P01030000,PUT,1030.0,2026-10-16,257,57,1302990,BAJISTA,ASK,NO CONFIRMADA,57.0,2026-10-02,1.0
2026-10-01,LITE,LITE261016P01050000,PUT,1050.0,2026-10-16,342,240,2127240,BAJISTA,ASK,NO CONFIRMADA,240.0,2026-10-02,1.0
2026-10-01,LITE,LITE270219C01380000,CALL,1380.0,2027-02-19,330,243,3531000,ALCISTA,ASK,NO CONFIRMADA,243.0,2026-10-02,1.0
2026-10-01,LITE,LITE261016P01000000,PUT,1000.0,2026-10-16,1171,660,4391250,NEUTRAL,MID,NO CONFIRMADA,660.0,2026-10-02,1.0
2026-10-01,LITE,LITE261016P01060000,PUT,1060.0,2026-10-16,290,253,1972000,BAJISTA,ASK,NO CONFIRMADA,253.0,2026-10-02,1.0
2026-10-01,LITE,LITE261016P01100000,PUT,1100.0,2026-10-16,203,178,1948800,BAJISTA,ASK,NO CONFIRMADA,178.0,2026-10-02,1.0
2026-10-01,LITE,LITE261009C01100000,CALL,1100.0,2026-10-09,819,528,1801800,NEUTRAL,MID,NO CONFIRMADA,528.0,2026-10-02,1.0
2026-10-01,LITE,LITE270115C01050000,CALL,1050.0,2027-01-15,196,131,3403540,ALCISTA,ASK,NO CONFIRMADA,131.0,2026-10-02,1.0
2026-10-01,LITE,LITE261120C01060000,CALL,1060.0,2026-11-20,154,111,1778700,BAJISTA,BID,NO CONFIRMADA,111.0,2026-10-02,1.0
2026-10-01,LITE,LITE280121P00680000,PUT,680.0,2028-01-21,106,100,1313340,BAJISTA,ASK,NO CONFIRMADA,100.0,2026-10-02,1.0
2026-10-01,LITE,LITE261016C01050000,CALL,1050.0,2026-10-16,660,558,3715800,BAJISTA,BID,NO CONFIRMADA,558.0,2026-10-02,1.0
2026-10-01,LITE,LITE261009C01000000,CALL,1000.0,2026-10-09,208,203,1553760,ALCISTA,ASK,NO CONFIRMADA,203.0,2026-10-02,1.0
2026-10-01,LITE,LITE261009C00980000,CALL,980.0,2026-10-09,141,101,1198500,ALCISTA,ASK,NO CONFIRMADA,101.0,2026-10-02,1.0
2026-10-01,LITE,LITE261009P01010000,PUT,1010.0,2026-10-09,480,419,1248960,NEUTRAL,MID,NO CONFIRMADA,419.0,2026-10-02,1.0
2026-10-01,LITE,LITE261218C01010000,CALL,1010.0,2026-12-18,104,96,1772680,ALCISTA,ASK,NO CONFIRMADA,96.0,2026-10-02,1.0
2026-10-01,LITE,LITE261009C01050000,CALL,1050.0,2026-10-09,382,249,1539460,NEUTRAL,MID,NO CONFIRMADA,249.0,2026-10-02,1.0
2026-10-01,LITE,LITE280121C00880000,CALL,880.0,2028-01-21,139,93,6134070,NEUTRAL,MID,NO CONFIRMADA,93.0,2026-10-02,1.0
2026-10-01,LITE,LITE261218C01040000,CALL,1040.0,2026-12-18,211,143,3132717,NEUTRAL,MID,NO CONFIRMADA,143.0,2026-10-02,1.0
2026-10-01,META,META261009C00740000,CALL,740.0,2026-10-09,2361,916,2415303,BAJISTA,BID,NO CONFIRMADA,916.0,2026-10-02,1.0
2026-10-01,META,META261106C00800000,CALL,800.0,2026-11-06,3939,3520,6420570,BAJISTA,BID,NO CONFIRMADA,3520.0,2026-10-02,1.0
2026-10-01,META,META261009C00730000,CALL,730.0,2026-10-09,1217,717,1697715,BAJISTA,BID,NO CONFIRMADA,717.0,2026-10-02,1.0
2026-10-01,META,META261023P00715000,PUT,715.0,2026-10-23,700,283,1327200,ALCISTA,BID,NO CONFIRMADA,283.0,2026-10-02,1.0
2026-10-01,META,META261016C00745000,CALL,745.0,2026-10-16,984,898,1369728,BAJISTA,BID,NO CONFIRMADA,898.0,2026-10-02,1.0
2026-10-01,MCHP,MCHP261009C00079000,CALL,79.0,2026-10-09,3938,22,909678,ALCISTA,ASK,CONFIRMADA,3857.0,2026-10-02,1.0
2026-10-01,MCHP,MCHP261009C00081000,CALL,81.0,2026-10-09,3944,121,512720,ALCISTA,ASK,CONFIRMADA,3883.0,2026-10-02,1.0
2026-10-01,MCHP,MCHP261030P00078000,PUT,78.0,2026-10-30,808,0,282800,ALCISTA,BID,CONFIRMADA,780.0,2026-10-02,0.25
2026-10-01,MCHP,MCHP261030C00076000,CALL,76.0,2026-10-30,677,2,345270,BAJISTA,BID,CONFIRMADA,679.0,2026-10-02,0.25
2026-10-01,MRNA,MRNA261030C00190000,CALL,190.0,2026-10-30,1843,1206,4237057,ALCISTA,ASK,NO CONFIRMADA,1206.0,2026-10-02,1.0
2026-10-01,MRNA,MRNA261009C00200000,CALL,200.0,2026-10-09,1288,900,644000,ALCISTA,ASK,NO CONFIRMADA,900.0,2026-10-02,1.0
2026-10-01,MRNA,MRNA261009C00197500,CALL,197.5,2026-10-09,2533,2532,1456475,NEUTRAL,MID,NO CONFIRMADA,2532.0,2026-10-02,1.0
2026-10-01,MRNA,MRNA261009P00190000,PUT,190.0,2026-10-09,710,499,639000,NEUTRAL,MID,NO CONFIRMADA,499.0,2026-10-02,1.0
2026-10-01,MRNA,MRNA261120C00290000,CALL,290.0,2026-11-20,997,833,568290,NEUTRAL,MID,NO CONFIRMADA,833.0,2026-10-02,1.0
2026-10-01,MRNA,MRNA261009C00170000,CALL,170.0,2026-10-09,221,181,522223,ALCISTA,ASK,NO CONFIRMADA,181.0,2026-10-02,0.25
2026-10-01,MRNA,MRNA261106P00195000,PUT,195.0,2026-11-06,151,123,386862,ALCISTA,BID,NO CONFIRMADA,123.0,2026-10-02,1.0
2026-10-01,MRNA,MRNA261009C00195000,CALL,195.0,2026-10-09,253,184,164197,NEUTRAL,MID,NO CONFIRMADA,184.0,2026-10-02,0.25
2026-10-01,MOS,MOS261009P00025500,PUT,25.5,2026-10-09,196,160,87612,NEUTRAL,MID,NO CONFIRMADA,25.0,2026-10-02,0.3
2026-10-01,NFLX,NFLX261016P00085000,PUT,85.0,2026-10-16,3069,106,5063850,ALCISTA,BID,NO CONFIRMADA,106.0,2026-10-02,0.3
2026-10-01,NFLX,NFLX261016C00068000,CALL,68.0,2026-10-16,5300,2719,885100,NEUTRAL,MID,NO CONFIRMADA,2719.0,2026-10-02,1.0
2026-10-01,NFLX,NFLX261016P00082500,PUT,82.5,2026-10-16,1851,378,2776500,NEUTRAL,MID,NO CONFIRMADA,378.0,2026-10-02,0.3
2026-10-01,NFLX,NFLX270115P00100000,PUT,100.0,2027-01-15,12712,3854,41250440,BAJISTA,ASK,NO CONFIRMADA,3854.0,2026-10-02,0.3
2026-10-01,NFLX,NFLX271217P00120000,PUT,120.0,2027-12-17,1966,2,9859490,ALCISTA,BID,NO CONFIRMADA,2.0,2026-10-02,0.3
2026-10-01,NFLX,NFLX261218P00100000,PUT,100.0,2026-12-18,2668,56,8444220,NEUTRAL,MID,NO CONFIRMADA,56.0,2026-10-02,0.3
2026-10-01,NFLX,NFLX280121P00120000,PUT,120.0,2028-01-21,507,0,2661750,NEUTRAL,MID,PENDIENTE,,,0.3
2026-10-01,NFLX,NFLX261218P00106000,PUT,106.0,2026-12-18,600,0,2271000,NEUTRAL,MID,PENDIENTE,,,0.3
2026-10-01,NFLX,NFLX270115P00105000,PUT,105.0,2027-01-15,1871,473,6894635,NEUTRAL,MID,NO CONFIRMADA,473.0,2026-10-02,0.3
2026-10-01,NFLX,NFLX280616P00125000,PUT,125.0,2028-06-16,346,0,1996420,NEUTRAL,MID,PENDIENTE,,,0.3
2026-10-01,NFLX,NFLX270617P00112000,PUT,112.0,2027-06-17,447,63,1938639,NEUTRAL,MID,NO CONFIRMADA,63.0,2026-10-02,0.3
2026-10-01,NFLX,NFLX270115P00103000,PUT,103.0,2027-01-15,818,243,2809830,NEUTRAL,MID,NO CONFIRMADA,243.0,2026-10-02,0.3
2026-10-01,NFLX,NFLX261218P00116000,PUT,116.0,2026-12-18,1200,400,5748000,NEUTRAL,MID,NO CONFIRMADA,400.0,2026-10-02,0.3
2026-10-01,NFLX,NFLX270115P00102000,PUT,102.0,2027-01-15,1344,449,4536000,NEUTRAL,MID,NO CONFIRMADA,449.0,2026-10-02,0.3
2026-10-01,NFLX,NFLX270115P00140000,PUT,140.0,2027-01-15,600,200,4281000,NEUTRAL,MID,NO CONFIRMADA,200.0,2026-10-02,0.3
2026-10-01,NFLX,NFLX270115P00118000,PUT,118.0,2027-01-15,786,262,3867120,NEUTRAL,MID,NO CONFIRMADA,262.0,2026-10-02,0.3
2026-10-01,NFLX,NFLX261218P00098000,PUT,98.0,2026-12-18,2383,807,7172830,NEUTRAL,MID,NO CONFIRMADA,807.0,2026-10-02,0.3
2026-10-01,NFLX,NFLX270115P00120000,PUT,120.0,2027-01-15,584,195,2990080,NEUTRAL,MID,NO CONFIRMADA,195.0,2026-10-02,0.3
2026-10-01,NFLX,NFLX261218P00110000,PUT,110.0,2026-12-18,708,235,2955900,NEUTRAL,MID,NO CONFIRMADA,235.0,2026-10-02,0.3
2026-10-01,NFLX,NFLX270115P00099000,PUT,99.0,2027-01-15,1011,372,3080517,NEUTRAL,MID,NO CONFIRMADA,372.0,2026-10-02,0.3
2026-10-01,NFLX,NFLX261218P00107000,PUT,107.0,2026-12-18,3246,1210,12662646,NEUTRAL,MID,NO CONFIRMADA,1210.0,2026-10-02,0.3
2026-10-01,NFLX,NFLX261218P00097000,PUT,97.0,2026-12-18,597,146,1683540,NEUTRAL,MID,NO CONFIRMADA,146.0,2026-10-02,0.3
2026-10-01,NFLX,NFLX270115P00124000,PUT,124.0,2027-01-15,450,150,2504250,NEUTRAL,MID,NO CONFIRMADA,150.0,2026-10-02,0.3
2026-10-01,NFLX,NFLX270115P00112000,PUT,112.0,2027-01-15,426,122,1853100,NEUTRAL,MID,NO CONFIRMADA,122.0,2026-10-02,0.3
2026-10-01,NFLX,NFLX270115P00116000,PUT,116.0,2027-01-15,464,155,2222560,NEUTRAL,MID,NO CONFIRMADA,155.0,2026-10-02,0.3
2026-10-01,NFLX,NFLX261218P00114000,PUT,114.0,2026-12-18,200,40,919000,NEUTRAL,MID,NO CONFIRMADA,40.0,2026-10-02,0.3
2026-10-01,NFLX,NFLX270115P00122000,PUT,122.0,2027-01-15,428,180,2311200,NEUTRAL,MID,NO CONFIRMADA,180.0,2026-10-02,0.3
2026-10-01,NFLX,NFLX261218P00105000,PUT,105.0,2026-12-18,585,329,2152800,NEUTRAL,MID,NO CONFIRMADA,329.0,2026-10-02,0.3
2026-10-01,NFLX,NFLX270115P00110000,PUT,110.0,2027-01-15,296,99,1229880,NEUTRAL,MID,NO CONFIRMADA,99.0,2026-10-02,0.3
2026-10-01,NFLX,NFLX270115P00111000,PUT,111.0,2027-01-15,204,68,876180,NEUTRAL,MID,NO CONFIRMADA,68.0,2026-10-02,0.3
2026-10-01,NFLX,NFLX270115P00109000,PUT,109.0,2027-01-15,242,93,971630,NEUTRAL,MID,NO CONFIRMADA,93.0,2026-10-02,0.3
2026-10-01,NFLX,NFLX270319P00105000,PUT,105.0,2027-03-19,351,300,1272375,ALCISTA,BID,NO CONFIRMADA,300.0,2026-10-02,0.075
2026-10-01,NFLX,NFLX270319P00110000,PUT,110.0,2027-03-19,297,198,1247697,NEUTRAL,MID,NO CONFIRMADA,198.0,2026-10-02,0.075
2026-10-01,NEE,NEE270917P00072500,PUT,72.5,2027-09-17,200,9,113400,BAJISTA,ASK,CONFIRMADA,206.0,2026-10-02,1.0
2026-10-01,NEE,NEE270219C00080000,CALL,80.0,2027-02-19,2046,413,666996,BAJISTA,BID,CONFIRMADA,2153.0,2026-10-02,0.25
2026-10-01,NEE,NEE270219P00067500,PUT,67.5,2027-02-19,2164,0,324600,NEUTRAL,MID,CONFIRMADA,1879.0,2026-10-02,0.25
2026-10-01,NEE,NEE261030C00075000,CALL,75.0,2026-10-30,202,64,54944,BAJISTA,BID,NO CONFIRMADA,64.0,2026-10-02,1.0
2026-10-01,NEE,NEE261009P00081000,PUT,81.0,2026-10-09,239,239,127865,BAJISTA,ASK,NO CONFIRMADA,101.0,2026-10-02,0.3
2026-10-01,MNST,MNST270917P00030000,PUT,30.0,2027-09-17,800,186,64000,NEUTRAL,MID,CONFIRMADA,986.0,2026-10-02,1.0
2026-10-01,MS,MS261016P00220000,PUT,220.0,2026-10-16,1089,421,3482622,NEUTRAL,MID,NO CONFIRMADA,421.0,2026-10-02,0.3
2026-10-01,MS,MS261023C00205000,CALL,205.0,2026-10-23,1288,1094,162288,ALCISTA,ASK,NO CONFIRMADA,1094.0,2026-10-02,1.0
2026-10-01,MS,MS261016P00230000,PUT,230.0,2026-10-16,346,91,1456660,NEUTRAL,MID,NO CONFIRMADA,91.0,2026-10-02,0.3
2026-10-01,MS,MS261009C00190000,CALL,190.0,2026-10-09,359,243,86160,BAJISTA,BID,NO CONFIRMADA,243.0,2026-10-02,1.0
2026-10-01,MS,MS270319C00195000,CALL,195.0,2027-03-19,184,168,242880,BAJISTA,BID,NO CONFIRMADA,168.0,2026-10-02,1.0
2026-10-01,MS,MS261009C00195000,CALL,195.0,2026-10-09,1451,1313,142198,NEUTRAL,MID,NO CONFIRMADA,1313.0,2026-10-02,1.0
2026-10-01,MS,MS261009C00187500,CALL,187.5,2026-10-09,1072,979,380560,NEUTRAL,MID,NO CONFIRMADA,979.0,2026-10-02,1.0
2026-10-01,MS,MS261218C00170000,CALL,170.0,2026-12-18,531,309,1182006,NEUTRAL,MID,NO CONFIRMADA,309.0,2026-10-02,0.25
2026-10-01,MS,MS261009P00205000,PUT,205.0,2026-10-09,164,43,277980,NEUTRAL,MID,NO CONFIRMADA,43.0,2026-10-02,0.3
2026-10-01,MS,MS261218C00180000,CALL,180.0,2026-12-18,471,393,725340,BAJISTA,BID,NO CONFIRMADA,393.0,2026-10-02,0.25
2026-10-01,MS,MS261016C00187500,CALL,187.5,2026-10-16,143,117,83369,BAJISTA,BID,NO CONFIRMADA,117.0,2026-10-02,1.0
2026-10-01,MSI,MSI261120C00450000,CALL,450.0,2026-11-20,602,4,1228080,BAJISTA,BID,CONFIRMADA,600.0,2026-10-02,1.0
2026-10-01,NCLH,NCLH270115P00030000,PUT,30.0,2027-01-15,508,339,800100,BAJISTA,ASK,NO CONFIRMADA,339.0,2026-10-02,0.3
2026-10-01,NCLH,NCLH261009P00018000,PUT,18.0,2026-10-09,230,66,79350,BAJISTA,ASK,NO CONFIRMADA,66.0,2026-10-02,0.3
2026-10-01,NKE,NKE261016C00038000,CALL,38.0,2026-10-16,3138,3126,279282,BAJISTA,BID,NO CONFIRMADA,3126.0,2026-10-02,1.0
2026-10-01,NKE,NKE261009C00035500,CALL,35.5,2026-10-09,1680,1305,275520,ALCISTA,ASK,NO CONFIRMADA,1305.0,2026-10-02,0.25
2026-10-01,NKE,NKE261016P00034500,PUT,34.5,2026-10-16,4562,2201,679738,NEUTRAL,MID,NO CONFIRMADA,2201.0,2026-10-02,1.0
2026-10-01,NKE,NKE261016P00031500,PUT,31.5,2026-10-16,4201,2123,172241,NEUTRAL,MID,NO CONFIRMADA,2123.0,2026-10-02,1.0
2026-10-01,NKE,NKE261009C00040000,CALL,40.0,2026-10-09,4809,4749,206787,ALCISTA,ASK,NO CONFIRMADA,4749.0,2026-10-02,0.25
2026-10-01,NKE,NKE261016P00034000,PUT,34.0,2026-10-16,5142,4879,678744,NEUTRAL,MID,NO CONFIRMADA,4879.0,2026-10-02,1.0
2026-10-01,NKE,NKE261009C00033500,CALL,33.5,2026-10-09,871,867,240396,NEUTRAL,MID,NO CONFIRMADA,867.0,2026-10-02,1.0
2026-10-01,NKE,NKE261016C00035500,CALL,35.5,2026-10-16,1325,1325,230550,NEUTRAL,MID,NO CONFIRMADA,1325.0,2026-10-02,1.0
2026-10-01,NKE,NKE261009C00035000,CALL,35.0,2026-10-09,2097,1869,390042,BAJISTA,BID,NO CONFIRMADA,1869.0,2026-10-02,0.25
2026-10-01,NKE,NKE261009C00037500,CALL,37.5,2026-10-09,2105,1561,199975,NEUTRAL,MID,NO CONFIRMADA,1561.0,2026-10-02,0.25
2026-10-01,NKE,NKE261009P00035500,PUT,35.5,2026-10-09,2430,1538,486000,NEUTRAL,MID,NO CONFIRMADA,1538.0,2026-10-02,0.25
2026-10-01,NOC,NOC280121C00530000,CALL,530.0,2028-01-21,300,33,1560000,NEUTRAL,MID,CONFIRMADA,333.0,2026-10-02,1.0
2026-10-01,NOC,NOC270219P00420000,PUT,420.0,2027-02-19,226,24,228260,BAJISTA,ASK,CONFIRMADA,206.0,2026-10-02,1.0
2026-10-01,MU,MU261007C01050000,CALL,1050.0,2026-10-07,2302,517,13581800,ALCISTA,ASK,NO CONFIRMADA,517.0,2026-10-02,0.5
2026-10-01,MU,MU261005C01100000,CALL,1100.0,2026-10-05,8718,2486,17932926,NEUTRAL,MID,NO CONFIRMADA,2486.0,2026-10-02,0.5
2026-10-01,MU,MU261005C01040000,CALL,1040.0,2026-10-05,2077,412,12813013,NEUTRAL,MID,NO CONFIRMADA,412.0,2026-10-02,0.5
2026-10-01,MU,MU261009C01100000,CALL,1100.0,2026-10-09,8049,3419,27165375,NEUTRAL,MID,NO CONFIRMADA,3419.0,2026-10-02,1.0
2026-10-01,MU,MU261009C01050000,CALL,1050.0,2026-10-09,3892,2094,24784256,ALCISTA,ASK,NO CONFIRMADA,2094.0,2026-10-02,1.0
2026-10-01,MU,MU261016P01050000,PUT,1050.0,2026-10-16,7011,6585,17141895,ALCISTA,BID,NO CONFIRMADA,6585.0,2026-10-02,1.0
2026-10-01,MU,MU261016C01150000,CALL,1150.0,2026-10-16,15786,10190,43411500,NEUTRAL,MID,NO CONFIRMADA,10190.0,2026-10-02,1.0
2026-10-01,MU,MU261005C01060000,CALL,1060.0,2026-10-05,2766,998,12449766,NEUTRAL,MID,NO CONFIRMADA,998.0,2026-10-02,0.5
2026-10-01,MU,MU261005C01050000,CALL,1050.0,2026-10-05,2692,1021,14267600,NEUTRAL,MID,NO CONFIRMADA,1021.0,2026-10-02,0.5
2026-10-01,MU,MU280616C01100000,CALL,1100.0,2028-06-16,1279,939,44308397,NEUTRAL,MID,NO CONFIRMADA,939.0,2026-10-02,1.0
2026-10-01,MU,MU280616C01200000,CALL,1200.0,2028-06-16,1269,1199,39717162,NEUTRAL,MID,NO CONFIRMADA,1199.0,2026-10-02,1.0
2026-10-01,MU,MU280121P01200000,PUT,1200.0,2028-01-21,1275,714,39633375,NEUTRAL,MID,NO CONFIRMADA,714.0,2026-10-02,1.0
2026-10-01,MU,MU280616C00900000,CALL,900.0,2028-06-16,1297,908,55763218,NEUTRAL,MID,NO CONFIRMADA,908.0,2026-10-02,1.0
2026-10-01,MU,MU261218C01050000,CALL,1050.0,2026-12-18,2705,2130,37058500,NEUTRAL,MID,NO CONFIRMADA,2130.0,2026-10-02,1.0
2026-10-01,MU,MU280616C01000000,CALL,1000.0,2028-06-16,1275,1161,49183125,NEUTRAL,MID,NO CONFIRMADA,1161.0,2026-10-02,1.0
2026-10-01,OXY,OXY270917C00075000,CALL,75.0,2027-09-17,1903,1100,580415,NEUTRAL,MID,NO CONFIRMADA,1100.0,2026-10-02,1.0
2026-10-01,OMC,OMC261218C00080000,CALL,80.0,2026-12-18,323,112,84949,ALCISTA,ASK,CONFIRMADA,375.0,2026-10-02,1.0
2026-10-01,MSFT,MSFT270319C00620000,CALL,620.0,2027-03-19,2619,2111,3522555,ALCISTA,ASK,NO CONFIRMADA,2111.0,2026-10-02,1.0
2026-10-01,MSFT,MSFT280121C00225000,CALL,225.0,2028-01-21,212,145,6413000,ALCISTA,ASK,NO CONFIRMADA,145.0,2026-10-02,0.3
2026-10-01,MSFT,MSFT280121C00195000,CALL,195.0,2028-01-21,324,265,10685520,ALCISTA,ASK,NO CONFIRMADA,265.0,2026-10-02,0.3
2026-10-01,MSFT,MSFT280121C00210000,CALL,210.0,2028-01-21,120,106,3794280,ALCISTA,ASK,NO CONFIRMADA,106.0,2026-10-02,0.3
2026-10-01,MSFT,MSFT261106C00435000,CALL,435.0,2026-11-06,120,42,1023000,ALCISTA,ASK,NO CONFIRMADA,42.0,2026-10-02,0.3
2026-10-01,NVDA,NVDA261005P00232500,PUT,232.5,2026-10-05,8980,980,2918500,BAJISTA,ASK,NO CONFIRMADA,980.0,2026-10-02,0.5
2026-10-01,NVDA,NVDA261005P00230000,PUT,230.0,2026-10-05,34441,3868,6406026,ALCISTA,BID,NO CONFIRMADA,3868.0,2026-10-02,0.5
2026-10-01,NVDA,NVDA261005C00232500,CALL,232.5,2026-10-05,21959,5531,3798907,ALCISTA,ASK,NO CONFIRMADA,5531.0,2026-10-02,0.5
2026-10-01,NVDA,NVDA261005C00235000,CALL,235.0,2026-10-05,24243,13900,2157627,ALCISTA,ASK,NO CONFIRMADA,13900.0,2026-10-02,0.5
2026-10-01,NVDA,NVDA261005C00230000,CALL,230.0,2026-10-05,18751,9186,5625300,ALCISTA,ASK,NO CONFIRMADA,9186.0,2026-10-02,0.5
2026-10-01,NVDA,NVDA261009P00240000,PUT,240.0,2026-10-09,4351,1085,4333596,BAJISTA,ASK,NO CONFIRMADA,1085.0,2026-10-02,0.25
2026-10-01,NVDA,NVDA261007C00227500,CALL,227.5,2026-10-07,4033,920,2177820,BAJISTA,BID,NO CONFIRMADA,920.0,2026-10-02,0.5
2026-10-01,NVDA,NVDA261009P00227500,PUT,227.5,2026-10-09,11629,7545,2907250,BAJISTA,ASK,NO CONFIRMADA,7545.0,2026-10-02,0.25
2026-10-01,NVDA,NVDA261005P00242500,PUT,242.5,2026-10-05,4879,56,5713309,BAJISTA,ASK,NO CONFIRMADA,56.0,2026-10-02,0.15
2026-10-01,NVDA,NVDA261007P00230000,PUT,230.0,2026-10-07,9177,8470,2615445,BAJISTA,ASK,NO CONFIRMADA,8470.0,2026-10-02,0.125
2026-10-01,NVDA,NVDA261009C00235000,CALL,235.0,2026-10-09,33128,29942,7818208,NEUTRAL,MID,NO CONFIRMADA,29942.0,2026-10-02,1.0
2026-10-01,NVDA,NVDA261007C00230000,CALL,230.0,2026-10-07,10903,2467,4143140,BAJISTA,BID,NO CONFIRMADA,2467.0,2026-10-02,0.125
2026-10-01,NVDA,NVDA261009C00230000,CALL,230.0,2026-10-09,22600,16135,10260400,BAJISTA,BID,NO CONFIRMADA,16135.0,2026-10-02,1.0
2026-10-01,NVDA,NVDA270416P00230000,PUT,230.0,2027-04-16,1407,860,3048969,NEUTRAL,MID,NO CONFIRMADA,860.0,2026-10-02,1.0
2026-10-01,NVDA,NVDA261009P00242500,PUT,242.5,2026-10-09,6520,1857,7269800,ALCISTA,BID,NO CONFIRMADA,1857.0,2026-10-02,0.25
2026-10-01,NVDA,NVDA261009C00207500,CALL,207.5,2026-10-09,1012,187,2613996,ALCISTA,ASK,NO CONFIRMADA,187.0,2026-10-02,0.075
2026-10-01,NVDA,NVDA261009C00217500,CALL,217.5,2026-10-09,7301,2997,9929360,BAJISTA,BID,NO CONFIRMADA,2997.0,2026-10-02,0.25
2026-10-01,NVDA,NVDA261009P00245000,PUT,245.0,2026-10-09,4701,348,6426267,ALCISTA,BID,NO CONFIRMADA,348.0,2026-10-02,0.075
2026-10-01,NVDA,NVDA261009P00247500,PUT,247.5,2026-10-09,2636,277,4059440,ALCISTA,BID,NO CONFIRMADA,277.0,2026-10-02,0.075
2026-10-01,NVDA,NVDA261106C00230000,CALL,230.0,2026-11-06,2309,2040,2299764,NEUTRAL,MID,NO CONFIRMADA,2040.0,2026-10-02,1.0
2026-10-01,NVDA,NVDA261009C00232500,CALL,232.5,2026-10-09,8059,4453,2715883,NEUTRAL,MID,NO CONFIRMADA,4453.0,2026-10-02,0.25
2026-10-01,NVDA,NVDA261009C00212500,CALL,212.5,2026-10-09,3877,598,7420578,NEUTRAL,MID,NO CONFIRMADA,598.0,2026-10-02,0.075
2026-10-01,NVDA,NVDA261009C00210000,CALL,210.0,2026-10-09,2248,1105,4788240,BAJISTA,BID,NO CONFIRMADA,1105.0,2026-10-02,0.075
2026-10-01,PAYX,PAYX261120C00105000,CALL,105.0,2026-11-20,343,32,89180,NEUTRAL,MID,CONFIRMADA,370.0,2026-10-02,1.0
2026-10-01,PAYX,PAYX261016C00105000,CALL,105.0,2026-10-16,1120,342,105280,NEUTRAL,MID,CONFIRMADA,1142.0,2026-10-02,1.0
2026-10-01,PSKY,PSKY261009P00009500,PUT,9.5,2026-10-09,5529,5080,210102,NEUTRAL,MID,NO CONFIRMADA,5080.0,2026-10-02,1.0
2026-10-01,PSKY,PSKY270617C00009000,CALL,9.0,2027-06-17,1000,1000,196000,NEUTRAL,MID,NO CONFIRMADA,1000.0,2026-10-02,1.0
2026-10-01,ON,ON261030P00082000,PUT,82.0,2026-10-30,546,546,431340,BAJISTA,ASK,NO CONFIRMADA,546.0,2026-10-02,1.0
2026-10-01,ON,ON261009C00081000,CALL,81.0,2026-10-09,2633,2633,618755,ALCISTA,ASK,NO CONFIRMADA,2633.0,2026-10-02,0.25
2026-10-01,ON,ON261030P00079000,PUT,79.0,2026-10-30,408,407,249696,BAJISTA,ASK,NO CONFIRMADA,407.0,2026-10-02,0.25
2026-10-01,ON,ON261009C00079000,CALL,79.0,2026-10-09,2642,2627,840156,NEUTRAL,MID,NO CONFIRMADA,2627.0,2026-10-02,0.25
2026-10-01,ON,ON261016C00081000,CALL,81.0,2026-10-16,491,479,157611,NEUTRAL,MID,NO CONFIRMADA,479.0,2026-10-02,1.0
2026-10-01,ON,ON261030C00081000,CALL,81.0,2026-10-30,425,422,209100,NEUTRAL,MID,NO CONFIRMADA,422.0,2026-10-02,0.25
2026-10-01,ORCL,ORCL261009C00140000,CALL,140.0,2026-10-09,3031,2125,924455,NEUTRAL,MID,NO CONFIRMADA,2125.0,2026-10-02,1.0
2026-10-01,ORCL,ORCL261030P00136000,PUT,136.0,2026-10-30,557,367,399926,NEUTRAL,MID,NO CONFIRMADA,367.0,2026-10-02,1.0
2026-10-01,PYPL,PYPL261009P00053000,PUT,53.0,2026-10-09,1573,1316,152581,ALCISTA,BID,NO CONFIRMADA,1316.0,2026-10-02,1.0
2026-10-01,PYPL,PYPL261016C00056000,CALL,56.0,2026-10-16,4040,3697,242400,NEUTRAL,MID,NO CONFIRMADA,3697.0,2026-10-02,1.0
2026-10-01,PCG,PCG261120C00014000,CALL,14.0,2026-11-20,12196,9956,390272,ALCISTA,ASK,CONFIRMADA,21468.0,2026-10-02,1.0
2026-10-01,PCG,PCG261016P00018000,PUT,18.0,2026-10-16,3820,2547,2272900,BAJISTA,ASK,NO CONFIRMADA,111.0,2026-10-02,0.3
2026-10-01,PCG,PCG261016P00016000,PUT,16.0,2026-10-16,5193,3462,2051235,BAJISTA,ASK,NO CONFIRMADA,3461.0,2026-10-02,0.3
2026-10-01,PCG,PCG280121P00010000,PUT,10.0,2028-01-21,1710,667,188100,BAJISTA,ASK,CONFIRMADA,2352.0,2026-10-02,1.0
2026-10-01,PCG,PCG270115P00010000,PUT,10.0,2027-01-15,5511,611,203907,NEUTRAL,MID,CONFIRMADA,5111.0,2026-10-02,1.0
2026-10-01,PCG,PCG261016P00017000,PUT,17.0,2026-10-16,12894,8591,6382530,NEUTRAL,MID,NO CONFIRMADA,7407.0,2026-10-02,0.3
2026-10-01,PCG,PCG261016P00015000,PUT,15.0,2026-10-16,15003,12733,4200840,NEUTRAL,MID,NO CONFIRMADA,12676.0,2026-10-02,0.3
2026-10-01,PCG,PCG261120C00012000,CALL,12.0,2026-11-20,5047,5036,484512,NEUTRAL,MID,CONFIRMADA,7727.0,2026-10-02,1.0
2026-10-01,PCG,PCG261023C00001000,CALL,1.0,2026-10-23,177,4,198417,BAJISTA,BID,CONFIRMADA,181.0,2026-10-02,0.3
2026-10-01,PEP,PEP261016P00150000,PUT,150.0,2026-10-16,489,151,1171155,NEUTRAL,MID,NO CONFIRMADA,151.0,2026-10-02,0.3
2026-10-01,PEP,PEP261016P00145000,PUT,145.0,2026-10-16,333,122,642690,NEUTRAL,MID,NO CONFIRMADA,122.0,2026-10-02,0.3
2026-10-01,PEP,PEP261016P00155000,PUT,155.0,2026-10-16,148,49,427720,NEUTRAL,MID,NO CONFIRMADA,49.0,2026-10-02,0.3
2026-10-01,PEP,PEP261009P00126000,PUT,126.0,2026-10-09,333,242,82917,NEUTRAL,MID,NO CONFIRMADA,242.0,2026-10-02,1.0
2026-10-01,PPL,PPL261120C00033000,CALL,33.0,2026-11-20,3056,58,244480,BAJISTA,BID,CONFIRMADA,2055.0,2026-10-02,1.0
2026-10-01,PM,PM261120C00150000,CALL,150.0,2026-11-20,652,4,2418920,BAJISTA,BID,NO CONFIRMADA,4.0,2026-10-02,0.3
2026-10-01,PM,PM270617C00100000,CALL,100.0,2027-06-17,505,0,4408650,BAJISTA,BID,PENDIENTE,,,0.3
2026-10-01,PM,PM261120C00120000,CALL,120.0,2026-11-20,365,38,2492950,NEUTRAL,MID,NO CONFIRMADA,38.0,2026-10-02,0.3
2026-10-01,PM,PM261120C00125000,CALL,125.0,2026-11-20,365,39,2310450,NEUTRAL,MID,NO CONFIRMADA,39.0,2026-10-02,0.3
2026-10-01,PM,PM261016C00172500,CALL,172.5,2026-10-16,920,0,1536400,NEUTRAL,MID,PENDIENTE,,,0.3
2026-10-01,PM,PM270115C00100000,CALL,100.0,2027-01-15,500,6,4410000,NEUTRAL,MID,NO CONFIRMADA,6.0,2026-10-02,0.3
2026-10-01,PM,PM261218C00095000,CALL,95.0,2026-12-18,450,0,4189500,NEUTRAL,MID,PENDIENTE,,,0.3
2026-10-01,PM,PM270115C00105000,CALL,105.0,2027-01-15,275,1,2285250,NEUTRAL,MID,NO CONFIRMADA,1.0,2026-10-02,0.3
2026-10-01,PM,PM261218C00110000,CALL,110.0,2026-12-18,285,0,2231550,NEUTRAL,MID,PENDIENTE,,,0.3
2026-10-01,PM,PM261120C00135000,CALL,135.0,2026-11-20,170,13,901000,BAJISTA,BID,NO CONFIRMADA,13.0,2026-10-02,0.3
2026-10-01,PM,PM270115C00110000,CALL,110.0,2027-01-15,1010,7,7878000,BAJISTA,BID,NO CONFIRMADA,7.0,2026-10-02,0.075
2026-10-01,PM,PM280121C00095000,CALL,95.0,2028-01-21,743,0,6895040,BAJISTA,BID,PENDIENTE,,,0.075
2026-10-01,PM,PM261218C00115000,CALL,115.0,2026-12-18,235,0,1722550,NEUTRAL,MID,PENDIENTE,,,0.3
2026-10-01,PM,PM261120C00110000,CALL,110.0,2026-11-20,115,0,898150,NEUTRAL,MID,PENDIENTE,,,0.3
2026-10-01,PM,PM270115C00115000,CALL,115.0,2027-01-15,968,101,7095440,NEUTRAL,MID,NO CONFIRMADA,101.0,2026-10-02,0.075
2026-10-01,PM,PM261218C00130000,CALL,130.0,2026-12-18,200,1,1160000,NEUTRAL,MID,NO CONFIRMADA,1.0,2026-10-02,0.3
2026-10-01,PM,PM261016C00170000,CALL,170.0,2026-10-16,160,0,288000,BAJISTA,BID,PENDIENTE,,,0.3
2026-10-01,PM,PM280121C00100000,CALL,100.0,2028-01-21,626,144,5502540,NEUTRAL,MID,NO CONFIRMADA,144.0,2026-10-02,0.075
2026-10-01,PM,PM261120C00140000,CALL,140.0,2026-11-20,195,16,936000,BAJISTA,BID,NO CONFIRMADA,16.0,2026-10-02,0.075
2026-10-01,PM,PM270115C00120000,CALL,120.0,2027-01-15,101,5,685588,NEUTRAL,MID,NO CONFIRMADA,5.0,2026-10-02,0.3
2026-10-01,PM,PM261120C00145000,CALL,145.0,2026-11-20,231,22,1007160,NEUTRAL,MID,NO CONFIRMADA,22.0,2026-10-02,0.075
2026-10-01,PM,PM261009C00175000,CALL,175.0,2026-10-09,150,0,199500,NEUTRAL,MID,PENDIENTE,,,0.3
2026-10-01,PLD,PLD261120C00135000,CALL,135.0,2026-11-20,919,290,229750,NEUTRAL,MID,CONFIRMADA,956.0,2026-10-02,1.0
2026-10-01,PLD,PLD270617P00130000,PUT,130.0,2027-06-17,110,66,119130,BAJISTA,ASK,CONFIRMADA,175.0,2026-10-02,1.0
2026-10-01,PANW,PANW280616P00340000,PUT,340.0,2028-06-16,206,204,1411100,NEUTRAL,MID,NO CONFIRMADA,204.0,2026-10-02,1.0
2026-10-01,PTC,PTC261016P00140000,PUT,140.0,2026-10-16,961,916,249860,NEUTRAL,MID,NO CONFIRMADA,916.0,2026-10-02,1.0
2026-10-01,PG,PG261016C00148000,CALL,148.0,2026-10-16,15305,14103,1362145,ALCISTA,ASK,NO CONFIRMADA,14103.0,2026-10-02,1.0
2026-10-01,PG,PG261016C00144000,CALL,144.0,2026-10-16,338,310,78754,BAJISTA,BID,NO CONFIRMADA,310.0,2026-10-02,1.0
2026-10-01,PRU,PRU261016C00115000,CALL,115.0,2026-10-16,641,493,92304,NEUTRAL,MID,CONFIRMADA,921.0,2026-10-02,1.0
2026-10-01,PWR,PWR261016C00710000,CALL,710.0,2026-10-16,749,726,352030,BAJISTA,BID,NO CONFIRMADA,726.0,2026-10-02,1.0
2026-10-01,QCOM,QCOM261009C00182500,CALL,182.5,2026-10-09,1067,113,506825,ALCISTA,ASK,NO CONFIRMADA,113.0,2026-10-02,0.25
2026-10-01,QCOM,QCOM261009C00187500,CALL,187.5,2026-10-09,1816,1546,483056,BAJISTA,BID,NO CONFIRMADA,1546.0,2026-10-02,0.25
2026-10-01,QCOM,QCOM261106C00185000,CALL,185.0,2026-11-06,191,124,223470,NEUTRAL,MID,NO CONFIRMADA,124.0,2026-10-02,1.0
2026-10-01,QCOM,QCOM261009C00195000,CALL,195.0,2026-10-09,804,586,86028,NEUTRAL,MID,NO CONFIRMADA,586.0,2026-10-02,1.0
2026-10-01,RL,RL270617C00350000,CALL,350.0,2027-06-17,136,92,743920,NEUTRAL,MID,NO CONFIRMADA,92.0,2026-10-02,1.0
2026-10-01,RVTY,RVTY261016P00150000,PUT,150.0,2026-10-16,170,102,59500,ALCISTA,BID,CONFIRMADA,229.0,2026-10-02,1.0
2026-10-01,ROL,ROL270521C00032500,CALL,32.5,2027-05-21,200,103,52800,BAJISTA,BID,CONFIRMADA,303.0,2026-10-02,1.0
2026-10-01,ROL,ROL270521C00030000,CALL,30.0,2027-05-21,276,81,99360,NEUTRAL,MID,CONFIRMADA,353.0,2026-10-02,1.0
2026-10-01,O,O261016P00062500,PUT,62.5,2026-10-16,214,132,189818,NEUTRAL,MID,NO CONFIRMADA,132.0,2026-10-02,0.3
2026-10-01,O,O261218C00047500,CALL,47.5,2026-12-18,111,111,72150,NEUTRAL,MID,NO CONFIRMADA,111.0,2026-10-02,0.3
2026-10-01,RCL,RCL261113C00295000,CALL,295.0,2026-11-13,215,215,187050,BAJISTA,BID,NO CONFIRMADA,215.0,2026-10-02,1.0
2026-10-01,CRM,CRM261009P00225000,PUT,225.0,2026-10-09,781,429,109340,BAJISTA,ASK,NO CONFIRMADA,429.0,2026-10-02,1.0
2026-10-01,RDDT,RDDT270115P00310000,PUT,310.0,2027-01-15,530,488,8583350,BAJISTA,ASK,NO CONFIRMADA,488.0,2026-10-02,0.3
2026-10-01,RDDT,RDDT261009C00157500,CALL,157.5,2026-10-09,402,394,94872,ALCISTA,ASK,NO CONFIRMADA,394.0,2026-10-02,1.0
2026-10-01,RDDT,RDDT261009C00142000,CALL,142.0,2026-10-09,108,23,104004,NEUTRAL,MID,NO CONFIRMADA,23.0,2026-10-02,1.0
2026-10-01,RDDT,RDDT261009C00145000,CALL,145.0,2026-10-09,220,170,169620,ALCISTA,ASK,NO CONFIRMADA,170.0,2026-10-02,0.25
2026-10-01,RDDT,RDDT261009C00147000,CALL,147.0,2026-10-09,169,148,108498,NEUTRAL,MID,NO CONFIRMADA,148.0,2026-10-02,1.0
2026-10-01,RDDT,RDDT261009C00148000,CALL,148.0,2026-10-09,141,115,80793,NEUTRAL,MID,NO CONFIRMADA,115.0,2026-10-02,1.0
2026-10-01,RDDT,RDDT261009C00149000,CALL,149.0,2026-10-09,238,207,126140,NEUTRAL,MID,NO CONFIRMADA,207.0,2026-10-02,0.25
2026-10-01,SBAC,SBAC270319C00175000,CALL,175.0,2027-03-19,150,2,70500,BAJISTA,BID,CONFIRMADA,151.0,2026-10-02,1.0
2026-10-01,SNDK,SNDK261009C01780000,CALL,1780.0,2026-10-09,677,134,4972565,ALCISTA,ASK,NO CONFIRMADA,134.0,2026-10-02,0.25
2026-10-01,SNDK,SNDK261009C01730000,CALL,1730.0,2026-10-09,264,102,2691216,ALCISTA,ASK,NO CONFIRMADA,102.0,2026-10-02,1.0
2026-10-01,SNDK,SNDK280121P01320000,PUT,1320.0,2028-01-21,202,128,4793460,BAJISTA,ASK,NO CONFIRMADA,128.0,2026-10-02,1.0
2026-10-01,SNDK,SNDK261009C01800000,CALL,1800.0,2026-10-09,1171,559,7201650,NEUTRAL,MID,NO CONFIRMADA,559.0,2026-10-02,1.0
2026-10-01,SNDK,SNDK261009C01900000,CALL,1900.0,2026-10-09,1237,924,3463600,NEUTRAL,MID,NO CONFIRMADA,924.0,2026-10-02,1.0
2026-10-01,SNDK,SNDK261120C01870000,CALL,1870.0,2026-11-20,315,271,4063500,BAJISTA,BID,NO CONFIRMADA,271.0,2026-10-02,1.0
2026-10-01,SNDK,SNDK261009C02000000,CALL,2000.0,2026-10-09,1965,1117,2436600,NEUTRAL,MID,NO CONFIRMADA,1117.0,2026-10-02,1.0
2026-10-01,SNDK,SNDK261009C01750000,CALL,1750.0,2026-10-09,793,311,7002983,ALCISTA,ASK,NO CONFIRMADA,311.0,2026-10-02,0.25
2026-10-01,SNDK,SNDK261106P01700000,PUT,1700.0,2026-11-06,214,104,2335596,NEUTRAL,MID,NO CONFIRMADA,104.0,2026-10-02,1.0
2026-10-01,SNDK,SNDK261009C01740000,CALL,1740.0,2026-10-09,299,132,2855450,ALCISTA,ASK,NO CONFIRMADA,132.0,2026-10-02,0.25
2026-10-01,SNDK,SNDK270319C01500000,CALL,1500.0,2027-03-19,154,132,7469000,ALCISTA,ASK,NO CONFIRMADA,132.0,2026-10-02,1.0
2026-10-01,SNDK,SNDK270319P02000000,PUT,2000.0,2027-03-19,108,97,4733856,BAJISTA,ASK,NO CONFIRMADA,97.0,2026-10-02,1.0
2026-10-01,SNDK,SNDK261009C01850000,CALL,1850.0,2026-10-09,789,503,3357195,NEUTRAL,MID,NO CONFIRMADA,503.0,2026-10-02,0.25
2026-10-01,SNDK,SNDK261016C01750000,CALL,1750.0,2026-10-16,737,625,8521194,NEUTRAL,MID,NO CONFIRMADA,625.0,2026-10-02,1.0
2026-10-01,SNDK,SNDK261218C01730000,CALL,1730.0,2026-12-18,152,116,3844384,BAJISTA,BID,NO CONFIRMADA,116.0,2026-10-02,1.0
2026-10-01,SNDK,SNDK270115C01320000,CALL,1320.0,2027-01-15,150,137,7440000,BAJISTA,BID,NO CONFIRMADA,137.0,2026-10-02,1.0
2026-10-01,SNDK,SNDK261009C01700000,CALL,1700.0,2026-10-09,342,225,4138200,NEUTRAL,MID,NO CONFIRMADA,225.0,2026-10-02,0.25
2026-10-01,SNDK,SNDK261009P01800000,PUT,1800.0,2026-10-09,806,743,5770960,NEUTRAL,MID,NO CONFIRMADA,743.0,2026-10-02,0.25
2026-10-01,SPG,SPG261016C00200000,CALL,200.0,2026-10-16,330,160,135300,NEUTRAL,MID,NO CONFIRMADA,293.0,2026-10-02,1.0
2026-10-01,SO,SO270115C00087500,CALL,87.5,2027-01-15,2131,516,404890,NEUTRAL,MID,CONFIRMADA,2620.0,2026-10-02,1.0
2026-10-01,STT,STT261120C00180000,CALL,180.0,2026-11-20,185,96,106375,NEUTRAL,MID,CONFIRMADA,280.0,2026-10-02,1.0
2026-10-01,SYK,SYK270115P00370000,PUT,370.0,2027-01-15,240,160,2256240,ALCISTA,BID,NO CONFIRMADA,157.0,2026-10-02,0.3
2026-10-01,SYK,SYK270115P00400000,PUT,400.0,2027-01-15,163,99,2064232,NEUTRAL,MID,NO CONFIRMADA,99.0,2026-10-02,0.075
2026-10-01,SYK,SYK270115P00360000,PUT,360.0,2027-01-15,132,88,1119360,ALCISTA,BID,NO CONFIRMADA,60.0,2026-10-02,0.075
2026-10-01,SMCI,SMCI261009C00041000,CALL,41.0,2026-10-09,1761,1236,382137,NEUTRAL,MID,NO CONFIRMADA,1236.0,2026-10-02,1.0
2026-10-01,SMCI,SMCI261009C00038500,CALL,38.5,2026-10-09,1419,474,547734,NEUTRAL,MID,NO CONFIRMADA,474.0,2026-10-02,0.25
2026-10-01,SMCI,SMCI261030C00038000,CALL,38.0,2026-10-30,458,378,244572,BAJISTA,BID,NO CONFIRMADA,378.0,2026-10-02,1.0
2026-10-01,SMCI,SMCI261009P00048500,PUT,48.5,2026-10-09,210,75,150150,BAJISTA,ASK,NO CONFIRMADA,75.0,2026-10-02,0.3
2026-10-01,SMCI,SMCI261009C00040500,CALL,40.5,2026-10-09,1253,775,309491,BAJISTA,BID,NO CONFIRMADA,775.0,2026-10-02,0.25
2026-10-01,SYF,SYF261016C00070000,CALL,70.0,2026-10-16,4025,0,1046500,BAJISTA,BID,CONFIRMADA,3820.0,2026-10-02,1.0
2026-10-01,SYF,SYF261016C00072500,CALL,72.5,2026-10-16,5356,5103,669500,BAJISTA,BID,NO CONFIRMADA,3579.0,2026-10-02,1.0
2026-10-01,SNPS,SNPS261120C00440000,CALL,440.0,2026-11-20,1118,611,6931600,BAJISTA,BID,NO CONFIRMADA,611.0,2026-10-02,1.0
2026-10-01,SNPS,SNPS261009C00500000,CALL,500.0,2026-10-09,127,59,154940,ALCISTA,ASK,NO CONFIRMADA,59.0,2026-10-02,1.0
2026-10-01,SNPS,SNPS261009C00497500,CALL,497.5,2026-10-09,607,592,739326,NEUTRAL,MID,NO CONFIRMADA,592.0,2026-10-02,1.0
2026-10-01,SNPS,SNPS261120C00500000,CALL,500.0,2026-11-20,331,303,1009550,NEUTRAL,MID,NO CONFIRMADA,303.0,2026-10-02,1.0
2026-10-01,SNPS,SNPS261016C00550000,CALL,550.0,2026-10-16,1295,1024,449365,NEUTRAL,MID,NO CONFIRMADA,1024.0,2026-10-02,1.0
2026-10-01,SNPS,SNPS261009C00510000,CALL,510.0,2026-10-09,599,589,425290,NEUTRAL,MID,NO CONFIRMADA,589.0,2026-10-02,1.0
2026-10-01,SNPS,SNPS261009C00450000,CALL,450.0,2026-10-09,213,186,941460,NEUTRAL,MID,NO CONFIRMADA,186.0,2026-10-02,1.0
2026-10-01,SNPS,SNPS261016C00510000,CALL,510.0,2026-10-16,458,350,526700,BAJISTA,BID,NO CONFIRMADA,350.0,2026-10-02,0.25
2026-10-01,SNPS,SNPS261016P00490000,PUT,490.0,2026-10-16,412,309,721000,NEUTRAL,MID,NO CONFIRMADA,309.0,2026-10-02,0.25
2026-10-01,SNPS,SNPS261016C00460000,CALL,460.0,2026-10-16,347,271,1341849,NEUTRAL,MID,NO CONFIRMADA,271.0,2026-10-02,0.25
2026-10-01,SNPS,SNPS261106C00520000,CALL,520.0,2026-11-06,166,166,285520,NEUTRAL,MID,NO CONFIRMADA,166.0,2026-10-02,1.0
2026-10-01,TMUS,TMUS270219P00165000,PUT,165.0,2027-02-19,180,132,253800,NEUTRAL,MID,NO CONFIRMADA,132.0,2026-10-02,1.0
2026-10-01,TTWO,TTWO261113P00170000,PUT,170.0,2026-11-13,5772,5772,1125540,BAJISTA,ASK,NO CONFIRMADA,5772.0,2026-10-02,1.0
2026-10-01,TTWO,TTWO261106P00210000,PUT,210.0,2026-11-06,126,81,190134,BAJISTA,ASK,NO CONFIRMADA,81.0,2026-10-02,1.0
2026-10-01,TPR,TPR261218P00110000,PUT,110.0,2026-12-18,192,187,111360,NEUTRAL,MID,NO CONFIRMADA,268.0,2026-10-02,1.0
2026-10-01,TRGP,TRGP261120C00280000,CALL,280.0,2026-11-20,140,1,191660,NEUTRAL,MID,NO CONFIRMADA,70.0,2026-10-02,1.0
2026-10-01,TGT,TGT261009C00149000,CALL,149.0,2026-10-09,400,61,332800,ALCISTA,ASK,NO CONFIRMADA,61.0,2026-10-02,0.25
2026-10-01,TGT,TGT261009C00150000,CALL,150.0,2026-10-09,402,68,297480,ALCISTA,ASK,NO CONFIRMADA,68.0,2026-10-02,0.25
2026-10-01,TGT,TGT261009P00155000,PUT,155.0,2026-10-09,423,270,90522,BAJISTA,ASK,NO CONFIRMADA,270.0,2026-10-02,0.25
2026-10-01,TXN,TXN261023P00265000,PUT,265.0,2026-10-23,187,47,130900,BAJISTA,ASK,CONFIRMADA,194.0,2026-10-02,1.0
2026-10-01,TXN,TXN261023C00285000,CALL,285.0,2026-10-23,133,37,159600,BAJISTA,BID,CONFIRMADA,160.0,2026-10-02,1.0
2026-10-01,TSLA,TSLA261005C00360000,CALL,360.0,2026-10-05,9811,2171,3365173,ALCISTA,ASK,NO CONFIRMADA,2171.0,2026-10-02,0.125
2026-10-01,TSLA,TSLA261009C00357500,CALL,357.5,2026-10-09,3817,1118,2710070,BAJISTA,BID,NO CONFIRMADA,1118.0,2026-10-02,1.0
2026-10-01,TSLA,TSLA261106C00360000,CALL,360.0,2026-11-06,1683,804,3037815,ALCISTA,ASK,NO CONFIRMADA,804.0,2026-10-02,1.0
2026-10-01,TSLA,TSLA261009P00355000,PUT,355.0,2026-10-09,4879,1622,4269125,BAJISTA,ASK,NO CONFIRMADA,1622.0,2026-10-02,0.25
2026-10-01,TSLA,TSLA261005C00357500,CALL,357.5,2026-10-05,9062,1722,3869474,BAJISTA,BID,NO CONFIRMADA,1722.0,2026-10-02,0.125
2026-10-01,TSLA,TSLA261005P00357500,PUT,357.5,2026-10-05,3558,673,2561760,ALCISTA,BID,NO CONFIRMADA,673.0,2026-10-02,0.5
2026-10-01,TSLA,TSLA261009C00360000,CALL,360.0,2026-10-09,8801,3456,5412615,NEUTRAL,MID,NO CONFIRMADA,3456.0,2026-10-02,1.0
2026-10-01,TSLA,TSLA261005P00355000,PUT,355.0,2026-10-05,4897,1035,2938200,NEUTRAL,MID,NO CONFIRMADA,1035.0,2026-10-02,0.125
2026-10-01,TSLA,TSLA270416C00470000,CALL,470.0,2027-04-16,2034,2008,3559500,ALCISTA,ASK,NO CONFIRMADA,2008.0,2026-10-02,1.0
2026-10-01,TSLA,TSLA261009C00375000,CALL,375.0,2026-10-09,10486,7781,2306920,NEUTRAL,MID,NO CONFIRMADA,7781.0,2026-10-02,1.0
2026-10-01,TSLA,TSLA261005C00355000,CALL,355.0,2026-10-05,5987,2739,3292850,ALCISTA,ASK,NO CONFIRMADA,2739.0,2026-10-02,0.125
2026-10-01,TSLA,TSLA261016P00435000,PUT,435.0,2026-10-16,1700,73,13158000,ALCISTA,BID,NO CONFIRMADA,73.0,2026-10-02,0.3
2026-10-01,TSLA,TSLA261016P00440000,PUT,440.0,2026-10-16,402,5,3294390,ALCISTA,BID,NO CONFIRMADA,5.0,2026-10-02,0.3
2026-10-01,TSLA,TSLA261009C00362500,CALL,362.5,2026-10-09,5769,4943,2999880,NEUTRAL,MID,NO CONFIRMADA,4943.0,2026-10-02,0.25
2026-10-01,TSLA,TSLA261009C00345000,CALL,345.0,2026-10-09,1521,357,2129400,NEUTRAL,MID,NO CONFIRMADA,357.0,2026-10-02,0.25
2026-10-01,TSLA,TSLA261009P00360000,PUT,360.0,2026-10-09,2924,1371,3345056,ALCISTA,BID,NO CONFIRMADA,1371.0,2026-10-02,0.25
2026-10-01,TSLA,TSLA261009C00352500,CALL,352.5,2026-10-09,2158,1489,2050100,NEUTRAL,MID,NO CONFIRMADA,1489.0,2026-10-02,1.0
2026-10-01,TSLA,TSLA261009P00370000,PUT,370.0,2026-10-09,1619,994,2614685,ALCISTA,BID,NO CONFIRMADA,994.0,2026-10-02,0.25
2026-10-01,TSLA,TSLA261009C00200000,CALL,200.0,2026-10-09,150,150,2351400,ALCISTA,ASK,NO CONFIRMADA,150.0,2026-10-02,0.3
2026-10-01,TSLA,TSLA261009C00355000,CALL,355.0,2026-10-09,5476,3104,4517700,NEUTRAL,MID,NO CONFIRMADA,3104.0,2026-10-02,0.25
2026-10-01,TSLA,TSLA261016P00430000,PUT,430.0,2026-10-16,1257,675,9181128,ALCISTA,BID,NO CONFIRMADA,675.0,2026-10-02,0.3
2026-10-01,TSLA,TSLA261218P00550000,PUT,550.0,2026-12-18,388,130,7445720,ALCISTA,BID,NO CONFIRMADA,130.0,2026-10-02,0.3
2026-10-01,TSLA,TSLA270115P00550000,PUT,550.0,2027-01-15,188,125,3574068,ALCISTA,BID,NO CONFIRMADA,125.0,2026-10-02,0.3
2026-10-01,TMO,TMO261030C00600000,CALL,600.0,2026-10-30,145,76,1015000,ALCISTA,ASK,CONFIRMADA,200.0,2026-10-02,1.0
2026-10-01,TMO,TMO261016P00640000,PUT,640.0,2026-10-16,285,94,238545,ALCISTA,BID,CONFIRMADA,358.0,2026-10-02,1.0
2026-10-01,TMO,TMO261016C00690000,CALL,690.0,2026-10-16,187,168,76670,NEUTRAL,MID,NO CONFIRMADA,247.0,2026-10-02,1.0
2026-10-01,TJX,TJX261106C00140000,CALL,140.0,2026-11-06,1494,118,253980,NEUTRAL,MID,CONFIRMADA,1610.0,2026-10-02,1.0
2026-10-01,TJX,TJX261113C00135000,CALL,135.0,2026-11-13,232,0,88160,NEUTRAL,MID,CONFIRMADA,232.0,2026-10-02,1.0
2026-10-01,RTX,RTX261016P00210000,PUT,210.0,2026-10-16,249,232,648645,BAJISTA,ASK,NO CONFIRMADA,232.0,2026-10-02,0.3
2026-10-01,RTX,RTX270115C00155000,CALL,155.0,2027-01-15,176,152,586080,NEUTRAL,MID,NO CONFIRMADA,152.0,2026-10-02,1.0
2026-10-01,RTX,RTX270219C00150000,CALL,150.0,2027-02-19,105,105,411285,NEUTRAL,MID,NO CONFIRMADA,105.0,2026-10-02,1.0
2026-10-01,NOW,NOW261009C00140000,CALL,140.0,2026-10-09,2504,1981,776240,ALCISTA,ASK,NO CONFIRMADA,1981.0,2026-10-02,1.0
2026-10-01,NOW,NOW261016C00142000,CALL,142.0,2026-10-16,1018,804,402110,ALCISTA,ASK,NO CONFIRMADA,804.0,2026-10-02,1.0
2026-10-01,NOW,NOW261009C00143000,CALL,143.0,2026-10-09,546,545,113022,ALCISTA,ASK,NO CONFIRMADA,545.0,2026-10-02,1.0
2026-10-01,NOW,NOW261009C00136000,CALL,136.0,2026-10-09,235,222,124550,ALCISTA,ASK,NO CONFIRMADA,222.0,2026-10-02,1.0
2026-10-01,NOW,NOW261016P00138000,PUT,138.0,2026-10-16,265,187,137800,ALCISTA,BID,NO CONFIRMADA,187.0,2026-10-02,1.0
2026-10-01,TFC,TFC270617C00052500,CALL,52.5,2027-06-17,397,385,70666,NEUTRAL,MID,CONFIRMADA,670.0,2026-10-02,1.0
2026-10-01,UBER,UBER261016P00080000,PUT,80.0,2026-10-16,1110,394,1387500,BAJISTA,ASK,NO CONFIRMADA,394.0,2026-10-02,0.3
2026-10-01,UBER,UBER261009P00066000,PUT,66.0,2026-10-09,1892,1287,90816,NEUTRAL,MID,NO CONFIRMADA,1287.0,2026-10-02,1.0
2026-10-01,UBER,UBER270115P00097500,PUT,97.5,2027-01-15,273,77,835380,NEUTRAL,MID,NO CONFIRMADA,77.0,2026-10-02,0.3
2026-10-01,UBER,UBER261009C00065000,CALL,65.0,2026-10-09,707,276,229775,NEUTRAL,MID,NO CONFIRMADA,276.0,2026-10-02,0.25
2026-10-01,UBER,UBER261218P00097500,PUT,97.5,2026-12-18,306,197,906372,NEUTRAL,MID,NO CONFIRMADA,197.0,2026-10-02,0.3
2026-10-01,UBER,UBER261218P00095000,PUT,95.0,2026-12-18,219,141,552975,ALCISTA,BID,NO CONFIRMADA,141.0,2026-10-02,0.3
2026-10-01,UBER,UBER261009C00067000,CALL,67.0,2026-10-09,611,262,106925,NEUTRAL,MID,NO CONFIRMADA,262.0,2026-10-02,0.25
2026-10-01,UBER,UBER261009C00068000,CALL,68.0,2026-10-09,625,349,75625,BAJISTA,BID,NO CONFIRMADA,349.0,2026-10-02,0.25
2026-10-01,UPS,UPS261120C00110000,CALL,110.0,2026-11-20,10201,7963,510050,BAJISTA,BID,NO CONFIRMADA,7963.0,2026-10-02,1.0
2026-10-01,UNP,UNP261016C00277500,CALL,277.5,2026-10-16,2557,210,652035,NEUTRAL,MID,CONFIRMADA,2608.0,2026-10-02,1.0
2026-10-01,UNP,UNP261030C00275000,CALL,275.0,2026-10-30,310,23,198400,NEUTRAL,MID,NO CONFIRMADA,159.0,2026-10-02,1.0
2026-10-01,UNP,UNP261023C00275000,CALL,275.0,2026-10-23,311,17,186600,NEUTRAL,MID,NO CONFIRMADA,163.0,2026-10-02,1.0
2026-10-01,URI,URI261009P00925000,PUT,925.0,2026-10-09,127,20,58420,BAJISTA,ASK,NO CONFIRMADA,46.0,2026-10-02,1.0
2026-10-01,UNH,UNH261016P00450000,PUT,450.0,2026-10-16,200,0,1700000,NEUTRAL,MID,PENDIENTE,,,0.3
2026-10-01,UNH,UNH261009P00415000,PUT,415.0,2026-10-09,145,1,713400,ALCISTA,BID,NO CONFIRMADA,1.0,2026-10-02,0.3
2026-10-01,UNH,UNH261030P00330000,PUT,330.0,2026-10-30,408,265,179112,NEUTRAL,MID,NO CONFIRMADA,265.0,2026-10-02,1.0
2026-10-01,V,V261016P00362500,PUT,362.5,2026-10-16,630,483,431550,NEUTRAL,MID,NO CONFIRMADA,483.0,2026-10-02,1.0
2026-10-01,V,V261009C00360000,CALL,360.0,2026-10-09,427,305,196420,NEUTRAL,MID,NO CONFIRMADA,305.0,2026-10-02,1.0
2026-10-01,STX,STX270617P00940000,PUT,940.0,2027-06-17,181,164,3648960,BAJISTA,ASK,NO CONFIRMADA,164.0,2026-10-02,1.0
2026-10-01,STX,STX261009C00930000,CALL,930.0,2026-10-09,179,69,753948,NEUTRAL,MID,NO CONFIRMADA,69.0,2026-10-02,1.0
2026-10-01,STX,STX261009C00940000,CALL,940.0,2026-10-09,246,179,789660,BAJISTA,BID,NO CONFIRMADA,179.0,2026-10-02,0.25
2026-10-01,STX,STX261016P00860000,PUT,860.0,2026-10-16,197,183,378240,BAJISTA,ASK,NO CONFIRMADA,183.0,2026-10-02,1.0
2026-10-01,STX,STX261009C01000000,CALL,1000.0,2026-10-09,205,180,328000,NEUTRAL,MID,NO CONFIRMADA,180.0,2026-10-02,0.25
2026-10-01,VST,VST261218C00135000,CALL,135.0,2026-12-18,823,768,1228739,NEUTRAL,MID,NO CONFIRMADA,768.0,2026-10-02,1.0
2026-10-01,VST,VST261009C00139000,CALL,139.0,2026-10-09,295,260,103250,BAJISTA,BID,NO CONFIRMADA,260.0,2026-10-02,1.0
2026-10-01,GWW,GWW270416C01410000,CALL,1410.0,2027-04-16,137,0,605540,BAJISTA,BID,CONFIRMADA,127.0,2026-10-02,1.0
2026-10-01,DIS,DIS261016C00099000,CALL,99.0,2026-10-16,133,15,53200,NEUTRAL,MID,NO CONFIRMADA,15.0,2026-10-02,1.0
2026-10-01,DIS,DIS261016C00102000,CALL,102.0,2026-10-16,304,242,58976,ALCISTA,ASK,NO CONFIRMADA,242.0,2026-10-02,0.25
2026-10-01,DIS,DIS270917C00115000,CALL,115.0,2027-09-17,298,278,217540,NEUTRAL,MID,NO CONFIRMADA,278.0,2026-10-02,1.0
2026-10-01,DIS,DIS261023C00097000,CALL,97.0,2026-10-23,144,144,78480,BAJISTA,BID,NO CONFIRMADA,144.0,2026-10-02,1.0
2026-10-01,DIS,DIS261009C00095000,CALL,95.0,2026-10-09,140,39,95760,NEUTRAL,MID,NO CONFIRMADA,39.0,2026-10-02,0.3
2026-10-01,DIS,DIS261016P00102000,PUT,102.0,2026-10-16,264,220,53592,ALCISTA,BID,NO CONFIRMADA,220.0,2026-10-02,0.25
2026-10-01,WMT,WMT261016P00115000,PUT,115.0,2026-10-16,2522,682,2736370,NEUTRAL,MID,NO CONFIRMADA,682.0,2026-10-02,0.3
2026-10-01,WMT,WMT261016C00104000,CALL,104.0,2026-10-16,607,355,134754,ALCISTA,ASK,NO CONFIRMADA,355.0,2026-10-02,1.0
2026-10-01,WMT,WMT261009C00105000,CALL,105.0,2026-10-09,1828,1555,199252,NEUTRAL,MID,NO CONFIRMADA,1555.0,2026-10-02,1.0
2026-10-01,WMT,WMT261016P00104000,PUT,104.0,2026-10-16,1007,954,165148,NEUTRAL,MID,NO CONFIRMADA,954.0,2026-10-02,1.0
2026-10-01,WMT,WMT261023C00104000,CALL,104.0,2026-10-23,478,227,126670,ALCISTA,ASK,NO CONFIRMADA,227.0,2026-10-02,1.0
2026-10-01,WMT,WMT270319P00150000,PUT,150.0,2027-03-19,153,102,716040,BAJISTA,ASK,NO CONFIRMADA,102.0,2026-10-02,0.3
2026-10-01,WMT,WMT261218P00130000,PUT,130.0,2026-12-18,263,189,683800,BAJISTA,ASK,NO CONFIRMADA,189.0,2026-10-02,0.3
2026-10-01,WMT,WMT261120P00130000,PUT,130.0,2026-11-20,437,244,1140570,NEUTRAL,MID,NO CONFIRMADA,244.0,2026-10-02,0.3
2026-10-01,WMT,WMT280121P00150000,PUT,150.0,2028-01-21,171,114,765225,ALCISTA,BID,NO CONFIRMADA,114.0,2026-10-02,0.3
2026-10-01,WMT,WMT261009P00115000,PUT,115.0,2026-10-09,343,159,377300,NEUTRAL,MID,NO CONFIRMADA,159.0,2026-10-02,0.3
2026-10-01,WMT,WMT270115P00135000,PUT,135.0,2027-01-15,116,77,342780,ALCISTA,BID,NO CONFIRMADA,77.0,2026-10-02,0.3
2026-10-01,WBD,WBD261009C00030500,CALL,30.5,2026-10-09,1733,375,88383,ALCISTA,ASK,CONFIRMADA,1776.0,2026-10-02,0.25
2026-10-01,WBD,WBD261009C00029500,CALL,29.5,2026-10-09,1945,50,291750,BAJISTA,BID,CONFIRMADA,1975.0,2026-10-02,0.075
2026-10-01,WBD,WBD261009C00029000,CALL,29.0,2026-10-09,888,198,176712,BAJISTA,BID,CONFIRMADA,1006.0,2026-10-02,0.075
2026-10-01,WBD,WBD261016C00029500,CALL,29.5,2026-10-16,1101,920,165150,BAJISTA,BID,CONFIRMADA,1615.0,2026-10-02,0.3
2026-10-01,WBD,WBD261009C00030000,CALL,30.0,2026-10-09,1195,781,119500,BAJISTA,BID,CONFIRMADA,1519.0,2026-10-02,0.075
2026-10-01,VLO,VLO261009P00400000,PUT,400.0,2026-10-09,1035,521,890100,NEUTRAL,MID,NO CONFIRMADA,521.0,2026-10-02,1.0
2026-10-01,VLO,VLO261016P00375000,PUT,375.0,2026-10-16,380,314,181640,BAJISTA,ASK,NO CONFIRMADA,314.0,2026-10-02,1.0
2026-10-01,VLO,VLO261016C00415000,CALL,415.0,2026-10-16,298,248,368030,BAJISTA,BID,NO CONFIRMADA,248.0,2026-10-02,1.0
2026-10-01,VLO,VLO261009P00390000,PUT,390.0,2026-10-09,229,213,123660,BAJISTA,ASK,NO CONFIRMADA,213.0,2026-10-02,1.0
2026-10-01,WDAY,WDAY261009C00187500,CALL,187.5,2026-10-09,371,89,187355,ALCISTA,ASK,CONFIRMADA,305.0,2026-10-02,1.0
2026-10-01,WDAY,WDAY261009P00182500,PUT,182.5,2026-10-09,259,16,124320,BAJISTA,ASK,CONFIRMADA,261.0,2026-10-02,1.0
2026-10-01,WDAY,WDAY261030C00190000,CALL,190.0,2026-10-30,237,9,196710,BAJISTA,BID,NO CONFIRMADA,110.0,2026-10-02,1.0
2026-10-01,WDAY,WDAY261030C00195000,CALL,195.0,2026-10-30,571,166,358017,BAJISTA,BID,NO CONFIRMADA,93.0,2026-10-02,1.0
2026-10-01,WDAY,WDAY261023C00190000,CALL,190.0,2026-10-23,237,5,174195,BAJISTA,BID,NO CONFIRMADA,103.0,2026-10-02,1.0
2026-10-01,WDAY,WDAY261023C00195000,CALL,195.0,2026-10-23,571,180,279790,BAJISTA,BID,NO CONFIRMADA,96.0,2026-10-02,1.0
2026-10-01,WDAY,WDAY261009C00182500,CALL,182.5,2026-10-09,465,8,347355,NEUTRAL,MID,CONFIRMADA,450.0,2026-10-02,0.25
2026-10-01,WDAY,WDAY261009P00187500,PUT,187.5,2026-10-09,514,20,298120,NEUTRAL,MID,CONFIRMADA,533.0,2026-10-02,0.25
2026-10-01,WYNN,WYNN261218P00120000,PUT,120.0,2026-12-18,302,201,1256622,ALCISTA,BID,NO CONFIRMADA,201.0,2026-10-02,0.3
2026-10-01,WYNN,WYNN270115P00140000,PUT,140.0,2027-01-15,159,106,1031115,BAJISTA,ASK,NO CONFIRMADA,106.0,2026-10-02,0.075
2026-10-01,WYNN,WYNN261120C00070000,CALL,70.0,2026-11-20,113,52,104638,NEUTRAL,MID,NO CONFIRMADA,52.0,2026-10-02,1.0
2026-10-01,WYNN,WYNN261106C00074000,CALL,74.0,2026-11-06,178,89,105198,NEUTRAL,MID,NO CONFIRMADA,89.0,2026-10-02,1.0
2026-10-01,WYNN,WYNN270115P00120000,PUT,120.0,2027-01-15,340,227,1421540,ALCISTA,BID,NO CONFIRMADA,227.0,2026-10-02,0.075
2026-10-01,WST,WST261120C00360000,CALL,360.0,2026-11-20,247,1,602680,NEUTRAL,MID,NO CONFIRMADA,5.0,2026-10-02,1.0
2026-10-01,WSM,WSM261016P00210000,PUT,210.0,2026-10-16,605,389,50215,NEUTRAL,MID,NO CONFIRMADA,389.0,2026-10-02,1.0
2026-10-01,ZBRA,ZBRA270820C00420000,CALL,420.0,2027-08-20,150,0,723000,NEUTRAL,MID,CONFIRMADA,150.0,2026-10-02,0.25
2026-10-01,ZBRA,ZBRA270820P00420000,PUT,420.0,2027-08-20,150,0,1158000,NEUTRAL,MID,CONFIRMADA,150.0,2026-10-02,0.25
2026-10-01,XYL,XYL261016C00105000,CALL,105.0,2026-10-16,2688,20,284928,ALCISTA,ASK,CONFIRMADA,2692.0,2026-10-02,1.0
2026-10-01,ARM,ARM270416C00380000,CALL,380.0,2027-04-16,526,407,2019840,ALCISTA,ASK,NO CONFIRMADA,407.0,2026-10-02,1.0
2026-10-01,ARM,ARM270319P00330000,PUT,330.0,2027-03-19,404,349,3037272,NEUTRAL,MID,NO CONFIRMADA,349.0,2026-10-02,1.0
2026-10-01,ARM,ARM261009P00297500,PUT,297.5,2026-10-09,121,79,160688,ALCISTA,BID,NO CONFIRMADA,79.0,2026-10-02,1.0
2026-10-01,ARM,ARM261009C00330000,CALL,330.0,2026-10-09,1108,625,210520,NEUTRAL,MID,NO CONFIRMADA,625.0,2026-10-02,1.0
2026-10-01,CRWV,CRWV280121P00130000,PUT,130.0,2028-01-21,1318,1292,7358394,BAJISTA,ASK,NO CONFIRMADA,1292.0,2026-10-02,1.0
2026-10-01,CRWV,CRWV261009C00090000,CALL,90.0,2026-10-09,4889,4833,1447144,NEUTRAL,MID,NO CONFIRMADA,4833.0,2026-10-02,1.0
2026-10-01,CRWV,CRWV261016P00077000,PUT,77.0,2026-10-16,3726,3075,372600,BAJISTA,ASK,NO CONFIRMADA,3075.0,2026-10-02,1.0
2026-10-01,CRWV,CRWV261009C00088000,CALL,88.0,2026-10-09,834,775,321090,BAJISTA,BID,NO CONFIRMADA,775.0,2026-10-02,1.0
2026-10-01,CRWV,CRWV261009C00085000,CALL,85.0,2026-10-09,545,509,305200,NEUTRAL,MID,NO CONFIRMADA,509.0,2026-10-02,1.0
2026-10-01,ALAB,ALAB271217C00700000,CALL,700.0,2027-12-17,256,199,1698560,ALCISTA,ASK,NO CONFIRMADA,199.0,2026-10-02,1.0
2026-10-01,ALAB,ALAB261009C00400000,CALL,400.0,2026-10-09,1636,1402,1014320,BAJISTA,BID,NO CONFIRMADA,1402.0,2026-10-02,1.0
2026-10-01,ALAB,ALAB261009C00365000,CALL,365.0,2026-10-09,384,313,652800,NEUTRAL,MID,NO CONFIRMADA,313.0,2026-10-02,1.0
2026-10-01,ALAB,ALAB261009C00410000,CALL,410.0,2026-10-09,540,416,158220,BAJISTA,BID,NO CONFIRMADA,416.0,2026-10-02,1.0
2026-10-01,ALAB,ALAB261009P00345000,PUT,345.0,2026-10-09,101,48,137360,NEUTRAL,MID,NO CONFIRMADA,48.0,2026-10-02,1.0
2026-10-01,ALAB,ALAB261030P00310000,PUT,310.0,2026-10-30,132,103,163680,ALCISTA,BID,NO CONFIRMADA,103.0,2026-10-02,1.0
2026-10-01,RKLB,RKLB261009C00072000,CALL,72.0,2026-10-09,1758,1612,404340,ALCISTA,ASK,NO CONFIRMADA,1612.0,2026-10-02,0.25
2026-10-01,RKLB,RKLB280616C00115000,CALL,115.0,2028-06-16,347,322,631540,NEUTRAL,MID,NO CONFIRMADA,322.0,2026-10-02,1.0
2026-10-01,RKLB,RKLB261009C00073000,CALL,73.0,2026-10-09,897,671,166842,ALCISTA,ASK,NO CONFIRMADA,671.0,2026-10-02,0.25
2026-10-01,RKLB,RKLB261113P00068000,PUT,68.0,2026-11-13,446,299,254220,NEUTRAL,MID,NO CONFIRMADA,299.0,2026-10-02,1.0
2026-10-01,RKLB,RKLB261009P00069000,PUT,69.0,2026-10-09,494,362,91884,ALCISTA,BID,NO CONFIRMADA,362.0,2026-10-02,1.0
2026-10-01,RKLB,RKLB261016C00071000,CALL,71.0,2026-10-16,804,627,225924,BAJISTA,BID,NO CONFIRMADA,627.0,2026-10-02,1.0
2026-10-01,RKLB,RKLB261009C00071000,CALL,71.0,2026-10-09,2069,1307,511043,BAJISTA,BID,NO CONFIRMADA,1307.0,2026-10-02,0.25
2026-10-01,RKLB,RKLB261009C00070000,CALL,70.0,2026-10-09,2042,1072,612600,NEUTRAL,MID,NO CONFIRMADA,1072.0,2026-10-02,0.25
2026-10-01,RKLB,RKLB261030P00057000,PUT,57.0,2026-10-30,1958,1655,148808,NEUTRAL,MID,NO CONFIRMADA,1655.0,2026-10-02,1.0
2026-10-01,RKLB,RKLB261113P00083000,PUT,83.0,2026-11-13,161,81,246008,NEUTRAL,MID,NO CONFIRMADA,81.0,2026-10-02,1.0
2026-10-01,RKLB,RKLB261030P00085000,PUT,85.0,2026-10-30,161,109,249067,NEUTRAL,MID,NO CONFIRMADA,109.0,2026-10-02,1.0
2026-10-01,WDC,WDC261009P00405000,PUT,405.0,2026-10-09,985,668,170405,BAJISTA,ASK,NO CONFIRMADA,668.0,2026-10-02,1.0
2026-10-01,WDC,WDC280121C01140000,CALL,1140.0,2028-01-21,288,188,1147680,NEUTRAL,MID,NO CONFIRMADA,188.0,2026-10-02,1.0
2026-10-01,WDC,WDC261009C00470000,CALL,470.0,2026-10-09,215,141,317125,ALCISTA,ASK,NO CONFIRMADA,141.0,2026-10-02,0.25
2026-10-01,WDC,WDC280616P00460000,PUT,460.0,2028-06-16,113,108,1591040,NEUTRAL,MID,NO CONFIRMADA,108.0,2026-10-02,1.0
2026-10-01,WDC,WDC261009C00417500,CALL,417.5,2026-10-09,112,54,469840,BAJISTA,BID,NO CONFIRMADA,54.0,2026-10-02,0.25
2026-10-01,WDC,WDC261009C00422500,CALL,422.5,2026-10-09,121,63,467060,BAJISTA,BID,NO CONFIRMADA,63.0,2026-10-02,0.25
2026-10-01,WDC,WDC261009C00450000,CALL,450.0,2026-10-09,122,106,298900,NEUTRAL,MID,NO CONFIRMADA,106.0,2026-10-02,0.25
2026-10-01,WDC,WDC261009P00452500,PUT,452.5,2026-10-09,124,124,211420,BAJISTA,ASK,NO CONFIRMADA,124.0,2026-10-02,0.25
2026-10-01,SHOP,SHOP261009P00150000,PUT,150.0,2026-10-09,144,87,66528,ALCISTA,BID,NO CONFIRMADA,87.0,2026-10-02,1.0
2026-10-01,SHOP,SHOP261016C00152500,CALL,152.5,2026-10-16,182,153,92456,NEUTRAL,MID,NO CONFIRMADA,153.0,2026-10-02,1.0
2026-10-01,NBIS,NBIS261009C00212500,CALL,212.5,2026-10-09,836,97,1964600,ALCISTA,ASK,NO CONFIRMADA,97.0,2026-10-02,1.0
2026-10-01,NBIS,NBIS261009C00250000,CALL,250.0,2026-10-09,1938,1487,794580,ALCISTA,ASK,NO CONFIRMADA,1487.0,2026-10-02,1.0
2026-10-01,NBIS,NBIS261120C00170000,CALL,170.0,2026-11-20,353,275,2471000,ALCISTA,ASK,NO CONFIRMADA,275.0,2026-10-02,1.0
2026-10-01,NBIS,NBIS261113C00245000,CALL,245.0,2026-11-13,202,202,524392,ALCISTA,ASK,NO CONFIRMADA,202.0,2026-10-02,1.0
2026-10-01,NBIS,NBIS261009C00230000,CALL,230.0,2026-10-09,1276,886,1461020,ALCISTA,ASK,NO CONFIRMADA,886.0,2026-10-02,0.25
2026-10-01,NBIS,NBIS261030C00275000,CALL,275.0,2026-10-30,726,413,577170,NEUTRAL,MID,NO CONFIRMADA,413.0,2026-10-02,1.0
2026-10-01,NBIS,NBIS270521P00170000,PUT,170.0,2027-05-21,252,205,655200,ALCISTA,BID,NO CONFIRMADA,205.0,2026-10-02,1.0
2026-10-01,NBIS,NBIS261009C00235000,CALL,235.0,2026-10-09,1227,1161,1069944,NEUTRAL,MID,NO CONFIRMADA,1161.0,2026-10-02,0.25
2026-10-01,NBIS,NBIS261023P00220000,PUT,220.0,2026-10-23,490,473,524300,NEUTRAL,MID,NO CONFIRMADA,473.0,2026-10-02,1.0
2026-10-01,NBIS,NBIS261106C00245000,CALL,245.0,2026-11-06,209,202,380380,NEUTRAL,MID,NO CONFIRMADA,202.0,2026-10-02,1.0
2026-10-01,FTI,FTI270115C00075000,CALL,75.0,2027-01-15,400,284,117600,NEUTRAL,MID,NO CONFIRMADA,480.0,2026-10-02,1.0
2026-10-01,PDD,PDD261016P00090000,PUT,90.0,2026-10-16,5960,24,8075800,NEUTRAL,MID,NO CONFIRMADA,24.0,2026-10-02,0.3
2026-10-01,PDD,PDD261218P00125000,PUT,125.0,2026-12-18,392,35,1922760,BAJISTA,ASK,NO CONFIRMADA,35.0,2026-10-02,0.3
2026-10-01,PDD,PDD261218P00105000,PUT,105.0,2026-12-18,4424,513,12745544,BAJISTA,ASK,NO CONFIRMADA,513.0,2026-10-02,0.075
2026-10-01,PDD,PDD261218P00135000,PUT,135.0,2026-12-18,299,95,1765595,BAJISTA,ASK,NO CONFIRMADA,95.0,2026-10-02,0.3
2026-10-01,PDD,PDD270115P00110000,PUT,110.0,2027-01-15,2216,881,7224160,ALCISTA,BID,NO CONFIRMADA,881.0,2026-10-02,0.3
2026-10-01,PDD,PDD261218P00110000,PUT,110.0,2026-12-18,6768,2238,22503600,ALCISTA,BID,NO CONFIRMADA,2238.0,2026-10-02,0.075
2026-10-01,PDD,PDD270115P00125000,PUT,125.0,2027-01-15,126,64,616770,BAJISTA,ASK,NO CONFIRMADA,64.0,2026-10-02,0.3
2026-10-01,WFC,WFC261016P00092500,PUT,92.5,2026-10-16,522,80,644670,NEUTRAL,MID,NO CONFIRMADA,80.0,2026-10-02,0.3
2026-10-01,WFC,WFC270416C00070000,CALL,70.0,2027-04-16,172,61,226180,BAJISTA,BID,NO CONFIRMADA,61.0,2026-10-02,1.0
2026-10-01,WFC,WFC261009P00079000,PUT,79.0,2026-10-09,995,935,69650,BAJISTA,ASK,NO CONFIRMADA,935.0,2026-10-02,0.25
2026-10-01,WFC,WFC261030P00090000,PUT,90.0,2026-10-30,142,77,160886,BAJISTA,ASK,NO CONFIRMADA,77.0,2026-10-02,0.3
2026-10-01,WFC,WFC261113P00090000,PUT,90.0,2026-11-13,142,142,165288,NEUTRAL,MID,NO CONFIRMADA,142.0,2026-10-02,1.0
2026-10-01,WFC,WFC261009P00086000,PUT,86.0,2026-10-09,252,106,200340,BAJISTA,ASK,NO CONFIRMADA,106.0,2026-10-02,0.075
2026-10-01,WFC,WFC261009C00079000,CALL,79.0,2026-10-09,854,683,155428,NEUTRAL,MID,NO CONFIRMADA,683.0,2026-10-02,0.25
2026-10-01,WFC,WFC261009C00078000,CALL,78.0,2026-10-09,210,76,54390,NEUTRAL,MID,NO CONFIRMADA,76.0,2026-10-02,0.25
2026-10-01,ASML,ASML261009C01860000,CALL,1860.0,2026-10-09,324,322,790560,ALCISTA,ASK,NO CONFIRMADA,322.0,2026-10-02,1.0
2026-10-01,ASML,ASML261106P01900000,PUT,1900.0,2026-11-06,150,150,2248500,ALCISTA,BID,NO CONFIRMADA,150.0,2026-10-02,1.0
2026-10-01,ASML,ASML261120P01780000,PUT,1780.0,2026-11-20,112,88,1126720,NEUTRAL,MID,NO CONFIRMADA,88.0,2026-10-02,1.0
2026-10-01,ASML,ASML261009P01675000,PUT,1675.0,2026-10-09,456,222,214320,NEUTRAL,MID,NO CONFIRMADA,222.0,2026-10-02,1.0
2026-10-01,WY,WY270416P00016000,PUT,16.0,2027-04-16,5000,15,360000,NEUTRAL,MID,CONFIRMADA,5015.0,2026-10-02,1.0
2026-10-01,WY,WY270416C00020000,CALL,20.0,2027-04-16,2632,113,286888,NEUTRAL,MID,CONFIRMADA,2739.0,2026-10-02,1.0
2026-10-01,WY,WY261120C00018000,CALL,18.0,2026-11-20,1538,5,207630,NEUTRAL,MID,CONFIRMADA,1505.0,2026-10-02,1.0
2026-10-01,WY,WY261016P00024000,PUT,24.0,2026-10-16,1201,594,648540,NEUTRAL,MID,NO CONFIRMADA,593.0,2026-10-02,0.3
2026-10-01,WY,WY261016P00025000,PUT,25.0,2026-10-16,584,295,373760,NEUTRAL,MID,NO CONFIRMADA,295.0,2026-10-02,0.3
2026-10-01,WY,WY261016P00023000,PUT,23.0,2026-10-16,461,309,207450,NEUTRAL,MID,NO CONFIRMADA,308.0,2026-10-02,0.3
2026-10-01,WY,WY261016C00017000,CALL,17.0,2026-10-16,307,95,51576,NEUTRAL,MID,CONFIRMADA,400.0,2026-10-02,0.3
2026-10-01,TWLO,TWLO261016C00300000,CALL,300.0,2026-10-16,410,404,725700,ALCISTA,ASK,CONFIRMADA,715.0,2026-10-02,1.0
2026-10-01,TWLO,TWLO261009C00315000,CALL,315.0,2026-10-09,336,247,221760,ALCISTA,ASK,NO CONFIRMADA,142.0,2026-10-02,1.0
2026-10-01,TWLO,TWLO261009P00360000,PUT,360.0,2026-10-09,137,33,809670,NEUTRAL,MID,NO CONFIRMADA,49.0,2026-10-02,0.3
2026-10-01,SNX,SNX261218C00270000,CALL,270.0,2026-12-18,110,66,195800,BAJISTA,BID,CONFIRMADA,137.0,2026-10-02,1.0
2026-10-01,OKTA,OKTA261009C00220000,CALL,220.0,2026-10-09,617,275,246800,NEUTRAL,MID,NO CONFIRMADA,275.0,2026-10-02,1.0
2026-10-01,OKTA,OKTA261016P00210000,PUT,210.0,2026-10-16,230,226,186300,NEUTRAL,MID,NO CONFIRMADA,226.0,2026-10-02,1.0
2026-10-01,UTHR,UTHR261016C00590000,CALL,590.0,2026-10-16,242,5,292820,ALCISTA,ASK,CONFIRMADA,218.0,2026-10-02,1.0
2026-10-01,UTHR,UTHR261016C00610000,CALL,610.0,2026-10-16,339,1,207129,ALCISTA,ASK,CONFIRMADA,234.0,2026-10-02,1.0
2026-10-01,UTHR,UTHR261016C00580000,CALL,580.0,2026-10-16,580,8,603200,NEUTRAL,MID,CONFIRMADA,396.0,2026-10-02,1.0
2026-10-01,UTHR,UTHR261016C00530000,CALL,530.0,2026-10-16,130,107,624000,ALCISTA,ASK,NO CONFIRMADA,56.0,2026-10-02,0.25
2026-10-01,UTHR,UTHR261016C00600000,CALL,600.0,2026-10-16,110,1,56760,NEUTRAL,MID,NO CONFIRMADA,35.0,2026-10-02,0.25
2026-10-01,ROKU,ROKU261009C00143000,CALL,143.0,2026-10-09,218,38,187480,NEUTRAL,MID,NO CONFIRMADA,38.0,2026-10-02,0.3
2026-10-01,ROKU,ROKU261009C00144000,CALL,144.0,2026-10-09,218,38,167206,NEUTRAL,MID,NO CONFIRMADA,38.0,2026-10-02,0.3
2026-10-01,MKSI,MKSI261120P00220000,PUT,220.0,2026-11-20,100,3,53000,NEUTRAL,MID,CONFIRMADA,102.0,2026-10-02,1.0
2026-10-01,WMB,WMB261016P00069000,PUT,69.0,2026-10-16,562,206,74184,NEUTRAL,MID,CONFIRMADA,630.0,2026-10-02,1.0
2026-10-01,LSCC,LSCC270115P00110000,PUT,110.0,2027-01-15,301,7,240800,BAJISTA,ASK,CONFIRMADA,301.0,2026-10-02,0.25
2026-10-01,LSCC,LSCC270115C00155000,CALL,155.0,2027-01-15,301,104,291970,ALCISTA,ASK,CONFIRMADA,331.0,2026-10-02,0.25
2026-10-01,SMTC,SMTC261009C00185000,CALL,185.0,2026-10-09,109,70,109000,NEUTRAL,MID,NO CONFIRMADA,70.0,2026-10-02,1.0
2026-10-01,BURL,BURL270115P00270000,PUT,270.0,2027-01-15,253,59,576840,BAJISTA,ASK,CONFIRMADA,211.0,2026-10-02,1.0
2026-10-01,BURL,BURL261016P00275000,PUT,275.0,2026-10-16,707,4,579740,NEUTRAL,MID,CONFIRMADA,705.0,2026-10-02,0.25
2026-10-01,BURL,BURL261016C00300000,CALL,300.0,2026-10-16,568,556,105080,NEUTRAL,MID,NO CONFIRMADA,688.0,2026-10-02,0.25
2026-10-01,FN,FN270416C00640000,CALL,640.0,2027-04-16,200,200,690000,NEUTRAL,MID,NO CONFIRMADA,200.0,2026-10-02,1.0
2026-10-01,TLN,TLN261009C00330000,CALL,330.0,2026-10-09,525,268,363300,BAJISTA,BID,NO CONFIRMADA,268.0,2026-10-02,1.0
2026-10-01,TLN,TLN261016C00317500,CALL,317.5,2026-10-16,200,167,332000,NEUTRAL,MID,NO CONFIRMADA,167.0,2026-10-02,1.0
2026-10-01,DOCN,DOCN261030P00110000,PUT,110.0,2026-10-30,514,54,105370,NEUTRAL,MID,CONFIRMADA,553.0,2026-10-02,1.0
2026-10-01,DT,DT280121P00070000,PUT,70.0,2028-01-21,1000,1000,1710000,NEUTRAL,MID,NO CONFIRMADA,1000.0,2026-10-02,1.0
2026-10-01,NLY,NLY261016P00022000,PUT,22.0,2026-10-16,282,167,86010,ALCISTA,BID,NO CONFIRMADA,167.0,2026-10-02,0.3
2026-10-01,DINO,DINO261218P00110000,PUT,110.0,2026-12-18,227,97,233810,BAJISTA,ASK,NO CONFIRMADA,165.0,2026-10-02,1.0
2026-10-01,WCC,WCC270716C00540000,CALL,540.0,2027-07-16,200,8,258400,NEUTRAL,MID,CONFIRMADA,204.0,2026-10-02,1.0
2026-10-01,DOCU,DOCU270917C00105000,CALL,105.0,2027-09-17,158,68,90850,NEUTRAL,MID,NO CONFIRMADA,68.0,2026-10-02,1.0
2026-10-01,GWRE,GWRE261016C00165000,CALL,165.0,2026-10-16,264,153,106128,ALCISTA,ASK,CONFIRMADA,401.0,2026-10-02,1.0
2026-10-01,BJ,BJ261016C00090000,CALL,90.0,2026-10-16,202,99,111100,NEUTRAL,MID,CONFIRMADA,204.0,2026-10-02,1.0
2026-10-01,AEIS,AEIS261120C00360000,CALL,360.0,2026-11-20,200,0,189600,NEUTRAL,MID,CONFIRMADA,200.0,2026-10-02,1.0
2026-10-01,CDE,CDE261016C00019000,CALL,19.0,2026-10-16,2500,94,82500,ALCISTA,ASK,CONFIRMADA,2560.0,2026-10-02,0.25
2026-10-01,CDE,CDE261016C00018500,CALL,18.5,2026-10-16,2507,9,112815,NEUTRAL,MID,CONFIRMADA,2483.0,2026-10-02,0.25
2026-10-01,HL,HL261016C00018000,CALL,18.0,2026-10-16,2989,577,116571,ALCISTA,ASK,CONFIRMADA,3533.0,2026-10-02,1.0
2026-10-01,HL,HL261016C00019000,CALL,19.0,2026-10-16,3340,2886,66800,ALCISTA,ASK,CONFIRMADA,5723.0,2026-10-02,1.0
2026-10-01,MTZ,MTZ280121P00200000,PUT,200.0,2028-01-21,104,43,429520,BAJISTA,ASK,CONFIRMADA,147.0,2026-10-02,1.0
2026-10-01,MEDP,MEDP261016P00600000,PUT,600.0,2026-10-16,102,2,140760,NEUTRAL,MID,CONFIRMADA,102.0,2026-10-02,1.0
2026-10-01,BMRN,BMRN261120C00055000,CALL,55.0,2026-11-20,193,20,111940,NEUTRAL,MID,CONFIRMADA,213.0,2026-10-02,1.0
2026-10-01,VIAV,VIAV270115C00049000,CALL,49.0,2027-01-15,130,126,74100,NEUTRAL,MID,NO CONFIRMADA,126.0,2026-10-02,1.0
2026-10-01,ARW,ARW261218C00230000,CALL,230.0,2026-12-18,620,106,1258600,NEUTRAL,MID,CONFIRMADA,620.0,2026-10-02,1.0
2026-10-01,CG,CG261120P00035000,PUT,35.0,2026-11-20,3321,2564,265680,BAJISTA,ASK,CONFIRMADA,5748.0,2026-10-02,0.25
2026-10-01,CG,CG261120P00037500,PUT,37.5,2026-11-20,3354,3286,486330,NEUTRAL,MID,NO CONFIRMADA,3288.0,2026-10-02,0.25
2026-10-01,KNX,KNX261016P00060000,PUT,60.0,2026-10-16,2530,89,101200,NEUTRAL,MID,CONFIRMADA,2553.0,2026-10-02,1.0
2026-10-01,FHN,FHN261016P00023000,PUT,23.0,2026-10-16,1051,470,70417,BAJISTA,ASK,CONFIRMADA,1285.0,2026-10-02,1.0
2026-10-01,AGNC,AGNC261016P00008500,PUT,8.5,2026-10-16,17027,192,136216,BAJISTA,ASK,CONFIRMADA,17204.0,2026-10-02,1.0
2026-10-01,AGNC,AGNC261016C00009000,CALL,9.0,2026-10-16,3200,40,73600,ALCISTA,ASK,CONFIRMADA,2969.0,2026-10-02,1.0
2026-10-01,AGNC,AGNC261023C00009500,CALL,9.5,2026-10-23,6519,1254,65190,NEUTRAL,MID,CONFIRMADA,7527.0,2026-10-02,1.0
2026-10-01,AGNC,AGNC261106C00007500,CALL,7.5,2026-11-06,462,1,68376,NEUTRAL,MID,CONFIRMADA,458.0,2026-10-02,0.3
2026-10-01,TXRH,TXRH261009C00160000,CALL,160.0,2026-10-09,501,1,72645,NEUTRAL,MID,CONFIRMADA,500.0,2026-10-02,1.0
2026-10-01,TXRH,TXRH270521P00160000,PUT,160.0,2027-05-21,252,4,408492,BAJISTA,ASK,CONFIRMADA,254.0,2026-10-02,0.25
2026-10-01,TXRH,TXRH270521C00165000,CALL,165.0,2027-05-21,252,1,327348,NEUTRAL,MID,CONFIRMADA,250.0,2026-10-02,0.25
2026-10-01,RGEN,RGEN261016P00165000,PUT,165.0,2026-10-16,390,293,78000,NEUTRAL,MID,NO CONFIRMADA,293.0,2026-10-02,1.0
2026-10-01,GME,GME261016C00015000,CALL,15.0,2026-10-16,2263,1661,2081960,NEUTRAL,MID,NO CONFIRMADA,1661.0,2026-10-02,0.3
2026-10-01,GME,GME261030C00015000,CALL,15.0,2026-10-30,2256,2256,2098080,NEUTRAL,MID,NO CONFIRMADA,2256.0,2026-10-02,0.3
2026-10-01,GME,GME261016C00014000,CALL,14.0,2026-10-16,248,220,258912,ALCISTA,ASK,NO CONFIRMADA,220.0,2026-10-02,0.3
2026-10-01,GME,GME261030P00025000,PUT,25.0,2026-10-30,422,268,74694,ALCISTA,BID,NO CONFIRMADA,268.0,2026-10-02,1.0
2026-10-01,ENSG,ENSG261218P00165000,PUT,165.0,2026-12-18,100,3,58000,ALCISTA,BID,CONFIRMADA,103.0,2026-10-02,1.0
2026-10-01,ENSG,ENSG270319P00150000,PUT,150.0,2027-03-19,200,3,90000,NEUTRAL,MID,CONFIRMADA,203.0,2026-10-02,1.0
2026-10-01,OC,OC261218C00125000,CALL,125.0,2026-12-18,150,9,90000,NEUTRAL,MID,CONFIRMADA,153.0,2026-10-02,1.0
2026-10-01,ZION,ZION270115P00055000,PUT,55.0,2027-01-15,502,130,80822,BAJISTA,ASK,CONFIRMADA,581.0,2026-10-02,1.0
2026-10-01,ALLY,ALLY261016C00037000,CALL,37.0,2026-10-16,2817,12,338040,BAJISTA,BID,CONFIRMADA,2535.0,2026-10-02,1.0
2026-10-01,PBF,PBF261016C00085000,CALL,85.0,2026-10-16,1915,458,651100,BAJISTA,BID,CONFIRMADA,2140.0,2026-10-02,1.0
2026-10-01,PBF,PBF261120C00100000,CALL,100.0,2026-11-20,277,13,96673,BAJISTA,BID,CONFIRMADA,279.0,2026-10-02,1.0
2026-10-01,VICR,VICR261120C00400000,CALL,400.0,2026-11-20,442,51,892840,ALCISTA,ASK,CONFIRMADA,397.0,2026-10-02,1.0
2026-10-01,VICR,VICR261016P00300000,PUT,300.0,2026-10-16,116,16,182120,BAJISTA,ASK,CONFIRMADA,122.0,2026-10-02,0.25
2026-10-01,VICR,VICR261016P00310000,PUT,310.0,2026-10-16,282,0,535800,ALCISTA,BID,CONFIRMADA,246.0,2026-10-02,0.25
2026-10-01,VICR,VICR261016P00320000,PUT,320.0,2026-10-16,209,0,480700,ALCISTA,BID,CONFIRMADA,116.0,2026-10-02,0.25
2026-10-01,VICR,VICR261016P00220000,PUT,220.0,2026-10-16,1671,1634,108615,ALCISTA,BID,NO CONFIRMADA,1603.0,2026-10-02,1.0
2026-10-01,AMKR,AMKR261016C00058000,CALL,58.0,2026-10-16,999,534,99900,NEUTRAL,MID,NO CONFIRMADA,534.0,2026-10-02,1.0
2026-10-01,MP,MP261009P00044000,PUT,44.0,2026-10-09,792,184,54648,NEUTRAL,MID,NO CONFIRMADA,184.0,2026-10-02,1.0
2026-10-01,MP,MP261009P00046500,PUT,46.5,2026-10-09,309,192,55620,BAJISTA,ASK,NO CONFIRMADA,192.0,2026-10-02,1.0
2026-10-01,CLF,CLF261120C00001000,CALL,1.0,2026-11-20,102,102,109548,ALCISTA,ASK,NO CONFIRMADA,102.0,2026-10-02,0.3
2026-10-01,HIMS,HIMS261016P00028500,PUT,28.5,2026-10-16,1371,345,163149,NEUTRAL,MID,NO CONFIRMADA,345.0,2026-10-02,1.0
2026-10-01,HIMS,HIMS261009C00029500,CALL,29.5,2026-10-09,2789,2438,270533,BAJISTA,BID,NO CONFIRMADA,2438.0,2026-10-02,1.0
2026-10-01,ELF,ELF261016C00105000,CALL,105.0,2026-10-16,3076,2195,1153500,BAJISTA,BID,NO CONFIRMADA,2195.0,2026-10-02,1.0
2026-10-01,DUOL,DUOL261113P00140000,PUT,140.0,2026-11-13,137,69,145220,NEUTRAL,MID,NO CONFIRMADA,69.0,2026-10-02,1.0
2026-10-01,DUOL,DUOL261030P00140000,PUT,140.0,2026-10-30,138,76,77280,NEUTRAL,MID,NO CONFIRMADA,76.0,2026-10-02,1.0
2026-10-01,AVAV,AVAV261030C00165000,CALL,165.0,2026-10-30,543,539,120003,BAJISTA,BID,NO CONFIRMADA,539.0,2026-10-02,1.0
2026-10-01,WH,WH270219P00065000,PUT,65.0,2027-02-19,803,12,248930,ALCISTA,BID,CONFIRMADA,803.0,2026-10-02,1.0
2026-10-01,HRB,HRB261016C00045000,CALL,45.0,2026-10-16,1449,269,57960,NEUTRAL,MID,NO CONFIRMADA,564.0,2026-10-02,1.0
2026-10-01,RYN,RYN270115P00017500,PUT,17.5,2027-01-15,881,720,74885,BAJISTA,ASK,CONFIRMADA,1464.0,2026-10-02,1.0
2026-10-01,VFC,VFC261016C00013500,CALL,13.5,2026-10-16,11571,6276,1214955,NEUTRAL,MID,NO CONFIRMADA,6276.0,2026-10-02,1.0
2026-10-01,SARO,SARO261120P00020000,PUT,20.0,2026-11-20,2601,4,221085,NEUTRAL,MID,CONFIRMADA,2554.0,2026-10-02,1.0
2026-10-01,OLLI,OLLI280121C00105000,CALL,105.0,2028-01-21,500,0,727500,NEUTRAL,MID,CONFIRMADA,500.0,2026-10-02,0.25
2026-10-01,OLLI,OLLI280121P00105000,PUT,105.0,2028-01-21,500,0,1342500,NEUTRAL,MID,CONFIRMADA,500.0,2026-10-02,0.25
2026-10-01,NXST,NXST270219P00175000,PUT,175.0,2027-02-19,202,4,515100,NEUTRAL,MID,CONFIRMADA,202.0,2026-10-02,1.0
2026-10-01,STWD,STWD261016P00015000,PUT,15.0,2026-10-16,299,211,56810,BAJISTA,ASK,NO CONFIRMADA,204.0,2026-10-02,0.075
2026-10-01,STWD,STWD261016P00016000,PUT,16.0,2026-10-16,291,193,84390,NEUTRAL,MID,NO CONFIRMADA,192.0,2026-10-02,0.075
2026-10-01,MAT,MAT261016P00014000,PUT,14.0,2026-10-16,12873,2442,450555,NEUTRAL,MID,NO CONFIRMADA,5555.0,2026-10-02,0.25
2026-10-01,MAT,MAT261016C00015000,CALL,15.0,2026-10-16,1409,414,147945,ALCISTA,ASK,NO CONFIRMADA,1043.0,2026-10-02,1.0
2026-10-01,MAT,MAT261016C00017000,CALL,17.0,2026-10-16,10641,4065,372435,BAJISTA,BID,NO CONFIRMADA,8067.0,2026-10-02,0.25
2026-10-01,MAT,MAT261218C00016000,CALL,16.0,2026-12-18,1771,1409,212520,ALCISTA,ASK,CONFIRMADA,2435.0,2026-10-02,1.0
2026-10-01,MAT,MAT261016C00014000,CALL,14.0,2026-10-16,1045,467,151525,ALCISTA,ASK,NO CONFIRMADA,907.0,2026-10-02,1.0
2026-10-01,MAT,MAT280121C00017000,CALL,17.0,2028-01-21,365,340,85045,NEUTRAL,MID,NO CONFIRMADA,410.0,2026-10-02,1.0
2026-10-01,MAT,MAT261120C00013000,CALL,13.0,2026-11-20,321,19,78645,NEUTRAL,MID,CONFIRMADA,301.0,2026-10-02,0.25
2026-10-01,MAT,MAT261120C00014000,CALL,14.0,2026-11-20,264,121,55440,ALCISTA,ASK,NO CONFIRMADA,225.0,2026-10-02,0.25
2026-10-01,MAT,MAT261016C00012000,CALL,12.0,2026-10-16,368,312,114080,BAJISTA,BID,NO CONFIRMADA,294.0,2026-10-02,0.3
2026-10-01,AN,AN261120P00165000,PUT,165.0,2026-11-20,149,20,132312,NEUTRAL,MID,CONFIRMADA,159.0,2026-10-02,1.0
2026-10-01,FCN,FCN261016C00155000,CALL,155.0,2026-10-16,1655,0,115850,NEUTRAL,MID,NO CONFIRMADA,401.0,2026-10-02,1.0
2026-10-01,PII,PII261120P00050000,PUT,50.0,2026-11-20,236,31,62540,NEUTRAL,MID,CONFIRMADA,239.0,2026-10-02,1.0
2026-10-01,KD,KD270319C00014000,CALL,14.0,2027-03-19,744,91,104160,BAJISTA,BID,CONFIRMADA,833.0,2026-10-02,1.0
2026-10-01,VC,VC261016C00095000,CALL,95.0,2026-10-16,1421,16,71050,ALCISTA,ASK,NO CONFIRMADA,311.0,2026-10-02,1.0
2026-10-01,CHH,CHH261016C00100000,CALL,100.0,2026-10-16,275,221,134750,ALCISTA,ASK,CONFIRMADA,416.0,2026-10-02,1.0
2026-10-01,FOUR,FOUR270115P00075000,PUT,75.0,2027-01-15,115,103,447925,NEUTRAL,MID,NO CONFIRMADA,103.0,2026-10-02,0.3
2026-10-01,PLNT,PLNT270115C00045000,CALL,45.0,2027-01-15,147,61,52920,NEUTRAL,MID,NO CONFIRMADA,99.0,2026-10-02,0.25
2026-10-01,PLNT,PLNT270115P00042500,PUT,42.5,2027-01-15,124,83,62000,BAJISTA,ASK,CONFIRMADA,200.0,2026-10-02,0.25
2026-10-01,RH,RH261016P00120000,PUT,120.0,2026-10-16,893,170,502759,BAJISTA,ASK,CONFIRMADA,949.0,2026-10-02,1.0
2026-10-01,RH,RH261218P00115000,PUT,115.0,2026-12-18,791,72,909650,NEUTRAL,MID,CONFIRMADA,774.0,2026-10-02,1.0
2026-10-01,RH,RH261016C00121000,CALL,121.0,2026-10-16,150,1,100650,ALCISTA,ASK,CONFIRMADA,150.0,2026-10-02,1.0
2026-10-01,RH,RH261009C00109000,CALL,109.0,2026-10-09,122,1,145424,BAJISTA,BID,NO CONFIRMADA,31.0,2026-10-02,0.25
2026-10-01,RH,RH261009C00120000,CALL,120.0,2026-10-09,131,6,60260,NEUTRAL,MID,NO CONFIRMADA,46.0,2026-10-02,0.25
2026-10-01,CAR,CAR261016P00700000,PUT,700.0,2026-10-16,289,30,17117470,NEUTRAL,MID,NO CONFIRMADA,30.0,2026-10-02,0.3
2026-10-01,CAR,CAR261016P00400000,PUT,400.0,2026-10-16,370,50,10811400,NEUTRAL,MID,NO CONFIRMADA,50.0,2026-10-02,0.3
2026-10-01,CAR,CAR261016P00300000,PUT,300.0,2026-10-16,136,30,2596240,NEUTRAL,MID,NO CONFIRMADA,30.0,2026-10-02,0.3
2026-10-01,CAR,CAR261016P00380000,PUT,380.0,2026-10-16,1129,500,30663640,NEUTRAL,MID,NO CONFIRMADA,250.0,2026-10-02,0.3
2026-10-01,CAR,CAR270115P00350000,PUT,350.0,2027-01-15,150,42,3630000,NEUTRAL,MID,NO CONFIRMADA,42.0,2026-10-02,0.3
2026-10-01,MTG,MTG261016C00025000,CALL,25.0,2026-10-16,1500,0,247500,NEUTRAL,MID,CONFIRMADA,1500.0,2026-10-02,1.0
2026-10-02,HOOD,HOOD261106P00115000,PUT,115.0,2026-11-06,145,72,123250,BAJISTA,ASK,PENDIENTE,,,1.0
2026-10-01,IOVA,IOVA261030C00015500,CALL,15.5,2026-10-30,450,450,54900,NEUTRAL,MID,NO CONFIRMADA,450.0,2026-10-02,1.0
2026-10-02,IWM,IWM261006P00282000,PUT,282.0,2026-10-06,1660,125,244020,ALCISTA,BID,PENDIENTE,,,0.5
2026-10-02,MSTR,MSTR261106C00170000,CALL,170.0,2026-11-06,160,159,231040,NEUTRAL,MID,PENDIENTE,,,1.0
2026-10-02,SLV,SLV261005C00056500,CALL,56.5,2026-10-05,3234,457,58212,ALCISTA,ASK,PENDIENTE,,,0.5
2026-10-02,QQQ,QQQ261012P00750000,PUT,750.0,2026-10-12,1323,7,894348,BAJISTA,ASK,PENDIENTE,,,1.0
2026-10-02,QQQ,QQQ261023C00759000,CALL,759.0,2026-10-23,1005,386,1030125,BAJISTA,BID,PENDIENTE,,,1.0
2026-10-02,USO,USO261030C00152000,CALL,152.0,2026-10-30,136,129,68544,NEUTRAL,MID,PENDIENTE,,,1.0
2026-10-02,SMH,SMH261009C00642500,CALL,642.5,2026-10-09,151,54,73990,BAJISTA,BID,PENDIENTE,,,0.5
2026-10-02,SMH,SMH261005C00622500,CALL,622.5,2026-10-05,122,122,138226,BAJISTA,BID,PENDIENTE,,,0.5
2026-10-02,SPY,SPY261014C00771000,CALL,771.0,2026-10-14,1406,89,982794,BAJISTA,BID,PENDIENTE,,,1.0
2026-10-02,SPY,SPY261106P00765000,PUT,765.0,2026-11-06,1073,469,1013985,NEUTRAL,MID,PENDIENTE,,,1.0
2026-10-02,AAPL,AAPL261007C00337500,CALL,337.5,2026-10-07,590,442,63720,BAJISTA,BID,PENDIENTE,,,0.5
2026-10-02,AAPL,AAPL261007P00332500,PUT,332.5,2026-10-07,172,153,70520,BAJISTA,ASK,PENDIENTE,,,0.5
2026-10-02,APP,APP261030P00220000,PUT,220.0,2026-10-30,303,119,62115,NEUTRAL,MID,PENDIENTE,,,1.0
2026-10-01,CHTR,CHTR261120C00120000,CALL,120.0,2026-11-20,2315,1280,1967750,NEUTRAL,MID,NO CONFIRMADA,1280.0,2026-10-02,1.0
2026-10-02,INTC,INTC270617C00240000,CALL,240.0,2027-06-17,286,260,208494,ALCISTA,ASK,PENDIENTE,,,1.0
2026-10-01,MPC,MPC270917C00450000,CALL,450.0,2027-09-17,522,508,3575700,BAJISTA,BID,NO CONFIRMADA,508.0,2026-10-02,1.0
2026-10-01,MPC,MPC270917P00320000,PUT,320.0,2027-09-17,335,335,914550,BAJISTA,ASK,NO CONFIRMADA,335.0,2026-10-02,1.0
2026-10-01,MPC,MPC280616P00520000,PUT,520.0,2028-06-16,300,300,4560000,BAJISTA,ASK,NO CONFIRMADA,300.0,2026-10-02,0.25
2026-10-01,MPC,MPC280616C00520000,CALL,520.0,2028-06-16,300,300,2220000,NEUTRAL,MID,NO CONFIRMADA,300.0,2026-10-02,0.25
2026-10-02,META,META261009C00757500,CALL,757.5,2026-10-09,610,104,439200,ALCISTA,ASK,PENDIENTE,,,0.5
2026-10-02,MSFT,MSFT261005C00525000,CALL,525.0,2026-10-05,1306,1223,155414,ALCISTA,ASK,PENDIENTE,,,0.5
2026-10-02,MSFT,MSFT261007P00520000,PUT,520.0,2026-10-07,118,51,94400,NEUTRAL,MID,PENDIENTE,,,0.5
2026-10-02,MSFT,MSFT261005C00522500,CALL,522.5,2026-10-05,592,377,95904,NEUTRAL,MID,PENDIENTE,,,0.125
2026-10-02,MU,MU261012C01110000,CALL,1110.0,2026-10-12,483,22,1347570,ALCISTA,ASK,PENDIENTE,,,1.0
2026-10-02,MU,MU261005P01070000,PUT,1070.0,2026-10-05,1427,507,1148735,ALCISTA,BID,PENDIENTE,,,0.125
2026-10-02,MU,MU261016P01110000,PUT,1110.0,2026-10-16,265,229,1381975,ALCISTA,BID,PENDIENTE,,,1.0
2026-10-02,NVDA,NVDA261007C00237500,CALL,237.5,2026-10-07,2987,2290,866230,BAJISTA,BID,PENDIENTE,,,0.5
2026-10-02,STX,STX261009P00750000,PUT,750.0,2026-10-09,182,142,140140,BAJISTA,ASK,PENDIENTE,,,0.5
2026-10-02,TSLA,TSLA261007P00365000,PUT,365.0,2026-10-07,2049,232,932295,NEUTRAL,MID,PENDIENTE,,,0.125
2026-10-02,TSLA,TSLA261005P00365000,PUT,365.0,2026-10-05,3493,432,911673,NEUTRAL,MID,PENDIENTE,,,0.125
2026-10-02,WDC,WDC261009C00450000,CALL,450.0,2026-10-09,131,106,75325,NEUTRAL,MID,PENDIENTE,,,0.5
2026-10-02,MRVL,MRVL261106C00285000,CALL,285.0,2026-11-06,108,60,203040,ALCISTA,ASK,PENDIENTE,,,1.0
2026-10-02,PLTR,PLTR261106P00155000,PUT,155.0,2026-11-06,444,397,103008,BAJISTA,ASK,PENDIENTE,,,1.0
2026-10-02,PLTR,PLTR261106C00192500,CALL,192.5,2026-11-06,145,88,203435,NEUTRAL,MID,PENDIENTE,,,1.0
2026-10-02,HOOD,HOOD261009C00123000,CALL,123.0,2026-10-09,2385,456,310050,BAJISTA,BID,PENDIENTE,,,0.5
2026-10-02,COIN,COIN261009C00207500,CALL,207.5,2026-10-09,2409,236,390258,NEUTRAL,MID,PENDIENTE,,,0.5
2026-10-02,COIN,COIN261023P00167500,PUT,167.5,2026-10-23,292,79,75628,BAJISTA,ASK,PENDIENTE,,,1.0
2026-10-02,COIN,COIN261009C00217500,CALL,217.5,2026-10-09,2308,75,161560,NEUTRAL,MID,PENDIENTE,,,0.5
2026-10-02,COIN,COIN261009C00205000,CALL,205.0,2026-10-09,1651,742,338455,NEUTRAL,MID,PENDIENTE,,,0.5
2026-10-02,COIN,COIN261030P00157500,PUT,157.5,2026-10-30,286,42,74932,NEUTRAL,MID,PENDIENTE,,,1.0
2026-10-02,COIN,COIN261009C00210000,CALL,210.0,2026-10-09,1087,804,143484,NEUTRAL,MID,PENDIENTE,,,0.5
2026-10-02,COIN,COIN261016C00187500,CALL,187.5,2026-10-16,249,187,244020,BAJISTA,BID,PENDIENTE,,,1.0
2026-10-02,QQQ,QQQ261005C00754000,CALL,754.0,2026-10-05,7350,430,2653350,BAJISTA,BID,PENDIENTE,,,0.125
2026-10-02,QQQ,QQQ261231C00770000,CALL,770.0,2026-12-31,1179,814,2942784,BAJISTA,BID,PENDIENTE,,,1.0
2026-10-02,QQQ,QQQ280616P00320000,PUT,320.0,2028-06-16,5197,1713,1912496,NEUTRAL,MID,PENDIENTE,,,1.0
2026-10-01,MELI,MELI261113P01680000,PUT,1680.0,2026-11-13,203,101,2024113,NEUTRAL,MID,NO CONFIRMADA,101.0,2026-10-02,1.0
2026-10-01,MELI,MELI261120P01680000,PUT,1680.0,2026-11-20,206,122,2162176,NEUTRAL,MID,NO CONFIRMADA,122.0,2026-10-02,1.0
2026-10-01,MELI,MELI261009C01700000,CALL,1700.0,2026-10-09,116,93,439640,NEUTRAL,MID,NO CONFIRMADA,93.0,2026-10-02,1.0
2026-10-02,IWM,IWM261113C00302000,CALL,302.0,2026-11-13,4575,0,613050,NEUTRAL,MID,PENDIENTE,,,1.0
2026-10-02,IWM,IWM261007C00283000,CALL,283.0,2026-10-07,1916,458,392780,ALCISTA,ASK,PENDIENTE,,,0.5
2026-10-02,IWM,IWM261023C00285000,CALL,285.0,2026-10-23,1153,1119,463506,ALCISTA,ASK,PENDIENTE,,,1.0
2026-10-02,IWM,IWM261005C00284000,CALL,284.0,2026-10-05,8590,6401,687200,BAJISTA,BID,PENDIENTE,,,0.5
2026-10-02,IWM,IWM261005C00283000,CALL,283.0,2026-10-05,4583,2115,586624,BAJISTA,BID,PENDIENTE,,,0.5
2026-10-02,IWM,IWM261030C00300000,CALL,300.0,2026-10-30,5118,2746,368496,NEUTRAL,MID,PENDIENTE,,,0.25
2026-10-02,SLV,SLV261016C00053500,CALL,53.5,2026-10-16,214,41,54356,ALCISTA,ASK,PENDIENTE,,,1.0
2026-10-02,SPY,SPY261014P00771000,PUT,771.0,2026-10-14,3487,0,1959694,BAJISTA,ASK,PENDIENTE,,,1.0
2026-10-02,SPY,SPY261014P00770000,PUT,770.0,2026-10-14,3642,145,1893840,BAJISTA,ASK,PENDIENTE,,,1.0
2026-10-02,SPY,SPY261005C00773000,CALL,773.0,2026-10-05,9828,1644,2014740,ALCISTA,ASK,PENDIENTE,,,0.125
2026-10-02,SPY,SPY261005C00774000,CALL,774.0,2026-10-05,13546,1789,2099630,BAJISTA,BID,PENDIENTE,,,0.125
2026-10-02,SPY,SPY261009C00772000,CALL,772.0,2026-10-09,3633,2368,1838298,NEUTRAL,MID,PENDIENTE,,,0.5
2026-10-02,SPY,SPY261005C00764000,CALL,764.0,2026-10-05,2116,1447,1802832,BAJISTA,BID,PENDIENTE,,,0.125
2026-10-02,SPY,SPY261005C00758000,CALL,758.0,2026-10-05,1828,581,2471456,NEUTRAL,MID,PENDIENTE,,,0.037
2026-10-02,SMH,SMH261009P00430000,PUT,430.0,2026-10-09,20032,89,360576,BAJISTA,ASK,PENDIENTE,,,0.5
2026-10-02,SMH,SMH261023P00605000,PUT,605.0,2026-10-23,397,65,351742,BAJISTA,ASK,PENDIENTE,,,1.0
2026-10-02,SMH,SMH261006C00640000,CALL,640.0,2026-10-06,468,5,212940,BAJISTA,BID,PENDIENTE,,,0.5
2026-10-02,SMH,SMH261009C00637500,CALL,637.5,2026-10-09,243,54,215055,BAJISTA,BID,PENDIENTE,,,0.5
2026-10-02,SMH,SMH261008C00620000,CALL,620.0,2026-10-08,150,4,252750,BAJISTA,BID,PENDIENTE,,,0.5
2026-10-02,USO,USO261007P00142000,PUT,142.0,2026-10-07,528,268,150480,BAJISTA,ASK,PENDIENTE,,,0.5
2026-10-02,RUT,RUTW261008P02775000,PUT,2775.0,2026-10-08,324,29,147420,BAJISTA,ASK,PENDIENTE,,,0.5
2026-10-02,RUT,RUTW261106P02615000,PUT,2615.0,2026-11-06,162,25,213840,BAJISTA,ASK,PENDIENTE,,,1.0
2026-10-02,RUT,RUTW261106P02620000,PUT,2620.0,2026-11-06,172,57,234264,BAJISTA,ASK,PENDIENTE,,,1.0
2026-10-02,RUT,RUTW261023P02745000,PUT,2745.0,2026-10-23,179,66,288190,BAJISTA,ASK,PENDIENTE,,,0.25
2026-10-02,RUT,RUTW261023P02755000,PUT,2755.0,2026-10-23,145,61,252590,ALCISTA,BID,PENDIENTE,,,0.25
2026-10-02,GLD,GLD261023C00384000,CALL,384.0,2026-10-23,153,23,117045,ALCISTA,ASK,PENDIENTE,,,1.0
2026-10-02,GLD,GLD261023C00385000,CALL,385.0,2026-10-23,173,150,123176,ALCISTA,ASK,PENDIENTE,,,1.0
2026-10-02,SPX,SPX271015P07475000,PUT,7475.0,2027-10-15,280,0,9089360,NEUTRAL,MID,PENDIENTE,,,1.0
2026-10-02,AMD,AMD261005C00645000,CALL,645.0,2026-10-05,2831,464,2287448,NEUTRAL,MID,PENDIENTE,,,0.5
2026-10-02,AMD,AMD261009C00670000,CALL,670.0,2026-10-09,1710,309,1273950,BAJISTA,BID,PENDIENTE,,,0.5
2026-10-02,AMD,AMD261005C00640000,CALL,640.0,2026-10-05,1778,379,1893570,BAJISTA,BID,PENDIENTE,,,0.125
2026-10-02,AMD,AMD261005C00630000,CALL,630.0,2026-10-05,863,826,1466237,BAJISTA,BID,PENDIENTE,,,0.5
2026-10-02,AMD,AMD261005C00650000,CALL,650.0,2026-10-05,1826,869,1104730,NEUTRAL,MID,PENDIENTE,,,0.125
2026-10-02,APP,APP261016C00297500,CALL,297.5,2026-10-16,217,27,104160,BAJISTA,BID,PENDIENTE,,,1.0
2026-10-02,APP,APP261009C00272500,CALL,272.5,2026-10-09,107,1,117700,BAJISTA,BID,PENDIENTE,,,0.5
2026-10-02,APP,APP261009C00275000,CALL,275.0,2026-10-09,144,65,144000,NEUTRAL,MID,PENDIENTE,,,0.5
2026-10-02,AVGO,AVGO261007C00352500,CALL,352.5,2026-10-07,440,162,316800,BAJISTA,BID,PENDIENTE,,,0.5
2026-10-02,AVGO,AVGO261005C00345000,CALL,345.0,2026-10-05,258,202,278382,BAJISTA,BID,PENDIENTE,,,0.5
2026-10-02,COHR,COHR261009P00290000,PUT,290.0,2026-10-09,1066,301,186550,NEUTRAL,MID,PENDIENTE,,,0.125
2026-10-02,DELL,DELL261023P00545000,PUT,545.0,2026-10-23,100,55,235000,BAJISTA,ASK,PENDIENTE,,,1.0
2026-10-02,DELL,DELL261009P00545000,PUT,545.0,2026-10-09,246,85,226320,ALCISTA,BID,PENDIENTE,,,0.125
2026-10-02,INTC,INTC261005C00127000,CALL,127.0,2026-10-05,2788,305,404260,ALCISTA,ASK,PENDIENTE,,,0.5
2026-10-02,INTC,INTC261005C00126000,CALL,126.0,2026-10-05,6195,507,1115100,NEUTRAL,MID,PENDIENTE,,,0.125
2026-10-02,INTC,INTC261005C00125000,CALL,125.0,2026-10-05,2884,1458,663320,ALCISTA,ASK,PENDIENTE,,,0.5
2026-10-02,MRVL,MRVL261113C00275000,CALL,275.0,2026-11-13,108,24,271296,ALCISTA,ASK,PENDIENTE,,,1.0
2026-10-02,MRVL,MRVL261009P00292500,PUT,292.5,2026-10-09,170,26,363800,NEUTRAL,MID,PENDIENTE,,,0.5
2026-10-02,META,META261005C00750000,CALL,750.0,2026-10-05,4984,1585,902104,ALCISTA,ASK,PENDIENTE,,,0.5
2026-10-02,META,META261014P00730000,PUT,730.0,2026-10-14,438,13,688536,NEUTRAL,MID,PENDIENTE,,,1.0
2026-10-02,META,META261005C00732500,CALL,732.5,2026-10-05,1071,283,776475,ALCISTA,ASK,PENDIENTE,,,0.125
2026-10-02,META,META261009C00732500,CALL,732.5,2026-10-09,327,136,462705,BAJISTA,BID,PENDIENTE,,,0.5
2026-10-02,META,META261014P00735000,PUT,735.0,2026-10-14,218,20,412456,NEUTRAL,MID,PENDIENTE,,,1.0
2026-10-02,META,META261007C00730000,CALL,730.0,2026-10-07,371,148,461895,NEUTRAL,MID,PENDIENTE,,,0.5
2026-10-02,MU,MU261023C01090000,CALL,1090.0,2026-10-23,409,107,2245001,BAJISTA,BID,PENDIENTE,,,1.0
2026-10-02,MU,MU261009C01110000,CALL,1110.0,2026-10-09,802,610,1928810,ALCISTA,ASK,PENDIENTE,,,0.125
2026-10-02,MU,MU261120C01380000,CALL,1380.0,2026-11-20,1006,645,1751446,ALCISTA,ASK,PENDIENTE,,,0.25
2026-10-02,MU,MU261120C01390000,CALL,1390.0,2026-11-20,1004,268,1590336,BAJISTA,BID,PENDIENTE,,,0.25
2026-10-02,NKE,NKE261009P00031500,PUT,31.5,2026-10-09,5821,182,87315,ALCISTA,BID,PENDIENTE,,,0.5
2026-10-02,NKE,NKE261030P00034000,PUT,34.0,2026-10-30,564,274,93624,NEUTRAL,MID,PENDIENTE,,,1.0
2026-10-02,MSFT,MSFT261005P00515000,PUT,515.0,2026-10-05,895,311,250600,NEUTRAL,MID,PENDIENTE,,,0.5
2026-10-02,NVDA,NVDA261009C00247500,CALL,247.5,2026-10-09,22005,2344,1474335,ALCISTA,ASK,PENDIENTE,,,0.5
2026-10-02,NVDA,NVDA261005C00240000,CALL,240.0,2026-10-05,28501,7943,2109074,ALCISTA,ASK,PENDIENTE,,,0.5
2026-10-02,SNDK,SNDK261009C01732500,CALL,1732.5,2026-10-09,121,32,877250,ALCISTA,ASK,PENDIENTE,,,0.5
2026-10-02,SNDK,SNDK261009C01735000,CALL,1735.0,2026-10-09,120,67,790680,ALCISTA,ASK,PENDIENTE,,,0.5
2026-10-02,STX,STX261113P00720000,PUT,720.0,2026-11-13,115,0,334650,NEUTRAL,MID,PENDIENTE,,,1.0
2026-10-02,TSLA,TSLA261009C00385000,CALL,385.0,2026-10-09,6274,2755,1907296,ALCISTA,ASK,PENDIENTE,,,0.125
2026-10-02,TSLA,TSLA261106C00370000,CALL,370.0,2026-11-06,857,689,1807413,BAJISTA,BID,PENDIENTE,,,1.0
2026-10-02,WDC,WDC261016C00417500,CALL,417.5,2026-10-16,142,3,269800,ALCISTA,ASK,PENDIENTE,,,1.0
2026-10-02,WDC,WDC261009C00417500,CALL,417.5,2026-10-09,262,54,368634,ALCISTA,ASK,PENDIENTE,,,0.125
2026-10-02,WDC,WDC261030C00390000,CALL,390.0,2026-10-30,106,5,505090,NEUTRAL,MID,PENDIENTE,,,1.0
2026-10-02,HIMS,HIMS261009C00032500,CALL,32.5,2026-10-09,1425,1394,55575,ALCISTA,ASK,PENDIENTE,,,0.125
2026-10-02,HOOD,HOOD261016C00117000,CALL,117.0,2026-10-16,721,426,266770,ALCISTA,ASK,PENDIENTE,,,1.0
2026-10-02,MSTR,MSTR261009C00180000,CALL,180.0,2026-10-09,7658,2791,513086,NEUTRAL,MID,PENDIENTE,,,0.125
2026-10-02,MSTR,MSTR261009C00111000,CALL,111.0,2026-10-09,100,45,492700,ALCISTA,ASK,PENDIENTE,,,0.15
2026-10-02,COIN,COIN270416P00145000,PUT,145.0,2027-04-16,198,126,278190,NEUTRAL,MID,PENDIENTE,,,1.0
2026-10-02,SMH,SMH261009P00470000,PUT,470.0,2026-10-09,107203,406,536015,BAJISTA,ASK,PENDIENTE,,,0.5
2026-10-02,SMH,SMH261006C00630000,CALL,630.0,2026-10-06,673,8,555225,ALCISTA,ASK,PENDIENTE,,,0.5
2026-10-02,USO,USO261030C00140000,CALL,140.0,2026-10-30,181,141,210865,BAJISTA,BID,PENDIENTE,,,1.0
2026-10-02,AMD,AMD261005P00640000,PUT,640.0,2026-10-05,1304,34,1727800,BAJISTA,ASK,PENDIENTE,,,0.5
2026-10-02,AMZN,AMZN261007C00240000,CALL,240.0,2026-10-07,401,96,457140,NEUTRAL,MID,PENDIENTE,,,0.037
2026-10-02,GOOGL,GOOGL261007C00345000,CALL,345.0,2026-10-07,1247,1154,473860,BAJISTA,BID,PENDIENTE,,,0.5
2026-10-02,AAPL,AAPL261005C00337500,CALL,337.5,2026-10-05,8599,1773,533138,BAJISTA,BID,PENDIENTE,,,0.125
2026-10-02,AMAT,AMAT261009C00545000,CALL,545.0,2026-10-09,154,19,177100,NEUTRAL,MID,PENDIENTE,,,0.5
2026-10-02,COHR,COHR261009P00315000,PUT,315.0,2026-10-09,265,55,144425,BAJISTA,ASK,PENDIENTE,,,0.5
2026-10-02,GS,GS261009C00937500,CALL,937.5,2026-10-09,208,27,83200,ALCISTA,ASK,PENDIENTE,,,0.125
2026-10-01,HONA,HONA261120C00170000,CALL,170.0,2026-11-20,224,107,87360,NEUTRAL,MID,CONFIRMADA,323.0,2026-10-02,1.0
2026-10-01,HONA,HONA261120P00170000,PUT,170.0,2026-11-20,115,54,224480,NEUTRAL,MID,CONFIRMADA,152.0,2026-10-02,1.0
2026-10-02,NKE,NKE261030P00033000,PUT,33.0,2026-10-30,1524,458,158496,NEUTRAL,MID,PENDIENTE,,,1.0
2026-10-02,ORCL,ORCL261009P00138000,PUT,138.0,2026-10-09,1154,578,279268,ALCISTA,BID,PENDIENTE,,,0.125
2026-10-02,ORCL,ORCL261009P00142000,PUT,142.0,2026-10-09,634,319,286568,NEUTRAL,MID,PENDIENTE,,,0.5
2026-10-02,ORCL,ORCL261016P00142000,PUT,142.0,2026-10-16,460,343,278300,NEUTRAL,MID,PENDIENTE,,,1.0
2026-10-02,STX,STX261113P00700000,PUT,700.0,2026-11-13,268,0,648292,NEUTRAL,MID,PENDIENTE,,,1.0
2026-10-02,STX,STX261218C01420000,CALL,1420.0,2026-12-18,748,105,635800,NEUTRAL,MID,PENDIENTE,,,0.25
2026-10-02,SNDK,SNDK261016C01730000,CALL,1730.0,2026-10-16,182,127,1468012,ALCISTA,ASK,PENDIENTE,,,1.0
2026-10-02,SMCI,SMCI261009P00044500,PUT,44.5,2026-10-09,492,47,111684,ALCISTA,BID,PENDIENTE,,,0.5
2026-10-02,TXN,TXN261009C00300000,CALL,300.0,2026-10-09,186,79,75330,ALCISTA,ASK,PENDIENTE,,,0.5
2026-10-02,VST,VST261113C00150000,CALL,150.0,2026-11-13,108,4,54000,ALCISTA,ASK,PENDIENTE,,,1.0
2026-10-02,GME,GME270416P00024000,PUT,24.0,2027-04-16,188,79,59220,BAJISTA,ASK,PENDIENTE,,,1.0
2026-10-02,HOOD,HOOD261016C00116000,CALL,116.0,2026-10-16,806,409,307086,NEUTRAL,MID,PENDIENTE,,,1.0
2026-10-02,HOOD,HOOD261009C00125000,CALL,125.0,2026-10-09,6731,2992,323088,BAJISTA,BID,PENDIENTE,,,0.125
2026-10-02,HOOD,HOOD261023C00092000,CALL,92.0,2026-10-23,124,29,267592,BAJISTA,BID,PENDIENTE,,,0.075
2026-10-02,HOOD,HOOD261023C00085000,CALL,85.0,2026-10-23,102,25,294474,NEUTRAL,MID,PENDIENTE,,,0.075
2026-10-02,HOOD,HOOD261030C00112000,CALL,112.0,2026-10-30,324,253,283500,NEUTRAL,MID,PENDIENTE,,,0.25
2026-10-02,HOOD,HOOD261023C00091000,CALL,91.0,2026-10-23,120,49,271920,BAJISTA,BID,PENDIENTE,,,0.075
2026-10-02,MSTR,MSTR261009C00182500,CALL,182.5,2026-10-09,12519,1980,575874,ALCISTA,ASK,PENDIENTE,,,0.125
2026-10-02,SMH,SMH261023P00590000,PUT,590.0,2026-10-23,913,226,515845,ALCISTA,BID,PENDIENTE,,,0.25
2026-10-02,SPY,SPY261005P00765000,PUT,765.0,2026-10-05,42249,2714,4816386,BAJISTA,ASK,PENDIENTE,,,0.125
2026-10-02,USO,USO261023C00145000,CALL,145.0,2026-10-23,353,128,264397,BAJISTA,BID,PENDIENTE,,,1.0
2026-10-02,USO,USO261007C00145000,CALL,145.0,2026-10-07,654,193,281874,NEUTRAL,MID,PENDIENTE,,,0.5
2026-10-02,USO,USO261120P00147000,PUT,147.0,2026-11-20,231,185,231000,NEUTRAL,MID,PENDIENTE,,,1.0
2026-10-02,QQQ,QQQ261005P00754000,PUT,754.0,2026-10-05,6483,34,4246365,ALCISTA,BID,PENDIENTE,,,0.125
2026-10-02,ACN,ACN261016C00202500,CALL,202.5,2026-10-16,124,50,85560,ALCISTA,ASK,PENDIENTE,,,1.0
2026-10-02,ABNB,ABNB261009C00162500,CALL,162.5,2026-10-09,145,63,52200,ALCISTA,ASK,PENDIENTE,,,0.5
2026-10-02,SPX,SPX270820C08600000,CALL,8600.0,2027-08-20,1506,567,28614000,BAJISTA,BID,PENDIENTE,,,1.0
2026-10-02,AMZN,AMZN261007C00242500,CALL,242.5,2026-10-07,615,67,571335,ALCISTA,ASK,PENDIENTE,,,0.5
2026-10-02,GOOGL,GOOGL261007P00340000,PUT,340.0,2026-10-07,1747,255,433256,NEUTRAL,MID,PENDIENTE,,,0.5
2026-10-02,AAPL,AAPL261009C00327500,CALL,327.5,2026-10-09,674,580,529090,NEUTRAL,MID,PENDIENTE,,,0.5
2026-10-02,AVGO,AVGO261007P00350000,PUT,350.0,2026-10-07,1863,208,745200,NEUTRAL,MID,PENDIENTE,,,0.5
2026-10-02,AVGO,AVGO261005P00352500,PUT,352.5,2026-10-05,1566,285,529308,BAJISTA,ASK,PENDIENTE,,,0.125
2026-10-02,COHR,COHR261009P00317500,PUT,317.5,2026-10-09,228,25,142728,BAJISTA,ASK,PENDIENTE,,,0.125
2026-10-02,DELL,DELL261009C00562500,CALL,562.5,2026-10-09,163,43,319154,ALCISTA,ASK,PENDIENTE,,,0.125
2026-10-02,COST,COST261009P00890000,PUT,890.0,2026-10-09,368,257,66608,BAJISTA,ASK,PENDIENTE,,,0.5
2026-10-02,COST,COST261120P00845000,PUT,845.0,2026-11-20,137,137,64527,NEUTRAL,MID,PENDIENTE,,,1.0
2026-10-02,FCX,FCX261030P00061000,PUT,61.0,2026-10-30,910,11,54600,NEUTRAL,MID,PENDIENTE,,,1.0
2026-10-02,HPE,HPE261030P00068000,PUT,68.0,2026-10-30,273,1,109200,BAJISTA,ASK,PENDIENTE,,,0.25
2026-10-02,HPE,HPE261030P00067000,PUT,67.0,2026-10-30,301,2,102340,NEUTRAL,MID,PENDIENTE,,,0.25
2026-10-02,LEN,LEN261009C00082000,CALL,82.0,2026-10-09,535,58,54570,NEUTRAL,MID,PENDIENTE,,,0.5
2026-10-02,LLY,LLY261009P01110000,PUT,1110.0,2026-10-09,150,136,103500,NEUTRAL,MID,PENDIENTE,,,0.5
2026-10-02,LITE,LITE270617P00610000,PUT,610.0,2027-06-17,104,13,484120,NEUTRAL,MID,PENDIENTE,,,1.0
2026-10-02,MRVL,MRVL261106C00290000,CALL,290.0,2026-11-06,271,142,408939,ALCISTA,ASK,PENDIENTE,,,1.0
2026-10-02,META,META261007C00755000,CALL,755.0,2026-10-07,5409,743,1352250,NEUTRAL,MID,PENDIENTE,,,0.5
2026-10-02,META,META261005C00735000,CALL,735.0,2026-10-05,3048,559,1158240,NEUTRAL,MID,PENDIENTE,,,0.5
2026-10-02,META,META261023C00730000,CALL,730.0,2026-10-23,540,317,1310040,NEUTRAL,MID,PENDIENTE,,,1.0
2026-10-02,NKE,NKE270319P00027500,PUT,27.5,2027-03-19,1683,916,195228,BAJISTA,ASK,PENDIENTE,,,1.0
2026-10-02,NKE,NKE261023P00033000,PUT,33.0,2026-10-23,1882,1052,163734,BAJISTA,ASK,PENDIENTE,,,0.25
2026-10-02,NKE,NKE261113P00035000,PUT,35.0,2026-11-13,753,631,179967,NEUTRAL,MID,PENDIENTE,,,1.0
2026-10-02,NVDA,NVDA261009C00245000,CALL,245.0,2026-10-09,53747,11268,2794844,BAJISTA,BID,PENDIENTE,,,0.5
2026-10-02,PANW,PANW261009P00397500,PUT,397.5,2026-10-09,163,56,128933,BAJISTA,ASK,PENDIENTE,,,0.5
2026-10-02,PANW,PANW261016C00405000,CALL,405.0,2026-10-16,160,96,227200,ALCISTA,ASK,PENDIENTE,,,1.0
2026-10-02,PANW,PANW261009P00405000,PUT,405.0,2026-10-09,107,33,119412,NEUTRAL,MID,PENDIENTE,,,0.5
2026-10-02,RDDT,RDDT261009P00139000,PUT,139.0,2026-10-09,388,166,51604,NEUTRAL,MID,PENDIENTE,,,0.125
2026-10-02,STX,STX261120P00560000,PUT,560.0,2026-11-20,1354,104,717620,NEUTRAL,MID,PENDIENTE,,,1.0
2026-10-02,STX,STX270617C01440000,CALL,1440.0,2027-06-17,121,27,745481,BAJISTA,BID,PENDIENTE,,,1.0
2026-10-02,STX,STX270115C01050000,CALL,1050.0,2027-01-15,127,59,694690,BAJISTA,BID,PENDIENTE,,,1.0
2026-10-02,SMCI,SMCI261016P00043500,PUT,43.5,2026-10-16,612,144,142596,BAJISTA,ASK,PENDIENTE,,,1.0
2026-10-02,SMCI,SMCI261113C00050000,CALL,50.0,2026-11-13,561,28,139128,NEUTRAL,MID,PENDIENTE,,,1.0
2026-10-02,MSFT,MSFT261106C00525000,CALL,525.0,2026-11-06,281,262,487816,ALCISTA,ASK,PENDIENTE,,,1.0
2026-10-02,MSFT,MSFT261009C00467500,CALL,467.5,2026-10-09,100,38,487900,ALCISTA,ASK,PENDIENTE,,,0.037
2026-10-02,MSFT,MSFT261009C00472500,CALL,472.5,2026-10-09,110,60,465410,NEUTRAL,MID,PENDIENTE,,,0.037
2026-10-02,TSLA,TSLA261016P00440000,PUT,440.0,2026-10-16,389,5,2693825,BAJISTA,ASK,PENDIENTE,,,0.3
2026-10-02,MU,MU261005C01095000,CALL,1095.0,2026-10-05,5664,222,3766560,BAJISTA,BID,PENDIENTE,,,0.125
2026-10-02,MU,MU261009P01100000,PUT,1100.0,2026-10-09,903,323,3562335,BAJISTA,ASK,PENDIENTE,,,0.5
2026-10-02,MU,MU261005C01040000,CALL,1040.0,2026-10-05,917,412,3932096,ALCISTA,ASK,PENDIENTE,,,0.5
2026-10-02,MU,MU261218C01350000,CALL,1350.0,2026-12-18,1183,833,3744195,NEUTRAL,MID,PENDIENTE,,,1.0
2026-10-02,MU,MU261005C01060000,CALL,1060.0,2026-10-05,1370,998,3412670,ALCISTA,ASK,PENDIENTE,,,0.125
2026-10-02,MU,MU261120P01200000,PUT,1200.0,2026-11-20,227,202,3508739,NEUTRAL,MID,PENDIENTE,,,1.0
2026-10-02,VST,VST261016C00138000,CALL,138.0,2026-10-16,189,167,91665,ALCISTA,ASK,PENDIENTE,,,1.0
2026-10-02,VST,VST261009C00137000,CALL,137.0,2026-10-09,201,41,65325,BAJISTA,BID,PENDIENTE,,,0.125
2026-10-02,VST,VST261009C00138000,CALL,138.0,2026-10-09,235,126,66975,BAJISTA,BID,PENDIENTE,,,0.125
2026-10-02,VST,VST261009C00139000,CALL,139.0,2026-10-09,264,260,62832,BAJISTA,BID,PENDIENTE,,,0.125
2026-10-02,VST,VST261009C00135000,CALL,135.0,2026-10-09,140,107,69300,ALCISTA,ASK,PENDIENTE,,,0.125
2026-10-02,WDC,WDC261009P00407500,PUT,407.5,2026-10-09,642,29,797364,NEUTRAL,MID,PENDIENTE,,,0.125
2026-10-02,ARM,ARM261016C00322500,CALL,322.5,2026-10-16,212,165,307400,ALCISTA,ASK,PENDIENTE,,,1.0
2026-10-02,CRWV,CRWV261009P00086000,PUT,86.0,2026-10-09,1306,761,223326,ALCISTA,BID,PENDIENTE,,,0.125
2026-10-02,NBIS,NBIS261016P00237500,PUT,237.5,2026-10-16,309,236,339900,ALCISTA,BID,PENDIENTE,,,1.0
2026-10-02,MSTR,MSTR261009C00177500,CALL,177.5,2026-10-09,10986,531,681132,NEUTRAL,MID,PENDIENTE,,,0.5
2026-10-02,MSTR,MSTR261009P00150000,PUT,150.0,2026-10-09,5240,2686,1142320,BAJISTA,ASK,PENDIENTE,,,0.125
2026-10-02,MSTR,MSTR261030C00175000,CALL,175.0,2026-10-30,1666,993,816340,NEUTRAL,MID,PENDIENTE,,,1.0
2026-10-02,MSTR,MSTR261009P00167500,PUT,167.5,2026-10-09,610,310,752740,ALCISTA,BID,PENDIENTE,,,0.5
2026-10-02,HOOD,HOOD261030P00118000,PUT,118.0,2026-10-30,285,259,299250,BAJISTA,ASK,PENDIENTE,,,1.0
2026-10-02,NDX,NDXP261005C31200000,CALL,31200.0,2026-10-05,1585,11,1756180,BAJISTA,BID,PENDIENTE,,,0.5
2026-10-02,IWM,IWM261023P00278000,PUT,278.0,2026-10-23,2276,1021,719216,BAJISTA,ASK,PENDIENTE,,,1.0
2026-10-02,IWM,IWM261030C00295000,CALL,295.0,2026-10-30,6013,5344,709534,NEUTRAL,MID,PENDIENTE,,,0.25
2026-10-02,SLV,SLV261106P00060000,PUT,60.0,2026-11-06,180,53,109440,BAJISTA,ASK,PENDIENTE,,,1.0
2026-10-02,SLV,SLV261030C00058000,CALL,58.0,2026-10-30,1298,1111,99946,BAJISTA,BID,PENDIENTE,,,1.0
2026-10-02,SLV,SLV261009P00054000,PUT,54.0,2026-10-09,1578,1348,105726,ALCISTA,BID,PENDIENTE,,,0.125
2026-10-02,XLE,XLE261009P00062500,PUT,62.5,2026-10-09,744,517,50592,NEUTRAL,MID,PENDIENTE,,,0.5
2026-10-02,HYG,HYG261218C00081000,CALL,81.0,2026-12-18,25076,7915,125380,ALCISTA,ASK,PENDIENTE,,,1.0
2026-10-02,SPY,SPY261007P00770000,PUT,770.0,2026-10-07,13674,1223,5168772,NEUTRAL,MID,PENDIENTE,,,0.5
2026-10-02,RUT,RUT261120C02990000,CALL,2990.0,2026-11-20,290,144,674540,ALCISTA,ASK,PENDIENTE,,,1.0
2026-10-02,RUT,RUTW261023C02990000,CALL,2990.0,2026-10-23,1539,145,621756,NEUTRAL,MID,PENDIENTE,,,0.25
2026-10-02,AMD,AMD261009P00640000,PUT,640.0,2026-10-09,1140,87,2248080,BAJISTA,ASK,PENDIENTE,,,0.5
2026-10-02,AMD,AMD261030C00635000,CALL,635.0,2026-10-30,663,378,2132871,BAJISTA,BID,PENDIENTE,,,1.0
2026-10-02,AMD,AMD270319C00610000,CALL,610.0,2027-03-19,217,33,2305842,BAJISTA,BID,PENDIENTE,,,1.0
2026-10-02,AKAM,AKAM261009C00115000,CALL,115.0,2026-10-09,397,272,73445,NEUTRAL,MID,PENDIENTE,,,0.5
2026-10-02,AMZN,AMZN261005P00252500,PUT,252.5,2026-10-05,2023,386,623084,BAJISTA,ASK,PENDIENTE,,,0.5
2026-10-02,AMZN,AMZN261005P00250000,PUT,250.0,2026-10-05,5193,2107,784143,NEUTRAL,MID,PENDIENTE,,,0.125
2026-10-02,AMZN,AMZN261007C00237500,CALL,237.5,2026-10-07,410,193,576460,ALCISTA,ASK,PENDIENTE,,,0.15
2026-10-02,GOOGL,GOOGL261009C00347500,CALL,347.5,2026-10-09,1452,1357,471900,NEUTRAL,MID,PENDIENTE,,,0.5
2026-10-02,AAPL,AAPL261007C00330000,CALL,330.0,2026-10-07,1192,1048,656792,ALCISTA,ASK,PENDIENTE,,,0.5
2026-10-02,APP,APP261009C00280000,CALL,280.0,2026-10-09,529,122,241753,NEUTRAL,MID,PENDIENTE,,,0.5
2026-10-02,APP,APP261016C00275000,CALL,275.0,2026-10-16,270,84,272700,NEUTRAL,MID,PENDIENTE,,,1.0
2026-10-02,APP,APP261016C00270000,CALL,270.0,2026-10-16,207,44,248400,BAJISTA,BID,PENDIENTE,,,1.0
2026-10-02,APP,APP261016C00290000,CALL,290.0,2026-10-16,539,329,258720,NEUTRAL,MID,PENDIENTE,,,0.25
2026-10-02,XYZ,XYZ261009C00079000,CALL,79.0,2026-10-09,1778,85,56896,NEUTRAL,MID,PENDIENTE,,,0.5
2026-10-02,AMAT,AMAT261030P00500000,PUT,500.0,2026-10-30,122,42,184220,NEUTRAL,MID,PENDIENTE,,,1.0
2026-10-02,BMY,BMY261009P00060000,PUT,60.0,2026-10-09,1105,161,61880,NEUTRAL,MID,PENDIENTE,,,0.125
2026-10-02,CAT,CAT261030C00975000,CALL,975.0,2026-10-30,139,17,104250,NEUTRAL,MID,PENDIENTE,,,1.0
2026-10-02,CSCO,CSCO261030P00112000,PUT,112.0,2026-10-30,160,13,57280,BAJISTA,ASK,PENDIENTE,,,1.0
2026-10-02,CRWD,CRWD261009P00265000,PUT,265.0,2026-10-09,510,81,265200,NEUTRAL,MID,PENDIENTE,,,0.125
2026-10-02,DDOG,DDOG261009C00310000,CALL,310.0,2026-10-09,1107,53,61992,NEUTRAL,MID,PENDIENTE,,,0.5
2026-10-02,DELL,DELL261009C00555000,CALL,555.0,2026-10-09,151,123,336579,NEUTRAL,MID,PENDIENTE,,,0.5
2026-10-02,DELL,DELL261023C00560000,CALL,560.0,2026-10-23,101,91,338855,NEUTRAL,MID,PENDIENTE,,,1.0
2026-10-02,HD,HD261009C00285000,CALL,285.0,2026-10-09,208,77,71760,NEUTRAL,MID,PENDIENTE,,,0.5
2026-10-02,INTC,INTC270416C00092500,CALL,92.5,2027-04-16,240,140,901200,ALCISTA,ASK,PENDIENTE,,,1.0
2026-10-02,JPM,JPM261106C00355000,CALL,355.0,2026-11-06,320,76,75520,NEUTRAL,MID,PENDIENTE,,,1.0
2026-10-02,LOW,LOW261016C00202500,CALL,202.5,2026-10-16,3006,59,66132,ALCISTA,ASK,PENDIENTE,,,1.0
2026-10-02,LULU,LULU261009C00100000,CALL,100.0,2026-10-09,1125,796,54000,NEUTRAL,MID,PENDIENTE,,,0.5
2026-10-02,MCD,MCD270319P00200000,PUT,200.0,2027-03-19,148,106,54612,NEUTRAL,MID,PENDIENTE,,,1.0
2026-10-02,LRCX,LRCX261030P00320000,PUT,320.0,2026-10-30,177,114,188505,NEUTRAL,MID,PENDIENTE,,,1.0
2026-10-02,MU,MU261016C01140000,CALL,1140.0,2026-10-16,2332,750,4139300,ALCISTA,ASK,PENDIENTE,,,1.0
2026-10-02,MU,MU270319C01190000,CALL,1190.0,2027-03-19,369,170,4457520,NEUTRAL,MID,PENDIENTE,,,1.0
2026-10-02,NSC,NSC261016C00330000,CALL,330.0,2026-10-16,451,305,58630,ALCISTA,ASK,PENDIENTE,,,1.0
2026-10-02,NVDA,NVDA261005C00237500,CALL,237.5,2026-10-05,60123,3802,3366888,ALCISTA,ASK,PENDIENTE,,,0.125
2026-10-02,ORCL,ORCL261016P00141000,PUT,141.0,2026-10-16,924,175,448140,BAJISTA,ASK,PENDIENTE,,,1.0
2026-10-02,NKE,NKE261023C00034000,CALL,34.0,2026-10-23,1732,159,181860,BAJISTA,BID,PENDIENTE,,,0.25
2026-10-02,NKE,NKE261016P00033000,PUT,33.0,2026-10-16,4002,2589,204102,ALCISTA,BID,PENDIENTE,,,0.25
2026-10-02,NKE,NKE270917P00025000,PUT,25.0,2027-09-17,1329,1173,186060,NEUTRAL,MID,PENDIENTE,,,1.0
2026-10-02,SNDK,SNDK280616P01030000,PUT,1030.0,2028-06-16,100,17,1665200,BAJISTA,ASK,PENDIENTE,,,1.0
2026-10-02,SNDK,SNDK270917P01120000,PUT,1120.0,2027-09-17,145,87,1635600,BAJISTA,ASK,PENDIENTE,,,1.0
2026-10-02,SNDK,SNDK261009C01727500,CALL,1727.5,2026-10-09,332,6,1656680,NEUTRAL,MID,PENDIENTE,,,0.125
2026-10-02,SNDK,SNDK261009P01740000,PUT,1740.0,2026-10-09,266,93,1616748,ALCISTA,BID,PENDIENTE,,,0.125
2026-10-02,STX,STX261009P00800000,PUT,800.0,2026-10-09,665,162,793345,BAJISTA,ASK,PENDIENTE,,,0.125
2026-10-02,STX,STX261023C00825000,CALL,825.0,2026-10-23,128,5,803840,NEUTRAL,MID,PENDIENTE,,,1.0
2026-10-02,STX,STX261030C00830000,CALL,830.0,2026-10-30,102,2,768060,NEUTRAL,MID,PENDIENTE,,,1.0
2026-10-02,SMCI,SMCI261218P00025000,PUT,25.0,2026-12-18,4831,2813,169085,NEUTRAL,MID,PENDIENTE,,,1.0
2026-10-02,TSLA,TSLA261007C00375000,CALL,375.0,2026-10-07,6302,1121,3024960,ALCISTA,ASK,PENDIENTE,,,0.5
2026-10-02,TSLA,TSLA261009C00377500,CALL,377.5,2026-10-09,6448,1463,3398096,ALCISTA,ASK,PENDIENTE,,,0.5
2026-10-02,TSLA,TSLA261009C00382500,CALL,382.5,2026-10-09,8862,550,3216906,ALCISTA,ASK,PENDIENTE,,,0.125
2026-10-02,TSLA,TSLA261007C00360000,CALL,360.0,2026-10-07,2150,675,3033650,NEUTRAL,MID,PENDIENTE,,,0.5
2026-10-02,TSLA,TSLA261007C00370000,CALL,370.0,2026-10-07,4239,1428,3022407,NEUTRAL,MID,PENDIENTE,,,0.5
2026-10-02,TSLA,TSLA280616C00610000,CALL,610.0,2028-06-16,737,626,2933260,BAJISTA,BID,PENDIENTE,,,1.0
2026-10-02,VLO,VLO261009P00375000,PUT,375.0,2026-10-09,288,67,51264,BAJISTA,ASK,PENDIENTE,,,0.125
2026-10-02,VRT,VRT261009C00257500,CALL,257.5,2026-10-09,142,94,63900,ALCISTA,ASK,PENDIENTE,,,0.5
2026-10-02,VST,VST261009C00136000,CALL,136.0,2026-10-09,313,48,118940,NEUTRAL,MID,PENDIENTE,,,0.5
2026-10-02,VST,VST261030C00140000,CALL,140.0,2026-10-30,480,314,259200,NEUTRAL,MID,PENDIENTE,,,1.0
2026-10-02,VST,VST261030C00135000,CALL,135.0,2026-10-30,184,31,141680,NEUTRAL,MID,PENDIENTE,,,1.0
2026-10-02,VST,VST270917C00170000,CALL,170.0,2027-09-17,248,243,411680,NEUTRAL,MID,PENDIENTE,,,1.0
2026-10-02,VST,VST270416C00170000,CALL,170.0,2027-04-16,255,187,234600,NEUTRAL,MID,PENDIENTE,,,1.0
2026-10-02,VST,VST261030C00150000,CALL,150.0,2026-10-30,516,421,122292,NEUTRAL,MID,PENDIENTE,,,1.0
2026-10-02,DIS,DIS261009C00104000,CALL,104.0,2026-10-09,790,447,51350,ALCISTA,ASK,PENDIENTE,,,0.5
2026-10-02,WDC,WDC261106C00390000,CALL,390.0,2026-11-06,163,0,766100,BAJISTA,BID,PENDIENTE,,,1.0
2026-10-02,WDC,WDC261120C00650000,CALL,650.0,2026-11-20,2123,788,753665,NEUTRAL,MID,PENDIENTE,,,1.0
2026-10-02,WDC,WDC261016C00400000,CALL,400.0,2026-10-16,256,132,746240,NEUTRAL,MID,PENDIENTE,,,1.0
2026-10-02,ASML,ASML261218C02400000,CALL,2400.0,2026-12-18,106,86,283020,ALCISTA,ASK,PENDIENTE,,,0.25
2026-10-02,RKLB,RKLB261016P00074000,PUT,74.0,2026-10-16,390,141,161850,NEUTRAL,MID,PENDIENTE,,,1.0
2026-10-02,GME,GME261009P00024000,PUT,24.0,2026-10-09,1893,723,92757,BAJISTA,ASK,PENDIENTE,,,0.5
2026-10-02,GME,GME261009C00027000,CALL,27.0,2026-10-09,4658,1910,69870,BAJISTA,BID,PENDIENTE,,,0.125
2026-10-01,SOLS,SOLS261120P00045000,PUT,45.0,2026-11-20,15001,1059,1050070,BAJISTA,ASK,CONFIRMADA,15785.0,2026-10-02,1.0
2026-10-01,DYN,DYN270319C00010000,CALL,10.0,2027-03-19,10018,18,7914220,ALCISTA,ASK,CONFIRMADA,10026.0,2026-10-02,0.25
2026-10-01,DYN,DYN261120C00017000,CALL,17.0,2026-11-20,2002,320,220220,ALCISTA,ASK,CONFIRMADA,2319.0,2026-10-02,1.0
2026-10-01,DYN,DYN270319C00030000,CALL,30.0,2027-03-19,4307,529,775260,BAJISTA,BID,CONFIRMADA,3427.0,2026-10-02,0.25
2026-10-01,AGIO,AGIO280121C00012500,CALL,12.5,2028-01-21,968,7,2081200,BAJISTA,BID,NO CONFIRMADA,486.0,2026-10-02,0.3
2026-10-02,AUPH,AUPH280121C00030000,CALL,30.0,2028-01-21,465,258,60915,ALCISTA,ASK,PENDIENTE,,,1.0
2026-10-02,MELI,MELI261023C01700000,CALL,1700.0,2026-10-23,289,9,1829948,ALCISTA,ASK,PENDIENTE,,,0.25
2026-10-02,MELI,MELI261023C01780000,CALL,1780.0,2026-10-23,288,14,862560,ALCISTA,ASK,PENDIENTE,,,0.25
2026-10-02,MELI,MELI261106C01730000,CALL,1730.0,2026-11-06,115,26,955650,NEUTRAL,MID,PENDIENTE,,,1.0
2026-10-02,MELI,MELI261009C01750000,CALL,1750.0,2026-10-09,248,21,357616,NEUTRAL,MID,PENDIENTE,,,0.5
2026-10-02,MELI,MELI261009C01725000,CALL,1725.0,2026-10-09,165,27,353430,NEUTRAL,MID,PENDIENTE,,,0.5
2026-10-02,MELI,MELI261023C01900000,CALL,1900.0,2026-10-23,290,53,220400,ALCISTA,ASK,PENDIENTE,,,0.25
2026-10-02,MELI,MELI261106C01890000,CALL,1890.0,2026-11-06,106,5,388172,NEUTRAL,MID,PENDIENTE,,,1.0
2026-10-02,MELI,MELI261009P01650000,PUT,1650.0,2026-10-09,398,117,798786,NEUTRAL,MID,PENDIENTE,,,0.125
2026-10-02,MELI,MELI261009P01600000,PUT,1600.0,2026-10-09,365,146,324120,BAJISTA,ASK,PENDIENTE,,,0.125
2026-10-02,MELI,MELI261023C01800000,CALL,1800.0,2026-10-23,290,75,594500,NEUTRAL,MID,PENDIENTE,,,0.25
2026-10-01,ZVRA,ZVRA280121C00008000,CALL,8.0,2028-01-21,120,90,56880,NEUTRAL,MID,PENDIENTE,,,1.0
2026-10-02,IOVA,IOVA261016P00014000,PUT,14.0,2026-10-16,1758,198,149430,NEUTRAL,MID,PENDIENTE,,,1.0
2026-10-02,SOFI,SOFI261120C00016000,CALL,16.0,2026-11-20,9032,4222,1038680,ALCISTA,ASK,PENDIENTE,,,1.0
2026-10-02,SOFI,SOFI261016C00016000,CALL,16.0,2026-10-16,10409,8996,426769,ALCISTA,ASK,PENDIENTE,,,1.0
2026-10-02,SOFI,SOFI261030C00016000,CALL,16.0,2026-10-30,11638,4254,1000868,NEUTRAL,MID,PENDIENTE,,,1.0
2026-10-02,SOFI,SOFI261009C00016000,CALL,16.0,2026-10-09,19128,7342,459072,BAJISTA,BID,PENDIENTE,,,0.5
2026-10-02,SOFI,SOFI261009P00015500,PUT,15.5,2026-10-09,6338,5686,133098,BAJISTA,ASK,PENDIENTE,,,0.5
2026-10-02,SOFI,SOFI261009C00014500,CALL,14.5,2026-10-09,771,125,103314,ALCISTA,ASK,PENDIENTE,,,0.15
2026-10-02,SOFI,SOFI261009P00015000,PUT,15.0,2026-10-09,7689,5043,61512,BAJISTA,ASK,PENDIENTE,,,0.125
2026-10-02,SOFI,SOFI261009C00016500,CALL,16.5,2026-10-09,9551,4971,105061,BAJISTA,BID,PENDIENTE,,,0.125
2026-10-02,SOFI,SOFI261016C00015500,CALL,15.5,2026-10-16,1616,1090,106656,NEUTRAL,MID,PENDIENTE,,,1.0
2026-10-02,SOFI,SOFI261009C00014000,CALL,14.0,2026-10-09,434,229,81592,ALCISTA,ASK,PENDIENTE,,,0.15
2026-10-02,HOOD,HOOD261030P00110000,PUT,110.0,2026-10-30,3008,1002,1880000,BAJISTA,ASK,PENDIENTE,,,0.25
2026-10-02,HOOD,HOOD261016C00119000,CALL,119.0,2026-10-16,1465,442,347205,ALCISTA,ASK,PENDIENTE,,,1.0
2026-10-02,HOOD,HOOD261009C00118000,CALL,118.0,2026-10-09,6151,1958,848838,ALCISTA,ASK,PENDIENTE,,,0.125
2026-10-02,HOOD,HOOD261009C00115000,CALL,115.0,2026-10-09,8212,2172,1872336,NEUTRAL,MID,PENDIENTE,,,0.125
2026-10-02,HOOD,HOOD261009C00120000,CALL,120.0,2026-10-09,13353,3863,1215123,BAJISTA,BID,PENDIENTE,,,0.125
2026-10-02,HOOD,HOOD261009C00116000,CALL,116.0,2026-10-09,7188,2354,1372908,NEUTRAL,MID,PENDIENTE,,,0.125
2026-10-02,HOOD,HOOD261009C00121000,CALL,121.0,2026-10-09,7786,3775,607308,ALCISTA,ASK,PENDIENTE,,,0.125
2026-10-02,HOOD,HOOD261009C00110000,CALL,110.0,2026-10-09,1856,821,890880,ALCISTA,ASK,PENDIENTE,,,0.125
2026-10-02,HOOD,HOOD261030C00114000,CALL,114.0,2026-10-30,632,328,458200,BAJISTA,BID,PENDIENTE,,,1.0
2026-10-02,HOOD,HOOD261030C00120000,CALL,120.0,2026-10-30,1551,1153,772398,NEUTRAL,MID,PENDIENTE,,,1.0
2026-10-02,HOOD,HOOD261016C00114000,CALL,114.0,2026-10-16,873,404,357930,NEUTRAL,MID,PENDIENTE,,,1.0
2026-10-02,HOOD,HOOD261009C00114000,CALL,114.0,2026-10-09,2034,801,532908,BAJISTA,BID,PENDIENTE,,,0.125
2026-10-02,HOOD,HOOD261030C00115000,CALL,115.0,2026-10-30,953,672,652805,NEUTRAL,MID,PENDIENTE,,,1.0
2026-10-02,HOOD,HOOD261009P00115000,PUT,115.0,2026-10-09,2207,722,960045,ALCISTA,BID,PENDIENTE,,,0.125
2026-10-02,HOOD,HOOD261009P00111000,PUT,111.0,2026-10-09,1993,834,450418,ALCISTA,BID,PENDIENTE,,,0.125
2026-10-02,HOOD,HOOD261030P00100000,PUT,100.0,2026-10-30,3487,2561,871750,ALCISTA,BID,PENDIENTE,,,0.25
2026-10-02,HOOD,HOOD261016C00113000,CALL,113.0,2026-10-16,722,568,329232,NEUTRAL,MID,PENDIENTE,,,1.0
2026-10-02,HOOD,HOOD261009P00110000,PUT,110.0,2026-10-09,2900,2751,548100,ALCISTA,BID,PENDIENTE,,,0.125
2026-10-02,HOOD,HOOD261009P00116000,PUT,116.0,2026-10-09,956,560,478000,BAJISTA,ASK,PENDIENTE,,,0.125
2026-10-02,HOOD,HOOD261009P00112000,PUT,112.0,2026-10-09,1887,1013,515151,NEUTRAL,MID,PENDIENTE,,,0.125
2026-10-02,HOOD,HOOD261009C00119000,CALL,119.0,2026-10-09,3251,1249,367363,NEUTRAL,MID,PENDIENTE,,,0.125
2026-10-02,HOOD,HOOD261009C00099000,CALL,99.0,2026-10-09,259,43,364931,ALCISTA,ASK,PENDIENTE,,,0.037
2026-10-02,HOOD,HOOD261009P00114000,PUT,114.0,2026-10-09,1094,300,415720,NEUTRAL,MID,PENDIENTE,,,0.125
2026-10-02,HOOD,HOOD261023C00080000,CALL,80.0,2026-10-23,109,57,371472,ALCISTA,ASK,PENDIENTE,,,0.3
2026-10-02,HOOD,HOOD261016P00118000,PUT,118.0,2026-10-16,417,321,327345,NEUTRAL,MID,PENDIENTE,,,1.0
2026-10-02,HOOD,HOOD261009C00112000,CALL,112.0,2026-10-09,1962,1250,718092,NEUTRAL,MID,PENDIENTE,,,0.125
2026-10-02,HOOD,HOOD261009P00113000,PUT,113.0,2026-10-09,1672,1374,535040,ALCISTA,BID,PENDIENTE,,,0.125
2026-10-02,HOOD,HOOD261009P00117000,PUT,117.0,2026-10-09,945,911,533925,ALCISTA,BID,PENDIENTE,,,0.125
2026-10-02,HOOD,HOOD261009P00118000,PUT,118.0,2026-10-09,770,359,503580,NEUTRAL,MID,PENDIENTE,,,0.125
2026-10-02,HOOD,HOOD261009P00119000,PUT,119.0,2026-10-09,485,312,352110,NEUTRAL,MID,PENDIENTE,,,0.125
2026-10-02,HOOD,HOOD261009C00100000,CALL,100.0,2026-10-09,414,131,531990,BAJISTA,BID,PENDIENTE,,,0.037
2026-10-02,PLTR,PLTR261030C00192500,CALL,192.5,2026-10-30,2308,735,1696380,ALCISTA,ASK,PENDIENTE,,,1.0
2026-10-02,PLTR,PLTR261009P00185000,PUT,185.0,2026-10-09,6427,2761,1536053,BAJISTA,ASK,PENDIENTE,,,0.125
2026-10-02,PLTR,PLTR261009C00195000,CALL,195.0,2026-10-09,10719,6225,1822230,ALCISTA,ASK,PENDIENTE,,,0.125
2026-10-02,PLTR,PLTR261009C00120000,CALL,120.0,2026-10-09,175,22,1221500,ALCISTA,ASK,PENDIENTE,,,0.15
2026-10-02,PLTR,PLTR261009C00190000,CALL,190.0,2026-10-09,5962,3177,2086700,NEUTRAL,MID,PENDIENTE,,,0.125
2026-10-02,PLTR,PLTR261009P00180000,PUT,180.0,2026-10-09,3760,1624,413600,BAJISTA,ASK,PENDIENTE,,,0.125
2026-10-02,PLTR,PLTR261009P00187500,PUT,187.5,2026-10-09,2331,1916,780885,NEUTRAL,MID,PENDIENTE,,,0.5
2026-10-02,PLTR,PLTR261009C00192500,CALL,192.5,2026-10-09,4375,1724,1076250,NEUTRAL,MID,PENDIENTE,,,0.125
2026-10-02,PLTR,PLTR261009C00125000,CALL,125.0,2026-10-09,196,76,1260868,ALCISTA,ASK,PENDIENTE,,,0.15
2026-10-02,PLTR,PLTR261016P00195000,PUT,195.0,2026-10-16,831,311,774492,NEUTRAL,MID,PENDIENTE,,,1.0
2026-10-02,PLTR,PLTR261009C00197500,CALL,197.5,2026-10-09,9931,6352,1161927,NEUTRAL,MID,PENDIENTE,,,0.125
2026-10-02,PLTR,PLTR261009C00200000,CALL,200.0,2026-10-09,10604,6812,816508,NEUTRAL,MID,PENDIENTE,,,0.125
2026-10-02,CADL,CADL270416P00016000,PUT,16.0,2027-04-16,220,134,148500,NEUTRAL,MID,PENDIENTE,,,1.0
2026-10-02,VIX,VIX270120C00035000,CALL,35.0,2027-01-20,35106,788,3791448,ALCISTA,ASK,PENDIENTE,,,1.0
2026-10-02,VIX,VIX261118P00027000,PUT,27.0,2026-11-18,1200,38,1136400,ALCISTA,BID,PENDIENTE,,,1.0
2026-10-02,VIX,VIXW261104P00100000,PUT,100.0,2026-11-04,4845,105,39409230,NEUTRAL,MID,PENDIENTE,,,0.3
2026-10-02,VIX,VIXW261104P00050000,PUT,50.0,2026-11-04,4845,105,15324735,NEUTRAL,MID,PENDIENTE,,,0.3
2026-10-02,VIX,VIX261118C00013000,CALL,13.0,2026-11-18,800,435,434400,ALCISTA,ASK,PENDIENTE,,,0.3
2026-10-02,MSTR,MSTR261030C00162500,CALL,162.5,2026-10-30,3435,165,3400650,BAJISTA,BID,PENDIENTE,,,1.0
2026-10-02,MSTR,MSTR261009C00170000,CALL,170.0,2026-10-09,25411,3964,4777268,BAJISTA,BID,PENDIENTE,,,0.125
2026-10-02,MSTR,MSTR261009C00167500,CALL,167.5,2026-10-09,20637,975,5014791,NEUTRAL,MID,PENDIENTE,,,0.125
2026-10-02,MSTR,MSTR261009C00162500,CALL,162.5,2026-10-09,8985,739,3540090,NEUTRAL,MID,PENDIENTE,,,0.125
2026-10-02,MSTR,MSTR261009C00172500,CALL,172.5,2026-10-09,22071,4518,3288579,NEUTRAL,MID,PENDIENTE,,,0.125
2026-10-02,MSTR,MSTR261009P00157500,PUT,157.5,2026-10-09,7409,868,2778375,NEUTRAL,MID,PENDIENTE,,,0.125
2026-10-02,MSTR,MSTR261009C00175000,CALL,175.0,2026-10-09,24358,1960,2776812,NEUTRAL,MID,PENDIENTE,,,0.125
2026-10-02,MSTR,MSTR261016C00165000,CALL,165.0,2026-10-16,4596,2732,2458860,BAJISTA,BID,PENDIENTE,,,1.0
2026-10-02,MSTR,MSTR261009P00162500,PUT,162.5,2026-10-09,3046,418,2086510,BAJISTA,ASK,PENDIENTE,,,0.125
2026-10-02,MSTR,MSTR261023C00172500,CALL,172.5,2026-10-23,7460,5753,3618100,NEUTRAL,MID,PENDIENTE,,,1.0
2026-10-02,MSTR,MSTR261009C00165000,CALL,165.0,2026-10-09,28800,8085,9072000,NEUTRAL,MID,PENDIENTE,,,0.125
2026-10-02,MSTR,MSTR261009P00152500,PUT,152.5,2026-10-09,6747,1119,1315665,NEUTRAL,MID,PENDIENTE,,,0.125
2026-10-02,MSTR,MSTR261009P00165000,PUT,165.0,2026-10-09,1560,1267,1310400,BAJISTA,ASK,PENDIENTE,,,0.5
2026-10-02,MSTR,MSTR261009P00155000,PUT,155.0,2026-10-09,6497,2967,1773681,ALCISTA,BID,PENDIENTE,,,0.125
2026-10-02,MSTR,MSTR261016C00172500,CALL,172.5,2026-10-16,3642,2232,1198218,NEUTRAL,MID,PENDIENTE,,,1.0
2026-10-02,MSTR,MSTR261009P00160000,PUT,160.0,2026-10-09,4643,2082,2321500,NEUTRAL,MID,PENDIENTE,,,0.125
2026-10-02,MSTR,MSTR261009C00157500,CALL,157.5,2026-10-09,5484,1404,3482340,NEUTRAL,MID,PENDIENTE,,,0.125
2026-10-02,MSTR,MSTR261009C00160000,CALL,160.0,2026-10-09,24380,6334,12311900,NEUTRAL,MID,PENDIENTE,,,0.125
2026-10-02,MSTR,MSTR261009C00050000,CALL,50.0,2026-10-09,6597,7,71847927,BAJISTA,BID,PENDIENTE,,,0.037
2026-10-02,MSTR,MSTR261009C00155000,CALL,155.0,2026-10-09,2908,1618,2253700,NEUTRAL,MID,PENDIENTE,,,0.125
2026-10-02,COIN,COIN261009C00187500,CALL,187.5,2026-10-09,8550,245,3078000,NEUTRAL,MID,PENDIENTE,,,0.125
2026-10-02,COIN,COIN261009C00190000,CALL,190.0,2026-10-09,4023,673,1134486,NEUTRAL,MID,PENDIENTE,,,0.5
2026-10-02,COIN,COIN261030C00185000,CALL,185.0,2026-10-30,1220,223,1415200,NEUTRAL,MID,PENDIENTE,,,1.0
2026-10-02,COIN,COIN280616C00300000,CALL,300.0,2028-06-16,526,150,1977760,BAJISTA,BID,PENDIENTE,,,1.0
2026-10-02,COIN,COIN261009C00195000,CALL,195.0,2026-10-09,9616,5625,1653952,ALCISTA,ASK,PENDIENTE,,,0.125
2026-10-02,COIN,COIN261009P00177500,PUT,177.5,2026-10-09,1756,262,509240,NEUTRAL,MID,PENDIENTE,,,0.5
2026-10-02,COIN,COIN261009C00185000,CALL,185.0,2026-10-09,2449,319,1114295,NEUTRAL,MID,PENDIENTE,,,0.125
2026-10-02,COIN,COIN261009C00197500,CALL,197.5,2026-10-09,2947,659,421421,ALCISTA,ASK,PENDIENTE,,,0.125
2026-10-02,COIN,COIN261009P00180000,PUT,180.0,2026-10-09,1563,517,606444,NEUTRAL,MID,PENDIENTE,,,0.5
2026-10-02,COIN,COIN261218P00140000,PUT,140.0,2026-12-18,4047,2212,1760445,NEUTRAL,MID,PENDIENTE,,,1.0
2026-10-02,COIN,COIN261016C00190000,CALL,190.0,2026-10-16,1882,1799,969230,NEUTRAL,MID,PENDIENTE,,,1.0
2026-10-02,COIN,COIN261009P00192500,PUT,192.5,2026-10-09,792,151,883080,ALCISTA,BID,PENDIENTE,,,0.125
2026-10-02,COIN,COIN261009P00195000,PUT,195.0,2026-10-09,458,113,612804,NEUTRAL,MID,PENDIENTE,,,0.5
2026-10-02,COIN,COIN261009C00182500,CALL,182.5,2026-10-09,1095,138,620865,BAJISTA,BID,PENDIENTE,,,0.125
2026-10-02,COIN,COIN280121C00150000,CALL,150.0,2028-01-21,332,234,2373800,NEUTRAL,MID,PENDIENTE,,,1.0
2026-10-02,COIN,COIN261009P00185000,PUT,185.0,2026-10-09,1172,256,753596,NEUTRAL,MID,PENDIENTE,,,0.125
2026-10-02,COIN,COIN261009C00200000,CALL,200.0,2026-10-09,8962,7729,932048,NEUTRAL,MID,PENDIENTE,,,0.125
2026-10-02,COIN,COIN270617C00180000,CALL,180.0,2027-06-17,450,393,1928250,NEUTRAL,MID,PENDIENTE,,,1.0
2026-10-02,COIN,COIN261009P00182500,PUT,182.5,2026-10-09,924,618,466620,NEUTRAL,MID,PENDIENTE,,,0.125
2026-10-02,COIN,COIN261009P00190000,PUT,190.0,2026-10-09,741,650,718029,NEUTRAL,MID,PENDIENTE,,,0.125
2026-10-02,XLF,XLF261005P00054000,PUT,54.0,2026-10-05,7506,763,510408,BAJISTA,ASK,PENDIENTE,,,0.125
2026-10-02,XLF,XLF261009C00054000,CALL,54.0,2026-10-09,2026,782,50650,ALCISTA,ASK,PENDIENTE,,,0.5
2026-10-02,XLF,XLF270917P00053000,PUT,53.0,2027-09-17,184,3,55200,NEUTRAL,MID,PENDIENTE,,,1.0
2026-10-02,XLF,XLF261009C00055000,CALL,55.0,2026-10-09,9130,7299,54780,NEUTRAL,MID,PENDIENTE,,,0.5
2026-10-02,XLF,XLF261005P00053000,PUT,53.0,2026-10-05,7497,3900,74970,NEUTRAL,MID,PENDIENTE,,,0.125
2026-10-02,XLE,XLE270319P00054000,PUT,54.0,2027-03-19,28880,7157,2830240,NEUTRAL,MID,PENDIENTE,,,1.0
2026-10-02,XLE,XLE261009C00063500,CALL,63.5,2026-10-09,1406,1275,84360,NEUTRAL,MID,PENDIENTE,,,0.5
2026-10-02,XLE,XLE261023C00061000,CALL,61.0,2026-10-23,207,203,50715,BAJISTA,BID,PENDIENTE,,,1.0
2026-10-02,XLV,XLV280121C00110000,CALL,110.0,2028-01-21,338,28,2020226,BAJISTA,BID,PENDIENTE,,,0.3
2026-10-02,XLV,XLV261030P00161000,PUT,161.0,2026-10-30,445,9,54735,NEUTRAL,MID,PENDIENTE,,,1.0
2026-10-02,XLV,XLV270617P00167000,PUT,167.0,2027-06-17,118,42,100300,NEUTRAL,MID,PENDIENTE,,,1.0
2026-10-02,XBI,XBI261120P00145000,PUT,145.0,2026-11-20,6688,1299,2066592,BAJISTA,ASK,PENDIENTE,,,1.0
2026-10-02,XBI,XBI261120P00133000,PUT,133.0,2026-11-20,6160,20,572880,BAJISTA,ASK,PENDIENTE,,,1.0
2026-10-02,XBI,XBI261009C00145000,CALL,145.0,2026-10-09,1000,16,972000,NEUTRAL,MID,PENDIENTE,,,0.15
2026-10-02,XBI,XBI261218P00146000,PUT,146.0,2026-12-18,219,41,103368,NEUTRAL,MID,PENDIENTE,,,1.0
2026-10-02,DIA,DIA261016P00513000,PUT,513.0,2026-10-16,1110,200,677100,BAJISTA,ASK,PENDIENTE,,,1.0
2026-10-02,DIA,DIA261009C00518000,CALL,518.0,2026-10-09,1375,277,138875,ALCISTA,ASK,PENDIENTE,,,0.5
2026-10-02,DIA,DIA261113P00496000,PUT,496.0,2026-11-13,131,0,59474,BAJISTA,ASK,PENDIENTE,,,1.0
2026-10-02,DIA,DIA261120P00514000,PUT,514.0,2026-11-20,555,18,602175,BAJISTA,ASK,PENDIENTE,,,0.25
2026-10-02,DIA,DIA271217C00510000,CALL,510.0,2027-12-17,200,43,957200,NEUTRAL,MID,PENDIENTE,,,1.0
2026-10-02,DIA,DIA261009C00516000,CALL,516.0,2026-10-09,637,301,96187,ALCISTA,ASK,PENDIENTE,,,0.5
2026-10-02,DIA,DIA270331P00445000,PUT,445.0,2027-03-31,435,86,210975,NEUTRAL,MID,PENDIENTE,,,1.0
2026-10-02,DIA,DIA261120P00475000,PUT,475.0,2026-11-20,217,112,50344,BAJISTA,ASK,PENDIENTE,,,1.0
2026-10-02,DIA,DIA270331P00446000,PUT,446.0,2027-03-31,481,180,237614,NEUTRAL,MID,PENDIENTE,,,1.0
2026-10-02,DIA,DIA261016P00506000,PUT,506.0,2026-10-16,319,228,106865,BAJISTA,ASK,PENDIENTE,,,0.25
2026-10-02,DIA,DIA261120P00477000,PUT,477.0,2026-11-20,538,1,124816,NEUTRAL,MID,PENDIENTE,,,0.25
2026-10-02,DIA,DIA261009C00515000,CALL,515.0,2026-10-09,465,389,85560,ALCISTA,ASK,PENDIENTE,,,0.125
2026-10-02,DIA,DIA261009C00512000,CALL,512.0,2026-10-09,292,278,90228,NEUTRAL,MID,PENDIENTE,,,0.5
2026-10-02,DIA,DIA261009P00512000,PUT,512.0,2026-10-09,392,197,135240,BAJISTA,ASK,PENDIENTE,,,0.125
2026-10-02,DIA,DIA261009P00511000,PUT,511.0,2026-10-09,227,225,64695,NEUTRAL,MID,PENDIENTE,,,0.5
2026-10-02,DIA,DIA261009C00509000,CALL,509.0,2026-10-09,121,43,58685,NEUTRAL,MID,PENDIENTE,,,0.5
2026-10-02,DIA,DIA261009C00513000,CALL,513.0,2026-10-09,393,269,100215,NEUTRAL,MID,PENDIENTE,,,0.125
2026-10-02,DIA,DIA261016C00510000,CALL,510.0,2026-10-16,286,279,168740,BAJISTA,BID,PENDIENTE,,,0.25
2026-10-02,IWM,IWM261023P00277000,PUT,277.0,2026-10-23,33203,954,9363246,BAJISTA,ASK,PENDIENTE,,,1.0
2026-10-02,IWM,IWM261106P00270000,PUT,270.0,2026-11-06,7638,416,2016432,BAJISTA,ASK,PENDIENTE,,,1.0
2026-10-02,IWM,IWM261030P00279000,PUT,279.0,2026-10-30,3415,366,1502600,BAJISTA,ASK,PENDIENTE,,,1.0
2026-10-02,IWM,IWM270219P00260000,PUT,260.0,2027-02-19,10002,2637,5571114,BAJISTA,ASK,PENDIENTE,,,1.0
2026-10-02,IWM,IWM261005C00282000,CALL,282.0,2026-10-05,9886,2259,939170,ALCISTA,ASK,PENDIENTE,,,0.5
2026-10-02,IWM,IWM261120P00269000,PUT,269.0,2026-11-20,45299,969,15084567,ALCISTA,BID,PENDIENTE,,,0.25
2026-10-02,IWM,IWM261005P00282000,PUT,282.0,2026-10-05,7479,589,979749,BAJISTA,ASK,PENDIENTE,,,0.5
2026-10-02,IWM,IWM261120P00268000,PUT,268.0,2026-11-20,21617,8002,6874206,BAJISTA,ASK,PENDIENTE,,,0.25
2026-10-02,IWM,IWM261120C00284000,CALL,284.0,2026-11-20,5026,2310,3653902,BAJISTA,BID,PENDIENTE,,,1.0
2026-10-02,IWM,IWM261218P00267000,PUT,267.0,2026-12-18,2828,890,1312192,BAJISTA,ASK,PENDIENTE,,,1.0
2026-10-02,IWM,IWM261120P00267000,PUT,267.0,2026-11-20,8328,1403,2456760,ALCISTA,BID,PENDIENTE,,,0.25
2026-10-02,IWM,IWM261009P00282000,PUT,282.0,2026-10-09,6839,1282,1675555,ALCISTA,BID,PENDIENTE,,,0.5
2026-10-02,IWM,IWM261023P00275000,PUT,275.0,2026-10-23,5018,3333,1124032,BAJISTA,ASK,PENDIENTE,,,1.0
2026-10-02,IWM,IWM261120P00253000,PUT,253.0,2026-11-20,7000,1458,1001000,BAJISTA,ASK,PENDIENTE,,,0.25
2026-10-02,IWM,IWM261016C00284000,CALL,284.0,2026-10-16,7421,6494,2033354,BAJISTA,BID,PENDIENTE,,,1.0
2026-10-02,IWM,IWM261030C00290000,CALL,290.0,2026-10-30,5354,1805,1220712,BAJISTA,BID,PENDIENTE,,,1.0
2026-10-02,IWM,IWM261120P00283000,PUT,283.0,2026-11-20,2590,513,2027970,NEUTRAL,MID,PENDIENTE,,,1.0
2026-10-02,IWM,IWM261005C00280000,CALL,280.0,2026-10-05,4379,3613,959001,NEUTRAL,MID,PENDIENTE,,,0.5
2026-10-02,XLK,XLK270917P00190000,PUT,190.0,2027-09-17,1000,6,1395000,NEUTRAL,MID,PENDIENTE,,,1.0
2026-10-02,XLK,XLK261009P00135000,PUT,135.0,2026-10-09,79859,501,159718,BAJISTA,ASK,PENDIENTE,,,0.5
2026-10-02,XLK,XLK261030C00200000,CALL,200.0,2026-10-30,846,196,482220,NEUTRAL,MID,PENDIENTE,,,1.0
2026-10-02,XLK,XLK270617P00045000,PUT,45.0,2027-06-17,25000,78,250000,ALCISTA,BID,PENDIENTE,,,1.0
2026-10-02,XLK,XLK271217P00205000,PUT,205.0,2027-12-17,272,15,618800,NEUTRAL,MID,PENDIENTE,,,1.0
2026-10-02,XLK,XLK261120C00190000,CALL,190.0,2026-11-20,351,272,512811,ALCISTA,ASK,PENDIENTE,,,1.0
2026-10-02,XLK,XLK261016P00200000,PUT,200.0,2026-10-16,629,231,223295,NEUTRAL,MID,PENDIENTE,,,1.0
2026-10-02,XLK,XLK271217P00200000,PUT,200.0,2027-12-17,260,122,521040,NEUTRAL,MID,PENDIENTE,,,1.0
2026-10-02,SLV,SLV261005C00055000,CALL,55.0,2026-10-05,4156,594,132992,ALCISTA,ASK,PENDIENTE,,,0.5
2026-10-02,SLV,SLV261106C00060000,CALL,60.0,2026-11-06,5300,2434,365700,ALCISTA,ASK,PENDIENTE,,,1.0
2026-10-02,SLV,SLV261009C00054000,CALL,54.0,2026-10-09,1296,80,174960,ALCISTA,ASK,PENDIENTE,,,0.5
2026-10-02,SLV,SLV270115C00068500,CALL,68.5,2027-01-15,5049,1271,514998,BAJISTA,BID,PENDIENTE,,,1.0
2026-10-02,SLV,SLV261120C00064000,CALL,64.0,2026-11-20,4567,2869,260319,ALCISTA,ASK,PENDIENTE,,,1.0
2026-10-02,SLV,SLV261009C00055000,CALL,55.0,2026-10-09,2533,2254,200107,ALCISTA,ASK,PENDIENTE,,,0.5
2026-10-02,SLV,SLV270319P00041000,PUT,41.0,2027-03-19,1809,524,123012,BAJISTA,ASK,PENDIENTE,,,1.0
2026-10-02,SLV,SLV280616C00055000,CALL,55.0,2028-06-16,222,196,274170,ALCISTA,ASK,PENDIENTE,,,1.0
2026-10-02,SLV,SLV261005P00056000,PUT,56.0,2026-10-05,849,138,118011,ALCISTA,BID,PENDIENTE,,,0.5
2026-10-02,SLV,SLV261009P00054500,PUT,54.5,2026-10-09,3205,1082,246785,ALCISTA,BID,PENDIENTE,,,0.125
2026-10-02,SLV,SLV261009C00052000,CALL,52.0,2026-10-09,439,297,131700,ALCISTA,ASK,PENDIENTE,,,0.5
2026-10-02,SLV,SLV261009C00053500,CALL,53.5,2026-10-09,822,661,140562,ALCISTA,ASK,PENDIENTE,,,0.5
2026-10-02,SLV,SLV261009C00056000,CALL,56.0,2026-10-09,3175,2736,127000,ALCISTA,ASK,PENDIENTE,,,0.125
2026-10-02,SLV,SLV261009C00046000,CALL,46.0,2026-10-09,180,15,155700,NEUTRAL,MID,PENDIENTE,,,0.15
2026-10-02,USO,USO280121P00225000,PUT,225.0,2028-01-21,367,16,3044632,BAJISTA,ASK,PENDIENTE,,,1.0
2026-10-02,USO,USO280317P00230000,PUT,230.0,2028-03-17,132,3,1168332,BAJISTA,ASK,PENDIENTE,,,1.0
2026-10-02,USO,USO261009P00139000,PUT,139.0,2026-10-09,5285,477,576065,NEUTRAL,MID,PENDIENTE,,,0.5
2026-10-02,USO,USO261009C00151000,CALL,151.0,2026-10-09,2148,314,487596,NEUTRAL,MID,PENDIENTE,,,0.5
2026-10-02,USO,USO280317P00225000,PUT,225.0,2028-03-17,171,47,1412460,BAJISTA,ASK,PENDIENTE,,,1.0
2026-10-02,USO,USO261009C00148000,CALL,148.0,2026-10-09,3347,557,1144674,NEUTRAL,MID,PENDIENTE,,,0.125
2026-10-02,USO,USO261023P00145000,PUT,145.0,2026-10-23,766,407,432790,BAJISTA,ASK,PENDIENTE,,,1.0
2026-10-02,USO,USO261009C00144000,CALL,144.0,2026-10-09,3010,127,1685600,BAJISTA,BID,PENDIENTE,,,0.125
2026-10-02,USO,USO280121P00152000,PUT,152.0,2028-01-21,446,143,1211782,BAJISTA,ASK,PENDIENTE,,,1.0
2026-10-02,USO,USO261007C00150000,CALL,150.0,2026-10-07,2238,794,429696,NEUTRAL,MID,PENDIENTE,,,0.5
2026-10-02,USO,USO261009C00147000,CALL,147.0,2026-10-09,2794,324,1112012,NEUTRAL,MID,PENDIENTE,,,0.125
2026-10-02,USO,USO280616P00230000,PUT,230.0,2028-06-16,206,83,1798998,BAJISTA,ASK,PENDIENTE,,,0.25
2026-10-02,USO,USO270820C00143000,CALL,143.0,2027-08-20,174,0,448746,NEUTRAL,MID,PENDIENTE,,,1.0
2026-10-02,USO,USO280317P00154000,PUT,154.0,2028-03-17,172,124,487448,BAJISTA,ASK,PENDIENTE,,,1.0
2026-10-02,USO,USO261009C00145000,CALL,145.0,2026-10-09,848,722,428240,NEUTRAL,MID,PENDIENTE,,,0.5
2026-10-02,USO,USO270820C00140000,CALL,140.0,2027-08-20,151,64,408757,NEUTRAL,MID,PENDIENTE,,,1.0
2026-10-02,USO,USO270319P00149000,PUT,149.0,2027-03-19,280,163,499240,NEUTRAL,MID,PENDIENTE,,,1.0
2026-10-02,USO,USO280616P00155000,PUT,155.0,2028-06-16,207,183,629487,NEUTRAL,MID,PENDIENTE,,,0.25
2026-10-02,GLD,GLD261005C00381000,CALL,381.0,2026-10-05,2991,169,469587,ALCISTA,ASK,PENDIENTE,,,0.5
2026-10-02,GLD,GLD261120C00380000,CALL,380.0,2026-11-20,7089,1188,9236967,ALCISTA,ASK,PENDIENTE,,,0.25
2026-10-02,GLD,GLD261218P00371000,PUT,371.0,2026-12-18,630,2,651420,BAJISTA,ASK,PENDIENTE,,,1.0
2026-10-02,GLD,GLD261009C00367000,CALL,367.0,2026-10-09,315,37,430920,ALCISTA,ASK,PENDIENTE,,,0.5
2026-10-02,GLD,GLD270917C00305000,CALL,305.0,2027-09-17,177,9,1645215,BAJISTA,BID,PENDIENTE,,,1.0
2026-10-02,GLD,GLD261106C00385000,CALL,385.0,2026-11-06,720,108,594000,NEUTRAL,MID,PENDIENTE,,,1.0
2026-10-02,GLD,GLD261120P00380000,PUT,380.0,2026-11-20,7047,6261,7871499,NEUTRAL,MID,PENDIENTE,,,0.25
2026-10-02,GLD,GLD261009C00366000,CALL,366.0,2026-10-09,315,17,460845,ALCISTA,ASK,PENDIENTE,,,0.15
2026-10-02,GLD,GLD261009C00365000,CALL,365.0,2026-10-09,288,45,446976,ALCISTA,ASK,PENDIENTE,,,0.15
2026-10-02,GLD,GLD261007C00370000,CALL,370.0,2026-10-07,1013,1002,931960,BAJISTA,BID,PENDIENTE,,,0.5
2026-10-02,GLD,GLD261231P00384000,PUT,384.0,2026-12-31,260,101,423280,ALCISTA,BID,PENDIENTE,,,1.0
2026-10-02,HYG,HYG270617P00073000,PUT,73.0,2027-06-17,50000,0,6400000,NEUTRAL,MID,PENDIENTE,,,0.25
2026-10-02,HYG,HYG270617C00080000,CALL,80.0,2027-06-17,50151,52,601812,BAJISTA,BID,PENDIENTE,,,0.25
2026-10-02,HYG,HYG270319P00070000,PUT,70.0,2027-03-19,20015,8694,860645,NEUTRAL,MID,PENDIENTE,,,1.0
2026-10-02,HYG,HYG261120C00078000,CALL,78.0,2026-11-20,32783,23064,688443,NEUTRAL,MID,PENDIENTE,,,1.0
2026-10-02,HYG,HYG270617P00040000,PUT,40.0,2027-06-17,50925,1,407400,ALCISTA,BID,PENDIENTE,,,0.25
2026-10-02,HYG,HYG261016C00078000,CALL,78.0,2026-10-16,45712,40754,228560,BAJISTA,BID,PENDIENTE,,,1.0
2026-10-02,KRE,KRE261016C00072500,CALL,72.5,2026-10-16,3957,613,233463,NEUTRAL,MID,PENDIENTE,,,1.0
2026-10-02,KRE,KRE261120C00070000,CALL,70.0,2026-11-20,6443,2812,1990887,NEUTRAL,MID,PENDIENTE,,,1.0
2026-10-02,KRE,KRE261016C00071000,CALL,71.0,2026-10-16,496,241,60512,NEUTRAL,MID,PENDIENTE,,,1.0
2026-10-02,TLT,TLT280121C00078000,CALL,78.0,2028-01-21,20215,2368,9804275,NEUTRAL,MID,PENDIENTE,,,1.0
2026-10-02,TLT,TLT270917C00085000,CALL,85.0,2027-09-17,20006,2536,3621086,NEUTRAL,MID,PENDIENTE,,,1.0
2026-10-02,TLT,TLT261106C00078000,CALL,78.0,2026-11-06,19679,13515,2577949,BAJISTA,BID,PENDIENTE,,,1.0
2026-10-02,TLT,TLT261009C00078500,CALL,78.5,2026-10-09,23339,7940,560136,BAJISTA,BID,PENDIENTE,,,0.5
2026-10-02,TLT,TLT261005C00077500,CALL,77.5,2026-10-05,20247,1336,566916,BAJISTA,BID,PENDIENTE,,,0.5
2026-10-02,TLT,TLT261120C00084000,CALL,84.0,2026-11-20,30772,25808,615440,ALCISTA,ASK,PENDIENTE,,,1.0
2026-10-02,TLT,TLT261009C00078000,CALL,78.0,2026-10-09,19755,15496,790200,BAJISTA,BID,PENDIENTE,,,0.5
2026-10-02,TLT,TLT261218C00079000,CALL,79.0,2026-12-18,11062,9127,1681424,BAJISTA,BID,PENDIENTE,,,1.0
2026-10-02,TLT,TLT261218C00080000,CALL,80.0,2026-12-18,70872,59252,8504640,BAJISTA,BID,PENDIENTE,,,0.25
2026-10-02,TLT,TLT270917C00078000,CALL,78.0,2027-09-17,1362,236,572040,BAJISTA,BID,PENDIENTE,,,0.25
2026-10-02,TLT,TLT270917P00078000,PUT,78.0,2027-09-17,1375,128,632500,BAJISTA,ASK,PENDIENTE,,,0.25
2026-10-02,TLT,TLT261113P00088000,PUT,88.0,2026-11-13,1649,0,1739695,NEUTRAL,MID,PENDIENTE,,,0.3
2026-10-02,TLT,TLT261218C00084000,CALL,84.0,2026-12-18,57967,56429,2144779,NEUTRAL,MID,PENDIENTE,,,0.25
2026-10-02,TLT,TLT261106C00077500,CALL,77.5,2026-11-06,3088,1114,478640,BAJISTA,BID,PENDIENTE,,,1.0
2026-10-02,ARKK,ARKK261009C00091000,CALL,91.0,2026-10-09,1622,175,154090,NEUTRAL,MID,PENDIENTE,,,0.5
2026-10-02,ARKK,ARKK261009C00093500,CALL,93.5,2026-10-09,2595,578,83040,NEUTRAL,MID,PENDIENTE,,,0.5
2026-10-02,ARKK,ARKK261009C00090500,CALL,90.5,2026-10-09,1017,146,111870,BAJISTA,BID,PENDIENTE,,,0.125
2026-10-02,ARKK,ARKK261009C00091500,CALL,91.5,2026-10-09,1007,27,86602,NEUTRAL,MID,PENDIENTE,,,0.125
2026-10-02,ARKK,ARKK270115P00092000,PUT,92.0,2027-01-15,151,11,118535,NEUTRAL,MID,PENDIENTE,,,1.0
2026-10-02,SMH,SMH270319C00900000,CALL,900.0,2027-03-19,2756,50,1818960,ALCISTA,ASK,PENDIENTE,,,1.0
2026-10-02,SMH,SMH261120P00620000,PUT,620.0,2026-11-20,3119,146,7984640,NEUTRAL,MID,PENDIENTE,,,1.0
2026-10-02,SMH,SMH261120C00680000,CALL,680.0,2026-11-20,2234,368,3313022,NEUTRAL,MID,PENDIENTE,,,1.0
2026-10-02,SMH,SMH261120P00585000,PUT,585.0,2026-11-20,5700,3134,7866000,ALCISTA,BID,PENDIENTE,,,1.0
2026-10-02,SMH,SMH261009C00635000,CALL,635.0,2026-10-09,987,257,705705,ALCISTA,ASK,PENDIENTE,,,0.125
2026-10-02,SMH,SMH261016P00640000,PUT,640.0,2026-10-16,793,179,1459913,NEUTRAL,MID,PENDIENTE,,,1.0
2026-10-02,SMH,SMH270617P00525000,PUT,525.0,2027-06-17,1022,605,3118122,NEUTRAL,MID,PENDIENTE,,,1.0
2026-10-02,SMH,SMH261120C00675000,CALL,675.0,2026-11-20,1637,1491,2635570,NEUTRAL,MID,PENDIENTE,,,1.0
2026-10-02,SMH,SMH261009C00640000,CALL,640.0,2026-10-09,1583,588,769338,NEUTRAL,MID,PENDIENTE,,,0.5
2026-10-02,SMH,SMH270115P00565000,PUT,565.0,2027-01-15,950,446,1971250,NEUTRAL,MID,PENDIENTE,,,1.0
2026-10-02,SMH,SMH261009P00610000,PUT,610.0,2026-10-09,3119,1124,692418,NEUTRAL,MID,PENDIENTE,,,0.5
2026-10-02,SMH,SMH261030C00650000,CALL,650.0,2026-10-30,829,436,1301530,NEUTRAL,MID,PENDIENTE,,,1.0
2026-10-02,SMH,SMH261009P00630000,PUT,630.0,2026-10-09,814,84,651200,NEUTRAL,MID,PENDIENTE,,,0.125
2026-10-02,SMH,SMH270319P00640000,PUT,640.0,2027-03-19,994,139,6214488,NEUTRAL,MID,PENDIENTE,,,0.25
2026-10-02,SMH,SMH261120P00580000,PUT,580.0,2026-11-20,890,683,1121400,NEUTRAL,MID,PENDIENTE,,,1.0
2026-10-02,SMH,SMH261016P00630000,PUT,630.0,2026-10-16,573,450,747765,NEUTRAL,MID,PENDIENTE,,,1.0
2026-10-02,SMH,SMH261023C00665000,CALL,665.0,2026-10-23,820,563,615000,NEUTRAL,MID,PENDIENTE,,,1.0
2026-10-02,SMH,SMH270319C00640000,CALL,640.0,2027-03-19,908,723,5696792,NEUTRAL,MID,PENDIENTE,,,0.25
2026-10-02,SMH,SMH261218P00635000,PUT,635.0,2026-12-18,164,49,657640,ALCISTA,BID,PENDIENTE,,,0.25
2026-10-02,SMH,SMH261218C00635000,CALL,635.0,2026-12-18,197,188,828385,NEUTRAL,MID,PENDIENTE,,,0.25
2026-10-02,COGT,COGT270115C00022000,CALL,22.0,2027-01-15,134,101,136680,NEUTRAL,MID,PENDIENTE,,,1.0
2026-10-02,CAPR,CAPR261009C00009000,CALL,9.0,2026-10-09,972,716,53460,NEUTRAL,MID,PENDIENTE,,,0.5
2026-10-02,BBIO,BBIO261120C00067500,CALL,67.5,2026-11-20,302,56,144960,NEUTRAL,MID,PENDIENTE,,,1.0
2026-10-02,EXEL,EXEL270115C00060000,CALL,60.0,2027-01-15,1443,494,634920,ALCISTA,ASK,PENDIENTE,,,1.0
2026-10-02,SPY,SPY261014P00769000,PUT,769.0,2026-10-14,19571,1,10176920,BAJISTA,ASK,PENDIENTE,,,1.0
2026-10-02,SPY,SPY261120P00733000,PUT,733.0,2026-11-20,12180,1116,6211800,BAJISTA,ASK,PENDIENTE,,,1.0
2026-10-02,SPY,SPY261009C00787000,CALL,787.0,2026-10-09,246654,1714,5179734,BAJISTA,BID,PENDIENTE,,,0.5
2026-10-02,SPY,SPY261005C00770000,CALL,770.0,2026-10-05,83425,3563,17102125,ALCISTA,ASK,PENDIENTE,,,0.125
2026-10-02,SPY,SPY261005C00767000,CALL,767.0,2026-10-05,12044,2043,4925996,ALCISTA,ASK,PENDIENTE,,,0.5
2026-10-02,SPY,SPY261016P00740000,PUT,740.0,2026-10-16,53293,44873,5009542,BAJISTA,ASK,PENDIENTE,,,1.0
2026-10-02,SPY,SPY261009C00770000,CALL,770.0,2026-10-09,27312,7750,13055136,ALCISTA,ASK,PENDIENTE,,,0.125
2026-10-02,SPY,SPY270930C00810000,CALL,810.0,2027-09-30,3010,172,13234970,BAJISTA,BID,PENDIENTE,,,1.0
2026-10-02,SPY,SPY270331C00785000,CALL,785.0,2027-03-31,3501,202,10706058,BAJISTA,BID,PENDIENTE,,,1.0
2026-10-02,SPY,SPY261005P00769000,PUT,769.0,2026-10-05,95455,1739,14031885,ALCISTA,BID,PENDIENTE,,,0.125
2026-10-02,SPY,SPY261005C00771000,CALL,771.0,2026-10-05,58732,2095,8868532,BAJISTA,BID,PENDIENTE,,,0.125
2026-10-02,SPY,SPY261005P00771000,PUT,771.0,2026-10-05,31039,664,7294165,ALCISTA,BID,PENDIENTE,,,0.5
2026-10-02,SPY,SPY261005C00772000,CALL,772.0,2026-10-05,63718,1312,6881544,BAJISTA,BID,PENDIENTE,,,0.125
2026-10-02,SPY,SPY261005P00768000,PUT,768.0,2026-10-05,55694,1461,6404810,ALCISTA,BID,PENDIENTE,,,0.125
2026-10-02,SPY,SPY261005C00769000,CALL,769.0,2026-10-05,51784,1938,13826328,ALCISTA,ASK,PENDIENTE,,,0.125
2026-10-02,SPY,SPY261005C00768000,CALL,768.0,2026-10-05,19263,1767,6491631,ALCISTA,ASK,PENDIENTE,,,0.125
2026-10-02,SPY,SPY261005P00770000,PUT,770.0,2026-10-05,67293,1578,12651084,ALCISTA,BID,PENDIENTE,,,0.125
2026-10-02,SPY,SPY261009P00770000,PUT,770.0,2026-10-09,25851,4625,10547208,ALCISTA,BID,PENDIENTE,,,0.125
2026-10-02,SPY,SPY261005P00772000,PUT,772.0,2026-10-05,21328,274,6227776,ALCISTA,BID,PENDIENTE,,,0.125
2026-10-02,QQQ,QQQ261005C00750000,CALL,750.0,2026-10-05,53892,4039,15251436,ALCISTA,ASK,PENDIENTE,,,0.125
2026-10-02,QQQ,QQQ261005C00752000,CALL,752.0,2026-10-05,35065,531,6557155,ALCISTA,ASK,PENDIENTE,,,0.125
2026-10-02,QQQ,QQQ261005C00751000,CALL,751.0,2026-10-05,26935,615,6248920,ALCISTA,ASK,PENDIENTE,,,0.125
2026-10-02,QQQ,QQQ261005C00753000,CALL,753.0,2026-10-05,40323,2158,5846835,ALCISTA,ASK,PENDIENTE,,,0.125
2026-10-02,QQQ,QQQ261016C00765000,CALL,765.0,2026-10-16,14933,11080,5823870,ALCISTA,ASK,PENDIENTE,,,1.0
2026-10-02,QQQ,QQQ261009C00752000,CALL,752.0,2026-10-09,8306,2172,4751032,ALCISTA,ASK,PENDIENTE,,,0.125
2026-10-02,QQQ,QQQ261005P00748000,PUT,748.0,2026-10-05,53705,115,11116935,ALCISTA,BID,PENDIENTE,,,0.125
2026-10-02,QQQ,QQQ261016P00750000,PUT,750.0,2026-10-16,10857,2013,10216437,ALCISTA,BID,PENDIENTE,,,1.0
2026-10-02,QQQ,QQQ261005P00749000,PUT,749.0,2026-10-05,39572,154,9615996,ALCISTA,BID,PENDIENTE,,,0.125
2026-10-02,QQQ,QQQ261009P00749000,PUT,749.0,2026-10-09,11773,112,6757702,ALCISTA,BID,PENDIENTE,,,0.125
2026-10-02,QQQ,QQQ261005P00750000,PUT,750.0,2026-10-05,59252,184,17005324,BAJISTA,ASK,PENDIENTE,,,0.125
2026-10-02,QQQ,QQQ261005C00749000,CALL,749.0,2026-10-05,33731,845,11536002,ALCISTA,ASK,PENDIENTE,,,0.125
2026-10-02,QQQ,QQQ261009P00750000,PUT,750.0,2026-10-09,12631,559,7894375,BAJISTA,ASK,PENDIENTE,,,0.125
2026-10-02,QQQ,QQQ261005C00748000,CALL,748.0,2026-10-05,15394,1249,6342328,ALCISTA,ASK,PENDIENTE,,,0.125
2026-10-02,QQQ,QQQ261009P00752000,PUT,752.0,2026-10-09,6977,10,5093210,BAJISTA,ASK,PENDIENTE,,,0.125
2026-10-02,QQQ,QQQ261218C00850000,CALL,850.0,2026-12-18,33086,8699,8238414,NEUTRAL,MID,PENDIENTE,,,1.0
2026-10-02,QQQ,QQQ261009C00750000,CALL,750.0,2026-10-09,15806,9080,10590020,NEUTRAL,MID,PENDIENTE,,,0.5
2026-10-02,QQQ,QQQ261005P00751000,PUT,751.0,2026-10-05,22644,17,7404588,ALCISTA,BID,PENDIENTE,,,0.125
2026-10-02,QQQ,QQQ261005P00753000,PUT,753.0,2026-10-05,14136,15,6191568,ALCISTA,BID,PENDIENTE,,,0.125
2026-10-02,QQQ,QQQ261120P00735000,PUT,735.0,2026-11-20,8273,5054,12078580,NEUTRAL,MID,PENDIENTE,,,1.0
2026-10-02,QQQ,QQQ261030P00750000,PUT,750.0,2026-10-30,3840,966,5579520,NEUTRAL,MID,PENDIENTE,,,1.0
2026-10-02,QQQ,QQQ270319P00750000,PUT,750.0,2027-03-19,5663,3504,21394814,BAJISTA,ASK,PENDIENTE,,,1.0
2026-10-02,QQQ,QQQ261005P00752000,PUT,752.0,2026-10-05,14446,61,5590602,NEUTRAL,MID,PENDIENTE,,,0.125
2026-10-02,QQQ,QQQ261009C00749000,CALL,749.0,2026-10-09,6542,885,4749492,NEUTRAL,MID,PENDIENTE,,,0.125
2026-10-02,QQQ,QQQ270331P00865000,PUT,865.0,2027-03-31,527,24,5898184,ALCISTA,BID,PENDIENTE,,,0.3
2026-10-02,MRK,MRK261009C00144000,CALL,144.0,2026-10-09,256,16,56320,ALCISTA,ASK,PENDIENTE,,,0.5
2026-10-02,MRK,MRK270416P00145000,PUT,145.0,2027-04-16,235,83,311375,BAJISTA,ASK,PENDIENTE,,,1.0
2026-10-02,RUT,RUTW261023P02810000,PUT,2810.0,2026-10-23,367,77,1280830,BAJISTA,ASK,PENDIENTE,,,1.0
2026-10-02,RUT,RUTW261023P02730000,PUT,2730.0,2026-10-23,1737,171,2527335,NEUTRAL,MID,PENDIENTE,,,1.0
2026-10-02,RUT,RUTW261023P02720000,PUT,2720.0,2026-10-23,1549,55,2044680,NEUTRAL,MID,PENDIENTE,,,1.0
2026-10-02,RUT,RUT261016P02780000,PUT,2780.0,2026-10-16,837,337,1432107,BAJISTA,ASK,PENDIENTE,,,1.0
2026-10-02,RUT,RUTW261009C02835000,CALL,2835.0,2026-10-09,750,206,1777500,BAJISTA,BID,PENDIENTE,,,0.5
2026-10-02,RUT,RUTW270930C03220000,CALL,3220.0,2027-09-30,1228,0,14075336,NEUTRAL,MID,PENDIENTE,,,1.0
2026-10-02,RUT,RUT270617C02950000,CALL,2950.0,2027-06-17,404,217,6691452,ALCISTA,ASK,PENDIENTE,,,1.0
2026-10-02,RUT,RUTW270930P02800000,PUT,2800.0,2027-09-30,107,5,1841684,NEUTRAL,MID,PENDIENTE,,,1.0
2026-10-02,RUT,RUT261120P02840000,PUT,2840.0,2026-11-20,1364,1059,10272284,BAJISTA,ASK,PENDIENTE,,,1.0
2026-10-02,RUT,RUTW270930P02760000,PUT,2760.0,2027-09-30,856,0,13464024,NEUTRAL,MID,PENDIENTE,,,0.25
2026-10-02,RUT,RUTW270930P03200000,PUT,3200.0,2027-09-30,107,7,3978046,NEUTRAL,MID,PENDIENTE,,,1.0
2026-10-02,RUT,RUTW270930C03600000,CALL,3600.0,2027-09-30,856,0,3196304,NEUTRAL,MID,PENDIENTE,,,0.25
2026-10-02,RUT,RUT261218P02765000,PUT,2765.0,2026-12-18,115,0,759000,BAJISTA,ASK,PENDIENTE,,,0.25
2026-10-02,RUT,RUT261218C02865000,CALL,2865.0,2026-12-18,166,0,1498980,BAJISTA,BID,PENDIENTE,,,0.25
2026-10-02,RUT,RUTW261023P02860000,PUT,2860.0,2026-10-23,182,147,1032122,BAJISTA,ASK,PENDIENTE,,,1.0
2026-10-02,RUT,RUT261218P02810000,PUT,2810.0,2026-12-18,219,139,1785726,BAJISTA,ASK,PENDIENTE,,,0.25
2026-10-02,RUT,RUT261218P02865000,PUT,2865.0,2026-12-18,165,5,1699500,ALCISTA,BID,PENDIENTE,,,0.25
2026-10-02,RUT,RUTW261231P02750000,PUT,2750.0,2026-12-31,166,96,1102074,NEUTRAL,MID,PENDIENTE,,,1.0
2026-10-02,ABT,ABT270115C00105000,CALL,105.0,2027-01-15,2094,1476,580038,BAJISTA,BID,PENDIENTE,,,1.0
2026-10-02,ABT,ABT270617P00115000,PUT,115.0,2027-06-17,305,91,606950,NEUTRAL,MID,PENDIENTE,,,1.0
2026-10-02,ABT,ABT270617P00085000,PUT,85.0,2027-06-17,200,81,78000,NEUTRAL,MID,PENDIENTE,,,1.0
2026-10-02,MMM,MMM261023P00160000,PUT,160.0,2026-10-23,292,52,105120,ALCISTA,BID,PENDIENTE,,,1.0
2026-10-02,MMM,MMM261009P00165000,PUT,165.0,2026-10-09,167,43,66800,NEUTRAL,MID,PENDIENTE,,,0.5
2026-10-02,MMM,MMM261218P00175000,PUT,175.0,2026-12-18,172,143,276060,NEUTRAL,MID,PENDIENTE,,,1.0
2026-10-02,ABBV,ABBV261009C00262500,CALL,262.5,2026-10-09,470,20,193640,NEUTRAL,MID,PENDIENTE,,,0.5
2026-10-02,ABBV,ABBV261106C00290000,CALL,290.0,2026-11-06,600,65,83400,NEUTRAL,MID,PENDIENTE,,,1.0
2026-10-02,ABBV,ABBV261030C00270000,CALL,270.0,2026-10-30,193,77,106536,NEUTRAL,MID,PENDIENTE,,,1.0
2026-10-02,A,A270115P00150000,PUT,150.0,2027-01-15,197,145,92590,NEUTRAL,MID,PENDIENTE,,,1.0
2026-10-02,ACN,ACN261016C00205000,CALL,205.0,2026-10-16,6662,307,2931280,NEUTRAL,MID,PENDIENTE,,,1.0
2026-10-02,ACN,ACN261120C00225000,CALL,225.0,2026-11-20,5357,385,2212441,NEUTRAL,MID,PENDIENTE,,,1.0
2026-10-02,ACN,ACN261009C00205000,CALL,205.0,2026-10-09,1794,40,448500,NEUTRAL,MID,PENDIENTE,,,0.5
2026-10-02,ACN,ACN261016C00207500,CALL,207.5,2026-10-16,865,30,337350,NEUTRAL,MID,PENDIENTE,,,1.0
2026-10-02,ACN,ACN270617C00250000,CALL,250.0,2027-06-17,686,581,1034488,ALCISTA,ASK,PENDIENTE,,,1.0
2026-10-02,ACN,ACN261009P00195000,PUT,195.0,2026-10-09,373,97,100710,ALCISTA,BID,PENDIENTE,,,0.5
2026-10-02,ACN,ACN261016P00197500,PUT,197.5,2026-10-16,132,11,92400,NEUTRAL,MID,PENDIENTE,,,1.0
2026-10-02,ACN,ACN261009P00205000,PUT,205.0,2026-10-09,610,219,481290,NEUTRAL,MID,PENDIENTE,,,0.5
2026-10-02,ACN,ACN261016P00205000,PUT,205.0,2026-10-16,260,79,293800,NEUTRAL,MID,PENDIENTE,,,1.0
2026-10-02,ACN,ACN261016P00200000,PUT,200.0,2026-10-16,353,212,268280,ALCISTA,BID,PENDIENTE,,,1.0
2026-10-02,ACN,ACN261009P00200000,PUT,200.0,2026-10-09,645,284,316050,NEUTRAL,MID,PENDIENTE,,,0.5
2026-10-02,ACN,ACN261030C00200000,CALL,200.0,2026-10-30,117,56,101790,BAJISTA,BID,PENDIENTE,,,1.0
2026-10-02,ACN,ACN261023C00197500,CALL,197.5,2026-10-23,127,48,114300,NEUTRAL,MID,PENDIENTE,,,1.0
2026-10-02,ACN,ACN261016P00190000,PUT,190.0,2026-10-16,612,522,219708,NEUTRAL,MID,PENDIENTE,,,0.25
2026-10-02,ACN,ACN261016C00210000,CALL,210.0,2026-10-16,594,538,184140,NEUTRAL,MID,PENDIENTE,,,0.25
2026-10-02,ACN,ACN261016P00202500,PUT,202.5,2026-10-16,114,89,112860,NEUTRAL,MID,PENDIENTE,,,1.0
2026-10-02,NDX,NDXP261009C31100000,CALL,31100.0,2026-10-09,358,11,4886700,BAJISTA,BID,PENDIENTE,,,0.5
2026-10-02,NDX,NDX261016P30550000,PUT,30550.0,2026-10-16,140,4,3472000,ALCISTA,BID,PENDIENTE,,,1.0
2026-10-02,NDX,NDXP261005C30800000,CALL,30800.0,2026-10-05,164,7,2266480,ALCISTA,ASK,PENDIENTE,,,0.5
2026-10-02,NDX,NDX261120C32600000,CALL,32600.0,2026-11-20,109,40,2735900,NEUTRAL,MID,PENDIENTE,,,1.0
2026-10-02,VRTX,VRTX261023P00500000,PUT,500.0,2026-10-23,776,35,738752,NEUTRAL,MID,PENDIENTE,,,1.0
2026-10-02,VRTX,VRTX261023C00510000,CALL,510.0,2026-10-23,605,21,669130,NEUTRAL,MID,PENDIENTE,,,1.0
2026-10-02,VRTX,VRTX261030P00500000,PUT,500.0,2026-10-30,776,4,893952,NEUTRAL,MID,PENDIENTE,,,1.0
2026-10-02,VRTX,VRTX261030C00510000,CALL,510.0,2026-10-30,611,14,813241,NEUTRAL,MID,PENDIENTE,,,1.0
2026-10-02,VRTX,VRTX261113P00500000,PUT,500.0,2026-11-13,114,18,229368,NEUTRAL,MID,PENDIENTE,,,1.0
2026-10-02,VRTX,VRTX261120P00500000,PUT,500.0,2026-11-20,115,29,246330,NEUTRAL,MID,PENDIENTE,,,1.0
2026-10-02,ADBE,ADBE270917P00190000,PUT,190.0,2027-09-17,502,220,692760,ALCISTA,BID,PENDIENTE,,,1.0
2026-10-02,ADBE,ADBE261009P00232500,PUT,232.5,2026-10-09,364,33,95004,BAJISTA,ASK,PENDIENTE,,,0.125
2026-10-02,ADBE,ADBE261120P00225000,PUT,225.0,2026-11-20,540,496,407700,ALCISTA,BID,PENDIENTE,,,1.0
2026-10-02,ADBE,ADBE261106C00250000,CALL,250.0,2026-11-06,104,12,67080,NEUTRAL,MID,PENDIENTE,,,1.0
2026-10-02,ADBE,ADBE261009C00250000,CALL,250.0,2026-10-09,591,392,57918,NEUTRAL,MID,PENDIENTE,,,0.5
2026-10-02,ADBE,ADBE261009C00240000,CALL,240.0,2026-10-09,329,165,121730,NEUTRAL,MID,PENDIENTE,,,0.125
2026-10-02,ABNB,ABNB270917P00140000,PUT,140.0,2027-09-17,200,4,242000,NEUTRAL,MID,PENDIENTE,,,1.0
2026-10-02,ABNB,ABNB261023C00170000,CALL,170.0,2026-10-23,309,42,73542,NEUTRAL,MID,PENDIENTE,,,1.0
2026-10-02,ABNB,ABNB261023C00167500,CALL,167.5,2026-10-23,238,85,75208,NEUTRAL,MID,PENDIENTE,,,1.0
2026-10-02,AKAM,AKAM261030C00125000,CALL,125.0,2026-10-30,517,113,103400,ALCISTA,ASK,PENDIENTE,,,1.0
2026-10-02,AKAM,AKAM261030P00097000,PUT,97.0,2026-10-30,1021,6,163360,NEUTRAL,MID,PENDIENTE,,,1.0
2026-10-02,AKAM,AKAM261009C00109000,CALL,109.0,2026-10-09,235,24,72850,NEUTRAL,MID,PENDIENTE,,,0.5
2026-10-02,AKAM,AKAM261009C00110000,CALL,110.0,2026-10-09,195,57,53820,NEUTRAL,MID,PENDIENTE,,,0.5
2026-10-02,AKAM,AKAM261016C00117000,CALL,117.0,2026-10-16,294,257,52920,NEUTRAL,MID,PENDIENTE,,,1.0
2026-10-02,ALGN,ALGN261106P00145000,PUT,145.0,2026-11-06,514,4,482132,NEUTRAL,MID,PENDIENTE,,,1.0
2026-10-02,ALGN,ALGN261030P00145000,PUT,145.0,2026-10-30,514,1,459002,NEUTRAL,MID,PENDIENTE,,,1.0
2026-10-02,GOOG,GOOG261009C00350000,CALL,350.0,2026-10-09,7268,3509,1184684,BAJISTA,BID,PENDIENTE,,,0.5
2026-10-02,GOOG,GOOG270917C00450000,CALL,450.0,2027-09-17,1141,869,2070915,BAJISTA,BID,PENDIENTE,,,1.0
2026-10-02,GOOG,GOOG261009C00345000,CALL,345.0,2026-10-09,2757,1377,854670,ALCISTA,ASK,PENDIENTE,,,0.125
2026-10-02,GOOG,GOOG261009P00340000,PUT,340.0,2026-10-09,1617,1057,743820,NEUTRAL,MID,PENDIENTE,,,0.5
2026-10-02,GOOG,GOOG261023P00340000,PUT,340.0,2026-10-23,637,621,535080,NEUTRAL,MID,PENDIENTE,,,1.0
2026-10-02,GOOG,GOOG261009P00337500,PUT,337.5,2026-10-09,1111,452,377740,ALCISTA,BID,PENDIENTE,,,0.125
2026-10-02,GOOG,GOOG261009C00340000,CALL,340.0,2026-10-09,3139,1534,1622863,NEUTRAL,MID,PENDIENTE,,,0.125
2026-10-02,GOOG,GOOG270219C00270000,CALL,270.0,2027-02-19,114,38,902766,NEUTRAL,MID,PENDIENTE,,,1.0
2026-10-02,GOOG,GOOG270917P00365000,PUT,365.0,2027-09-17,123,35,645750,NEUTRAL,MID,PENDIENTE,,,1.0
2026-10-02,GOOG,GOOG270219C00275000,CALL,275.0,2027-02-19,114,55,855456,NEUTRAL,MID,PENDIENTE,,,1.0
2026-10-02,GOOG,GOOG261009P00342500,PUT,342.5,2026-10-09,632,458,388680,BAJISTA,ASK,PENDIENTE,,,0.125
2026-10-02,GOOG,GOOG261009C00337500,CALL,337.5,2026-10-09,1267,808,845089,NEUTRAL,MID,PENDIENTE,,,0.125
2026-10-02,GOOG,GOOG270319C00260000,CALL,260.0,2027-03-19,107,89,955510,BAJISTA,BID,PENDIENTE,,,0.3
2026-10-02,AMD,AMD261005C00635000,CALL,635.0,2026-10-05,4654,398,2769130,ALCISTA,ASK,PENDIENTE,,,0.5
2026-10-02,AMD,AMD261009C00655000,CALL,655.0,2026-10-09,6443,465,4452113,NEUTRAL,MID,PENDIENTE,,,0.5
2026-10-02,AMD,AMD261030C00660000,CALL,660.0,2026-10-30,2100,234,4951800,NEUTRAL,MID,PENDIENTE,,,1.0
2026-10-02,AMD,AMD261030C00670000,CALL,670.0,2026-10-30,1766,361,3567320,NEUTRAL,MID,PENDIENTE,,,1.0
2026-10-02,AMD,AMD261009C00640000,CALL,640.0,2026-10-09,7597,2169,9192370,NEUTRAL,MID,PENDIENTE,,,0.5
2026-10-02,AMD,AMD261016C00650000,CALL,650.0,2026-10-16,2836,2817,4268180,BAJISTA,BID,PENDIENTE,,,1.0
2026-10-02,AMD,AMD270219P00550000,PUT,550.0,2027-02-19,998,350,3792400,ALCISTA,BID,PENDIENTE,,,1.0
2026-10-02,AMD,AMD270219P00600000,PUT,600.0,2027-02-19,706,463,4207760,ALCISTA,BID,PENDIENTE,,,1.0
2026-10-02,AMD,AMD280121C00640000,CALL,640.0,2028-01-21,432,175,7366464,NEUTRAL,MID,PENDIENTE,,,1.0
2026-10-02,AMD,AMD270416P00550000,PUT,550.0,2027-04-16,1081,522,5494723,NEUTRAL,MID,PENDIENTE,,,1.0
2026-10-02,AMD,AMD261016P00640000,PUT,640.0,2026-10-16,2018,298,4944100,NEUTRAL,MID,PENDIENTE,,,0.25
2026-10-02,AMD,AMD261009C00445000,CALL,445.0,2026-10-09,332,28,6316964,NEUTRAL,MID,PENDIENTE,,,0.15
2026-10-02,AMD,AMD261016C00640000,CALL,640.0,2026-10-16,2211,2041,4231854,NEUTRAL,MID,PENDIENTE,,,0.25
2026-10-02,AMD,AMD261218P00650000,PUT,650.0,2026-12-18,392,363,2560936,NEUTRAL,MID,PENDIENTE,,,1.0
2026-10-02,GOOGL,GOOGL261106C00350000,CALL,350.0,2026-11-06,577,146,712018,ALCISTA,ASK,PENDIENTE,,,1.0
2026-10-02,GOOGL,GOOGL261009C00350000,CALL,350.0,2026-10-09,10401,5654,2683458,NEUTRAL,MID,PENDIENTE,,,0.5
2026-10-02,GOOGL,GOOGL261009C00357500,CALL,357.5,2026-10-09,6110,989,623220,NEUTRAL,MID,PENDIENTE,,,0.5
2026-10-02,GOOGL,GOOGL261005C00345000,CALL,345.0,2026-10-05,8937,1890,1447794,NEUTRAL,MID,PENDIENTE,,,0.125
2026-10-02,GOOGL,GOOGL261005P00342500,PUT,342.5,2026-10-05,5511,224,975447,NEUTRAL,MID,PENDIENTE,,,0.125
2026-10-02,GOOGL,GOOGL261009P00340000,PUT,340.0,2026-10-09,4005,3634,1341675,NEUTRAL,MID,PENDIENTE,,,0.5
2026-10-02,GOOGL,GOOGL261005C00340000,CALL,340.0,2026-10-05,2957,1280,1286295,BAJISTA,BID,PENDIENTE,,,0.5
2026-10-02,GOOGL,GOOGL261005C00342500,CALL,342.5,2026-10-05,5580,726,1607040,NEUTRAL,MID,PENDIENTE,,,0.125
2026-10-02,GOOGL,GOOGL261009P00345000,PUT,345.0,2026-10-09,987,750,557655,BAJISTA,ASK,PENDIENTE,,,0.5
2026-10-02,GOOGL,GOOGL261005P00340000,PUT,340.0,2026-10-05,7200,2113,727200,NEUTRAL,MID,PENDIENTE,,,0.125
2026-10-02,GOOGL,GOOGL261005C00337500,CALL,337.5,2026-10-05,855,386,530100,NEUTRAL,MID,PENDIENTE,,,0.5
2026-10-02,GOOGL,GOOGL270917C00415000,CALL,415.0,2027-09-17,211,159,574975,NEUTRAL,MID,PENDIENTE,,,1.0
2026-10-02,GOOGL,GOOGL261023P00345000,PUT,345.0,2026-10-23,565,544,549180,NEUTRAL,MID,PENDIENTE,,,1.0
2026-10-02,SPX,SPX270820C07200000,CALL,7200.0,2027-08-20,1500,15,149697000,BAJISTA,BID,PENDIENTE,,,1.0
2026-10-02,SPX,SPXW261127P08000000,PUT,8000.0,2026-11-27,2000,500,58952000,BAJISTA,ASK,PENDIENTE,,,0.25
2026-10-02,SPX,SPX261218P07775000,PUT,7775.0,2026-12-18,3995,3872,75705250,BAJISTA,ASK,PENDIENTE,,,1.0
2026-10-02,SPX,SPXW261113C07000000,CALL,7000.0,2026-11-13,790,121,60885300,NEUTRAL,MID,PENDIENTE,,,0.3
2026-10-02,SPX,SPXW261113C06000000,CALL,6000.0,2026-11-13,790,206,138250000,NEUTRAL,MID,PENDIENTE,,,0.3
2026-10-02,SPX,SPX261218C00800000,CALL,800.0,2026-12-18,228,151,157784892,NEUTRAL,MID,PENDIENTE,,,0.3
2026-10-02,SPX,SPX270115C01000000,CALL,1000.0,2027-01-15,433,391,290843069,NEUTRAL,MID,PENDIENTE,,,0.3
2026-10-02,SPX,SPXW261127C07000000,CALL,7000.0,2026-11-27,2071,1865,162453382,BAJISTA,BID,PENDIENTE,,,0.075
2026-10-02,AEE,AEE261218C00105000,CALL,105.0,2026-12-18,1418,39,259494,NEUTRAL,MID,PENDIENTE,,,1.0
2026-10-02,AEE,AEE261218C00100000,CALL,100.0,2026-12-18,312,83,124800,ALCISTA,ASK,PENDIENTE,,,0.25
2026-10-02,AEE,AEE261218P00100000,PUT,100.0,2026-12-18,318,55,108120,ALCISTA,BID,PENDIENTE,,,0.25
2026-10-02,APH,APH261120P00087500,PUT,87.5,2026-11-20,188,165,107160,NEUTRAL,MID,PENDIENTE,,,1.0
2026-10-02,ADI,ADI261016C00440000,CALL,440.0,2026-10-16,303,34,130896,ALCISTA,ASK,PENDIENTE,,,1.0
2026-10-02,ADI,ADI261009C00417500,CALL,417.5,2026-10-09,423,3,328671,NEUTRAL,MID,PENDIENTE,,,0.5
2026-10-02,ADI,ADI270115C00520000,CALL,520.0,2027-01-15,547,69,421190,BAJISTA,BID,PENDIENTE,,,1.0
2026-10-02,ADI,ADI261009P00392500,PUT,392.5,2026-10-09,1569,11,274575,NEUTRAL,MID,PENDIENTE,,,0.5
2026-10-02,ADI,ADI261009C00412500,CALL,412.5,2026-10-09,401,4,421852,NEUTRAL,MID,PENDIENTE,,,0.5
2026-10-02,ADI,ADI270319C00450000,CALL,450.0,2027-03-19,183,63,611220,NEUTRAL,MID,PENDIENTE,,,1.0
2026-10-02,ADI,ADI261009P00407500,PUT,407.5,2026-10-09,798,3,295260,NEUTRAL,MID,PENDIENTE,,,0.125
2026-10-02,ADI,ADI261009C00430000,CALL,430.0,2026-10-09,834,8,271050,NEUTRAL,MID,PENDIENTE,,,0.125
2026-10-02,AON,AON270416C00310000,CALL,310.0,2027-04-16,237,9,293880,ALCISTA,ASK,PENDIENTE,,,1.0
2026-10-02,AMT,AMT270917P00190000,PUT,190.0,2027-09-17,405,1,1312200,ALCISTA,BID,PENDIENTE,,,1.0
2026-10-02,APO,APO261120C00125000,CALL,125.0,2026-11-20,847,130,279510,ALCISTA,ASK,PENDIENTE,,,1.0
2026-10-02,APO,APO270917P00095000,PUT,95.0,2027-09-17,250,51,172500,ALCISTA,BID,PENDIENTE,,,1.0
2026-10-02,APO,APO261120P00110000,PUT,110.0,2026-11-20,652,256,299920,NEUTRAL,MID,PENDIENTE,,,1.0
2026-10-02,APO,APO261016C00117000,CALL,117.0,2026-10-16,268,16,61640,NEUTRAL,MID,PENDIENTE,,,0.25
2026-10-02,APO,APO261016P00116000,PUT,116.0,2026-10-16,310,298,114700,NEUTRAL,MID,PENDIENTE,,,0.25
2026-10-02,APTV,APTV280121C00045000,CALL,45.0,2028-01-21,450,0,409500,NEUTRAL,MID,PENDIENTE,,,1.0
2026-10-02,APTV,APTV280121C00050000,CALL,50.0,2028-01-21,145,0,105995,NEUTRAL,MID,PENDIENTE,,,1.0
2026-10-02,AAPL,AAPL261005C00335000,CALL,335.0,2026-10-05,35463,2851,4432875,NEUTRAL,MID,PENDIENTE,,,0.5
2026-10-02,AAPL,AAPL261005P00332500,PUT,332.5,2026-10-05,17410,466,2211070,NEUTRAL,MID,PENDIENTE,,,0.5
2026-10-02,AAPL,AAPL261005C00332500,CALL,332.5,2026-10-05,22384,2426,5551232,BAJISTA,BID,PENDIENTE,,,0.5
2026-10-02,AAPL,AAPL261005P00330000,PUT,330.0,2026-10-05,17213,1457,963928,NEUTRAL,MID,PENDIENTE,,,0.5
2026-10-02,AAPL,AAPL261106C00360000,CALL,360.0,2026-11-06,3354,897,788190,ALCISTA,ASK,PENDIENTE,,,0.25
2026-10-02,AAPL,AAPL261005P00335000,PUT,335.0,2026-10-05,3898,420,1013480,NEUTRAL,MID,PENDIENTE,,,0.5
2026-10-02,AAPL,AAPL261009C00335000,CALL,335.0,2026-10-09,11941,8071,4000235,NEUTRAL,MID,PENDIENTE,,,0.125
2026-10-02,AAPL,AAPL261005C00330000,CALL,330.0,2026-10-05,13051,8915,5677185,NEUTRAL,MID,PENDIENTE,,,0.5
2026-10-02,AAPL,AAPL261009C00340000,CALL,340.0,2026-10-09,14194,11509,2086518,BAJISTA,BID,PENDIENTE,,,0.125
2026-10-02,AAPL,AAPL261009C00305000,CALL,305.0,2026-10-09,1007,164,2916272,NEUTRAL,MID,PENDIENTE,,,0.15
2026-10-02,AAPL,AAPL261007C00335000,CALL,335.0,2026-10-07,3481,779,842402,NEUTRAL,MID,PENDIENTE,,,0.125
2026-10-02,AAPL,AAPL261009C00255000,CALL,255.0,2026-10-09,345,21,2718600,NEUTRAL,MID,PENDIENTE,,,0.15
2026-10-02,AAPL,AAPL261009C00332500,CALL,332.5,2026-10-09,4207,2516,1956255,NEUTRAL,MID,PENDIENTE,,,0.5
2026-10-02,AAPL,AAPL261106C00350000,CALL,350.0,2026-11-06,2826,735,1257570,NEUTRAL,MID,PENDIENTE,,,0.25
2026-10-02,AAPL,AAPL261009P00345000,PUT,345.0,2026-10-09,1598,400,1868062,NEUTRAL,MID,PENDIENTE,,,0.125
2026-10-02,AAPL,AAPL261007C00332500,CALL,332.5,2026-10-07,3397,1052,1256890,BAJISTA,BID,PENDIENTE,,,0.125
2026-10-02,AAPL,AAPL261009C00250000,CALL,250.0,2026-10-09,170,4,1428680,NEUTRAL,MID,PENDIENTE,,,0.15
2026-10-02,AAPL,AAPL261009C00325000,CALL,325.0,2026-10-09,1273,1011,1266635,NEUTRAL,MID,PENDIENTE,,,0.5
2026-10-02,AAPL,AAPL261030C00330000,CALL,330.0,2026-10-30,1527,1312,1841562,NEUTRAL,MID,PENDIENTE,,,1.0
2026-10-02,AAPL,AAPL261016C00332500,CALL,332.5,2026-10-16,1133,688,742115,NEUTRAL,MID,PENDIENTE,,,1.0
2026-10-02,AAPL,AAPL261023P00335000,PUT,335.0,2026-10-23,978,610,704160,NEUTRAL,MID,PENDIENTE,,,1.0
2026-10-02,AAPL,AAPL261009P00335000,PUT,335.0,2026-10-09,1685,1515,724550,ALCISTA,BID,PENDIENTE,,,0.125
2026-10-02,APP,APP270917P00250000,PUT,250.0,2027-09-17,264,2,1386000,ALCISTA,BID,PENDIENTE,,,1.0
2026-10-02,APP,APP261016P00295000,PUT,295.0,2026-10-16,452,129,1267860,NEUTRAL,MID,PENDIENTE,,,1.0
2026-10-02,APP,APP261113C00270000,CALL,270.0,2026-11-13,110,2,291280,NEUTRAL,MID,PENDIENTE,,,1.0
2026-10-02,APP,APP261016P00265000,PUT,265.0,2026-10-16,718,192,570810,ALCISTA,BID,PENDIENTE,,,0.25
2026-10-02,APP,APP261106C00260000,CALL,260.0,2026-11-06,165,14,463650,BAJISTA,BID,PENDIENTE,,,1.0
2026-10-02,APP,APP261009C00270000,CALL,270.0,2026-10-09,710,27,455820,NEUTRAL,MID,PENDIENTE,,,0.125
2026-10-02,APP,APP270319P00270000,PUT,270.0,2027-03-19,698,616,3210102,NEUTRAL,MID,PENDIENTE,,,1.0
2026-10-02,APP,APP261009P00272500,PUT,272.5,2026-10-09,278,70,257428,ALCISTA,BID,PENDIENTE,,,0.5
2026-10-02,APP,APP261009P00265000,PUT,265.0,2026-10-09,486,305,281880,NEUTRAL,MID,PENDIENTE,,,0.5
2026-10-02,APP,APP261009P00282500,PUT,282.5,2026-10-09,374,272,538560,ALCISTA,BID,PENDIENTE,,,0.5
2026-10-02,APP,APP261016P00275000,PUT,275.0,2026-10-16,681,364,987450,NEUTRAL,MID,PENDIENTE,,,0.25
2026-10-02,APP,APP261009P00260000,PUT,260.0,2026-10-09,632,524,252800,NEUTRAL,MID,PENDIENTE,,,0.125
2026-10-02,AMZN,AMZN261009C00252500,CALL,252.5,2026-10-09,15403,1216,4790333,NEUTRAL,MID,PENDIENTE,,,0.5
2026-10-02,AMZN,AMZN261009C00257500,CALL,257.5,2026-10-09,11984,3663,1665776,BAJISTA,BID,PENDIENTE,,,0.5
2026-10-02,AMZN,AMZN261007C00252500,CALL,252.5,2026-10-07,6983,488,1571175,BAJISTA,BID,PENDIENTE,,,0.125
2026-10-02,AMZN,AMZN261009C00260000,CALL,260.0,2026-10-09,20041,9575,1783649,BAJISTA,BID,PENDIENTE,,,0.5
2026-10-02,AMZN,AMZN261005C00252500,CALL,252.5,2026-10-05,17146,2309,2023228,NEUTRAL,MID,PENDIENTE,,,0.125
2026-10-02,AMZN,AMZN261009C00242500,CALL,242.5,2026-10-09,1418,125,1318740,BAJISTA,BID,PENDIENTE,,,0.5
2026-10-02,AMZN,AMZN261009C00255000,CALL,255.0,2026-10-09,8103,3891,1717836,NEUTRAL,MID,PENDIENTE,,,0.5
2026-10-02,AMZN,AMZN261007C00245000,CALL,245.0,2026-10-07,1292,472,975460,ALCISTA,ASK,PENDIENTE,,,0.5
2026-10-02,AMZN,AMZN261005P00262500,PUT,262.5,2026-10-05,1268,0,1483560,BAJISTA,ASK,PENDIENTE,,,0.15
2026-10-02,AMZN,AMZN261005P00255000,PUT,255.0,2026-10-05,1776,303,754800,BAJISTA,ASK,PENDIENTE,,,0.125
2026-10-02,AMZN,AMZN261005C00255000,CALL,255.0,2026-10-05,19861,5287,973189,BAJISTA,BID,PENDIENTE,,,0.125
2026-10-02,AMZN,AMZN261007C00255000,CALL,255.0,2026-10-07,6500,873,877500,NEUTRAL,MID,PENDIENTE,,,0.125
2026-10-02,AMZN,AMZN261005C00240000,CALL,240.0,2026-10-05,4979,590,5521711,NEUTRAL,MID,PENDIENTE,,,0.15
2026-10-02,AMZN,AMZN261106C00250000,CALL,250.0,2026-11-06,706,449,942510,ALCISTA,ASK,PENDIENTE,,,1.0
2026-10-02,AMZN,AMZN261009P00250000,PUT,250.0,2026-10-09,4746,3127,1271928,ALCISTA,BID,PENDIENTE,,,0.125
2026-10-02,AMZN,AMZN261005C00250000,CALL,250.0,2026-10-05,7976,2194,1962096,NEUTRAL,MID,PENDIENTE,,,0.125
2026-10-02,AMZN,AMZN261005P00260000,PUT,260.0,2026-10-05,6386,84,5447258,ALCISTA,BID,PENDIENTE,,,0.037
2026-10-02,AMZN,AMZN261005C00245000,CALL,245.0,2026-10-05,9841,283,6691880,NEUTRAL,MID,PENDIENTE,,,0.037
2026-10-02,AMZN,AMZN261005C00242500,CALL,242.5,2026-10-05,6960,137,6612000,NEUTRAL,MID,PENDIENTE,,,0.037
2026-10-02,AMZN,AMZN261005P00257500,PUT,257.5,2026-10-05,8414,465,5418616,NEUTRAL,MID,PENDIENTE,,,0.037
2026-10-02,AMZN,AMZN261005C00237500,CALL,237.5,2026-10-05,2111,215,2934290,NEUTRAL,MID,PENDIENTE,,,0.037
2026-10-02,AMZN,AMZN261009C00240000,CALL,240.0,2026-10-09,882,757,1073394,NEUTRAL,MID,PENDIENTE,,,0.5
2026-10-02,AMZN,AMZN261009C00250000,CALL,250.0,2026-10-09,4095,3912,1814085,NEUTRAL,MID,PENDIENTE,,,0.125
2026-10-02,AMZN,AMZN261005C00247500,CALL,247.5,2026-10-05,2078,1415,864448,BAJISTA,BID,PENDIENTE,,,0.125
2026-10-02,AMZN,AMZN261005P00265000,PUT,265.0,2026-10-05,710,0,1013880,NEUTRAL,MID,PENDIENTE,,,0.037
2026-10-02,AMZN,AMZN261005C00235000,CALL,235.0,2026-10-05,573,243,889869,NEUTRAL,MID,PENDIENTE,,,0.037
2026-10-02,AMGN,AMGN261030C00400000,CALL,400.0,2026-10-30,140,10,195300,NEUTRAL,MID,PENDIENTE,,,1.0
2026-10-02,ARES,ARES261016P00119000,PUT,119.0,2026-10-16,265,4,87450,ALCISTA,BID,PENDIENTE,,,1.0
2026-10-02,AMAT,AMAT261016P00540000,PUT,540.0,2026-10-16,1008,554,2268000,BAJISTA,ASK,PENDIENTE,,,1.0
2026-10-02,AMAT,AMAT261009P00540000,PUT,540.0,2026-10-09,316,22,409220,NEUTRAL,MID,PENDIENTE,,,0.5
2026-10-02,AMAT,AMAT261106P00485000,PUT,485.0,2026-11-06,250,8,325000,NEUTRAL,MID,PENDIENTE,,,1.0
2026-10-02,AMAT,AMAT261120C00590000,CALL,590.0,2026-11-20,119,31,321895,NEUTRAL,MID,PENDIENTE,,,1.0
2026-10-02,AMAT,AMAT261016C00590000,CALL,590.0,2026-10-16,463,264,294005,NEUTRAL,MID,PENDIENTE,,,1.0
2026-10-02,ANET,ANET261009C00217500,CALL,217.5,2026-10-09,1054,143,138074,NEUTRAL,MID,PENDIENTE,,,0.5
2026-10-02,ANET,ANET261009C00215000,CALL,215.0,2026-10-09,786,256,145410,NEUTRAL,MID,PENDIENTE,,,0.5
2026-10-02,ANET,ANET261030C00210000,CALL,210.0,2026-10-30,140,140,130060,NEUTRAL,MID,PENDIENTE,,,1.0
2026-10-02,ANET,ANET261009C00205000,CALL,205.0,2026-10-09,291,279,178383,NEUTRAL,MID,PENDIENTE,,,0.5
2026-10-02,T,T261009P00024500,PUT,24.5,2026-10-09,1122,700,66198,NEUTRAL,MID,PENDIENTE,,,0.5
2026-10-02,ADSK,ADSK261009C00225000,CALL,225.0,2026-10-09,750,23,71250,ALCISTA,ASK,PENDIENTE,,,0.5
2026-10-02,AXP,AXP261009C00305000,CALL,305.0,2026-10-09,2592,66,702432,NEUTRAL,MID,PENDIENTE,,,0.5
2026-10-02,AXP,AXP261009C00310000,CALL,310.0,2026-10-09,2459,194,287703,NEUTRAL,MID,PENDIENTE,,,0.5
2026-10-02,AXP,AXP271217P00320000,PUT,320.0,2027-12-17,204,72,847824,NEUTRAL,MID,PENDIENTE,,,1.0
2026-10-02,AXP,AXP270319C00310000,CALL,310.0,2027-03-19,196,100,419440,NEUTRAL,MID,PENDIENTE,,,1.0
2026-10-02,AXP,AXP261009C00302500,CALL,302.5,2026-10-09,245,12,94080,NEUTRAL,MID,PENDIENTE,,,0.5
2026-10-02,MO,MO261120P00060000,PUT,60.0,2026-11-20,1545,153,55620,BAJISTA,ASK,PENDIENTE,,,1.0
2026-10-02,MO,MO261009C00068000,CALL,68.0,2026-10-09,1444,159,64980,BAJISTA,BID,PENDIENTE,,,0.125
2026-10-02,MO,MO261009P00067000,PUT,67.0,2026-10-09,1236,223,61800,NEUTRAL,MID,PENDIENTE,,,0.125
2026-10-02,BAX,BAX261218C00027500,CALL,27.5,2026-12-18,1028,185,62708,NEUTRAL,MID,PENDIENTE,,,1.0
2026-10-02,BAC,BAC261009P00053000,PUT,53.0,2026-10-09,25412,4520,965656,NEUTRAL,MID,PENDIENTE,,,0.5
2026-10-02,BAC,BAC261016C00054000,CALL,54.0,2026-10-16,1884,1165,233616,ALCISTA,ASK,PENDIENTE,,,1.0
2026-10-02,BAC,BAC280121P00042500,PUT,42.5,2028-01-21,600,61,118800,BAJISTA,ASK,PENDIENTE,,,1.0
2026-10-02,BAC,BAC261009C00054000,CALL,54.0,2026-10-09,4445,1600,284480,BAJISTA,BID,PENDIENTE,,,0.5
2026-10-02,BAC,BAC261106C00058000,CALL,58.0,2026-11-06,1705,98,71610,NEUTRAL,MID,PENDIENTE,,,1.0
2026-10-02,BAC,BAC261030C00054000,CALL,54.0,2026-10-30,388,104,63632,NEUTRAL,MID,PENDIENTE,,,1.0
2026-10-02,BAC,BAC270416C00060000,CALL,60.0,2027-04-16,1120,1063,236320,NEUTRAL,MID,PENDIENTE,,,1.0
2026-10-02,BAC,BAC261016C00053000,CALL,53.0,2026-10-16,796,311,140892,NEUTRAL,MID,PENDIENTE,,,1.0
2026-10-02,BAC,BAC261030C00058000,CALL,58.0,2026-10-30,1897,1573,66395,BAJISTA,BID,PENDIENTE,,,1.0
2026-10-02,BAC,BAC261120P00047000,PUT,47.0,2026-11-20,3906,3867,121086,NEUTRAL,MID,PENDIENTE,,,1.0
2026-10-02,BAC,BAC261023P00054000,PUT,54.0,2026-10-23,952,525,148512,NEUTRAL,MID,PENDIENTE,,,1.0
2026-10-02,AZO,AZO261120C03350000,CALL,3350.0,2026-11-20,1003,87,1504500,BAJISTA,BID,PENDIENTE,,,1.0
2026-10-02,AZO,AZO261120C03650000,CALL,3650.0,2026-11-20,254,184,137160,ALCISTA,ASK,PENDIENTE,,,1.0
2026-10-02,AXON,AXON270319C00550000,CALL,550.0,2027-03-19,106,11,382024,ALCISTA,ASK,PENDIENTE,,,1.0
2026-10-02,AXON,AXON261016P00435000,PUT,435.0,2026-10-16,118,23,358720,NEUTRAL,MID,PENDIENTE,,,1.0
2026-10-02,BNY,BNY261120C00150000,CALL,150.0,2026-11-20,305,205,109800,NEUTRAL,MID,PENDIENTE,,,1.0
2026-10-02,BIIB,BIIB261120C00240000,CALL,240.0,2026-11-20,212,58,108544,NEUTRAL,MID,PENDIENTE,,,1.0
2026-10-02,BRK.B,BRKB261023C00505000,CALL,505.0,2026-10-23,559,99,324220,NEUTRAL,MID,PENDIENTE,,,1.0
2026-10-02,BRK.B,BRKB261009P00500000,PUT,500.0,2026-10-09,2473,439,457505,ALCISTA,BID,PENDIENTE,,,0.125
2026-10-02,BRK.B,BRKB261106C00505000,CALL,505.0,2026-11-06,304,15,273600,NEUTRAL,MID,PENDIENTE,,,1.0
2026-10-02,BRK.B,BRKB261009P00497500,PUT,497.5,2026-10-09,2357,190,306410,NEUTRAL,MID,PENDIENTE,,,0.125
2026-10-02,BRK.B,BRKB261016C00502500,CALL,502.5,2026-10-16,328,271,179416,NEUTRAL,MID,PENDIENTE,,,1.0
2026-10-02,BX,BX261009P00112000,PUT,112.0,2026-10-09,582,181,136188,NEUTRAL,MID,PENDIENTE,,,0.5
2026-10-02,BX,BX261016P00113000,PUT,113.0,2026-10-16,730,528,222650,ALCISTA,BID,PENDIENTE,,,1.0
2026-10-02,XYZ,XYZ261009C00076000,CALL,76.0,2026-10-09,2738,94,238206,NEUTRAL,MID,PENDIENTE,,,0.5
2026-10-02,XYZ,XYZ261016P00070000,PUT,70.0,2026-10-16,3923,2497,243226,ALCISTA,BID,PENDIENTE,,,1.0
2026-10-02,XYZ,XYZ270917P00082500,PUT,82.5,2027-09-17,159,116,264735,NEUTRAL,MID,PENDIENTE,,,1.0
2026-10-02,BR,BR271217C00185000,CALL,185.0,2027-12-17,175,0,266000,NEUTRAL,MID,PENDIENTE,,,1.0
2026-10-02,BA,BA261009C00200000,CALL,200.0,2026-10-09,10158,2388,1351014,NEUTRAL,MID,PENDIENTE,,,0.5
2026-10-02,BA,BA261009P00190000,PUT,190.0,2026-10-09,5684,848,1051540,ALCISTA,BID,PENDIENTE,,,0.125
2026-10-02,BA,BA270115C00210000,CALL,210.0,2027-01-15,3198,2482,2894190,NEUTRAL,MID,PENDIENTE,,,1.0
2026-10-02,BA,BA261009C00195000,CALL,195.0,2026-10-09,3581,2699,1038490,NEUTRAL,MID,PENDIENTE,,,0.5
2026-10-02,BA,BA280616C00200000,CALL,200.0,2028-06-16,314,142,1318800,NEUTRAL,MID,PENDIENTE,,,1.0
2026-10-02,BA,BA261009C00197500,CALL,197.5,2026-10-09,4818,1438,934692,NEUTRAL,MID,PENDIENTE,,,0.125
2026-10-02,BA,BA261009C00202500,CALL,202.5,2026-10-09,2937,778,240834,NEUTRAL,MID,PENDIENTE,,,0.5
2026-10-02,BA,BA261009P00192500,PUT,192.5,2026-10-09,1138,471,332296,NEUTRAL,MID,PENDIENTE,,,0.5
2026-10-02,BA,BA261009C00192500,CALL,192.5,2026-10-09,1735,698,728700,NEUTRAL,MID,PENDIENTE,,,0.5
2026-10-02,BA,BA270319C00250000,CALL,250.0,2027-03-19,1422,873,664074,NEUTRAL,MID,PENDIENTE,,,1.0
2026-10-02,BA,BA261030C00195000,CALL,195.0,2026-10-30,426,360,334410,NEUTRAL,MID,PENDIENTE,,,1.0
2026-10-02,BA,BA270917C00225000,CALL,225.0,2027-09-17,140,81,281120,NEUTRAL,MID,PENDIENTE,,,0.25
2026-10-02,BA,BA270917P00205000,PUT,205.0,2027-09-17,141,71,413835,NEUTRAL,MID,PENDIENTE,,,0.25
2026-10-02,BA,BA261009C00175000,CALL,175.0,2026-10-09,122,43,240828,NEUTRAL,MID,PENDIENTE,,,0.037
2026-10-02,BA,BA261009C00180000,CALL,180.0,2026-10-09,136,97,184960,BAJISTA,BID,PENDIENTE,,,0.037
2026-10-02,BSX,BSX261009P00043500,PUT,43.5,2026-10-09,958,25,127414,NEUTRAL,MID,PENDIENTE,,,0.5
2026-10-02,BSX,BSX261113C00042000,CALL,42.0,2026-11-13,291,0,85554,BAJISTA,BID,PENDIENTE,,,1.0
2026-10-02,BMY,BMY261030C00066000,CALL,66.0,2026-10-30,1993,114,171398,BAJISTA,BID,PENDIENTE,,,1.0
2026-10-02,BMY,BMY261023C00066000,CALL,66.0,2026-10-23,2551,218,86734,NEUTRAL,MID,PENDIENTE,,,1.0
2026-10-02,BMY,BMY261009C00062000,CALL,62.0,2026-10-09,1125,256,69750,NEUTRAL,MID,PENDIENTE,,,0.5
2026-10-02,BMY,BMY261030C00067000,CALL,67.0,2026-10-30,1189,200,82041,NEUTRAL,MID,PENDIENTE,,,1.0
2026-10-02,BMY,BMY261009C00061000,CALL,61.0,2026-10-09,520,81,54600,NEUTRAL,MID,PENDIENTE,,,0.5
2026-10-02,BMY,BMY261030C00060000,CALL,60.0,2026-10-30,177,40,51507,BAJISTA,BID,PENDIENTE,,,1.0
2026-10-02,BMY,BMY261016C00061000,CALL,61.0,2026-10-16,547,233,81503,NEUTRAL,MID,PENDIENTE,,,1.0
2026-10-02,BE,BE270521P00290000,PUT,290.0,2027-05-21,287,20,2011870,BAJISTA,ASK,PENDIENTE,,,1.0
2026-10-02,BE,BE261009C00300000,CALL,300.0,2026-10-09,3370,1567,1988300,BAJISTA,BID,PENDIENTE,,,0.5
2026-10-02,BE,BE261009P00280000,PUT,280.0,2026-10-09,1716,448,1038180,BAJISTA,ASK,PENDIENTE,,,0.125
2026-10-02,BE,BE261009P00300000,PUT,300.0,2026-10-09,1474,93,2330394,ALCISTA,BID,PENDIENTE,,,0.125
2026-10-02,BE,BE261009C00292500,CALL,292.5,2026-10-09,1455,134,1273125,NEUTRAL,MID,PENDIENTE,,,0.125
2026-10-02,BE,BE261009P00277500,PUT,277.5,2026-10-09,1123,297,595190,BAJISTA,ASK,PENDIENTE,,,0.125
2026-10-02,BE,BE261009C00245000,CALL,245.0,2026-10-09,809,89,3820907,ALCISTA,ASK,PENDIENTE,,,0.037
2026-10-02,BE,BE261113P00230000,PUT,230.0,2026-11-13,799,201,571285,NEUTRAL,MID,PENDIENTE,,,1.0
2026-10-02,BE,BE261030C00290000,CALL,290.0,2026-10-30,199,173,505460,ALCISTA,ASK,PENDIENTE,,,1.0
2026-10-02,BE,BE261009P00285000,PUT,285.0,2026-10-09,786,135,628014,NEUTRAL,MID,PENDIENTE,,,0.125
2026-10-02,BE,BE261009C00290000,CALL,290.0,2026-10-09,1581,1070,1569933,NEUTRAL,MID,PENDIENTE,,,0.125
2026-10-02,BE,BE261218P00290000,PUT,290.0,2026-12-18,669,451,2724168,NEUTRAL,MID,PENDIENTE,,,1.0
2026-10-02,BE,BE261009P00290000,PUT,290.0,2026-10-09,1800,642,1881000,NEUTRAL,MID,PENDIENTE,,,0.125
2026-10-02,BE,BE261009C00295000,CALL,295.0,2026-10-09,1123,753,881555,NEUTRAL,MID,PENDIENTE,,,0.125
2026-10-02,BE,BE261009P00295000,PUT,295.0,2026-10-09,682,246,852500,ALCISTA,BID,PENDIENTE,,,0.125
2026-10-02,BE,BE261009P00292500,PUT,292.5,2026-10-09,444,41,521700,NEUTRAL,MID,PENDIENTE,,,0.125
2026-10-02,BE,BE261009C00287500,CALL,287.5,2026-10-09,468,206,515268,NEUTRAL,MID,PENDIENTE,,,0.125
2026-10-02,BE,BE261009P00275000,PUT,275.0,2026-10-09,1193,548,501060,NEUTRAL,MID,PENDIENTE,,,0.125
2026-10-02,BE,BE261009C00310000,CALL,310.0,2026-10-09,1264,574,447456,NEUTRAL,MID,PENDIENTE,,,0.125
2026-10-02,BE,BE261009C00285000,CALL,285.0,2026-10-09,798,495,938448,BAJISTA,BID,PENDIENTE,,,0.125
2026-10-02,COF,COF261009C00200000,CALL,200.0,2026-10-09,1958,59,234960,NEUTRAL,MID,PENDIENTE,,,0.5
2026-10-02,COF,COF261009C00192500,CALL,192.5,2026-10-09,271,11,105690,BAJISTA,BID,PENDIENTE,,,0.5
2026-10-02,BKNG,BKNG271217C00212000,CALL,212.0,2027-12-17,582,155,774060,ALCISTA,ASK,PENDIENTE,,,1.0
2026-10-02,BKNG,BKNG261009P00157500,PUT,157.5,2026-10-09,560,93,126000,NEUTRAL,MID,PENDIENTE,,,0.5
2026-10-02,BKNG,BKNG270319P00150000,PUT,150.0,2027-03-19,606,501,721140,NEUTRAL,MID,PENDIENTE,,,1.0
2026-10-02,BKNG,BKNG261030P00160000,PUT,160.0,2026-10-30,166,94,119520,BAJISTA,ASK,PENDIENTE,,,1.0
2026-10-02,BKNG,BKNG270319C00184000,CALL,184.0,2027-03-19,204,103,179520,NEUTRAL,MID,PENDIENTE,,,1.0
2026-10-02,BKNG,BKNG261030C00165000,CALL,165.0,2026-10-30,257,236,118734,NEUTRAL,MID,PENDIENTE,,,1.0
2026-10-02,CHRW,CHRW261120P00170000,PUT,170.0,2026-11-20,110,54,190300,BAJISTA,ASK,PENDIENTE,,,1.0
2026-10-02,CCL,CCL261016C00025000,CALL,25.0,2026-10-16,14706,7073,1838250,ALCISTA,ASK,PENDIENTE,,,1.0
2026-10-02,CCL,CCL261120C00029000,CALL,29.0,2026-11-20,3426,1481,147318,NEUTRAL,MID,PENDIENTE,,,1.0
2026-10-02,CASY,CASY261016P00590000,PUT,590.0,2026-10-16,110,52,64900,BAJISTA,ASK,PENDIENTE,,,1.0
2026-10-02,AVGO,AVGO261106C00355000,CALL,355.0,2026-11-06,2525,189,4191500,ALCISTA,ASK,PENDIENTE,,,1.0
2026-10-02,AVGO,AVGO261009C00370000,CALL,370.0,2026-10-09,10365,1903,1741320,BAJISTA,BID,PENDIENTE,,,0.5
2026-10-02,AVGO,AVGO261009C00357500,CALL,357.5,2026-10-09,2485,682,1354325,ALCISTA,ASK,PENDIENTE,,,0.5
2026-10-02,AVGO,AVGO261005C00355000,CALL,355.0,2026-10-05,6180,642,1952880,NEUTRAL,MID,PENDIENTE,,,0.5
2026-10-02,AVGO,AVGO261005C00360000,CALL,360.0,2026-10-05,5851,978,719673,NEUTRAL,MID,PENDIENTE,,,0.5
2026-10-02,AVGO,AVGO261009C00360000,CALL,360.0,2026-10-09,3719,1757,1599170,NEUTRAL,MID,PENDIENTE,,,0.5
2026-10-02,AVGO,AVGO261005C00352500,CALL,352.5,2026-10-05,2453,383,1189705,NEUTRAL,MID,PENDIENTE,,,0.5
2026-10-02,AVGO,AVGO261005P00355000,PUT,355.0,2026-10-05,3679,306,1092663,NEUTRAL,MID,PENDIENTE,,,0.125
2026-10-02,AVGO,AVGO261009C00365000,CALL,365.0,2026-10-09,4586,3063,1284080,NEUTRAL,MID,PENDIENTE,,,0.5
2026-10-02,AVGO,AVGO261030C00360000,CALL,360.0,2026-10-30,1412,914,1722640,NEUTRAL,MID,PENDIENTE,,,1.0
2026-10-02,AVGO,AVGO261005C00357500,CALL,357.5,2026-10-05,3856,497,759632,NEUTRAL,MID,PENDIENTE,,,0.125
2026-10-02,AVGO,AVGO261030C00400000,CALL,400.0,2026-10-30,4619,1809,1085465,NEUTRAL,MID,PENDIENTE,,,1.0
2026-10-02,AVGO,AVGO270219P00310000,PUT,310.0,2027-02-19,1524,1450,2065020,NEUTRAL,MID,PENDIENTE,,,1.0
2026-10-02,AVGO,AVGO261009P00350000,PUT,350.0,2026-10-09,1846,1061,718094,NEUTRAL,MID,PENDIENTE,,,0.5
2026-10-02,AVGO,AVGO261016C00355000,CALL,355.0,2026-10-16,1473,714,1428810,NEUTRAL,MID,PENDIENTE,,,1.0
2026-10-02,AVGO,AVGO261005C00350000,CALL,350.0,2026-10-05,1236,544,821940,NEUTRAL,MID,PENDIENTE,,,0.5
2026-10-02,AVGO,AVGO261009C00352500,CALL,352.5,2026-10-09,942,747,748890,NEUTRAL,MID,PENDIENTE,,,0.5
2026-10-02,CVNA,CVNA261009C00067000,CALL,67.0,2026-10-09,1719,156,139239,BAJISTA,BID,PENDIENTE,,,0.5
2026-10-02,CVNA,CVNA270617C00144000,CALL,144.0,2027-06-17,974,543,133438,ALCISTA,ASK,PENDIENTE,,,1.0
2026-10-02,CVNA,CVNA261009C00070000,CALL,70.0,2026-10-09,1827,1197,52983,BAJISTA,BID,PENDIENTE,,,0.5
2026-10-02,CVNA,CVNA261009C00050000,CALL,50.0,2026-10-09,375,50,525000,NEUTRAL,MID,PENDIENTE,,,0.037
2026-10-02,CVNA,CVNA261009P00061000,PUT,61.0,2026-10-09,596,244,50660,ALCISTA,BID,PENDIENTE,,,0.125
2026-10-02,CVNA,CVNA261009C00059000,CALL,59.0,2026-10-09,124,72,70184,ALCISTA,ASK,PENDIENTE,,,0.125
2026-10-02,CVNA,CVNA261009P00064000,PUT,64.0,2026-10-09,381,103,82677,NEUTRAL,MID,PENDIENTE,,,0.125
2026-10-02,CVNA,CVNA261009P00062000,PUT,62.0,2026-10-09,561,381,69564,NEUTRAL,MID,PENDIENTE,,,0.125
2026-10-02,CVNA,CVNA261009P00063000,PUT,63.0,2026-10-09,411,315,69048,NEUTRAL,MID,PENDIENTE,,,0.125
2026-10-02,CVNA,CVNA261009P00065000,PUT,65.0,2026-10-09,411,182,110559,NEUTRAL,MID,PENDIENTE,,,0.125
2026-10-02,CVNA,CVNA261009P00070000,PUT,70.0,2026-10-09,115,85,57500,ALCISTA,BID,PENDIENTE,,,0.125
2026-10-02,CDNS,CDNS270115C00480000,CALL,480.0,2027-01-15,2368,304,1112960,NEUTRAL,MID,PENDIENTE,,,1.0
2026-10-02,CDNS,CDNS261009C00360000,CALL,360.0,2026-10-09,276,17,101844,NEUTRAL,MID,PENDIENTE,,,0.5
2026-10-02,CDNS,CDNS270319P00300000,PUT,300.0,2027-03-19,156,51,276120,NEUTRAL,MID,PENDIENTE,,,1.0
2026-10-02,CDNS,CDNS261016C00355000,CALL,355.0,2026-10-16,129,79,88752,BAJISTA,BID,PENDIENTE,,,1.0
2026-10-02,CAT,CAT261009C00850000,CALL,850.0,2026-10-09,232,144,336632,ALCISTA,ASK,PENDIENTE,,,0.5
2026-10-02,CAT,CAT261009P00810000,PUT,810.0,2026-10-09,735,54,244755,NEUTRAL,MID,PENDIENTE,,,0.5
2026-10-02,CAT,CAT261009P00835000,PUT,835.0,2026-10-09,300,5,300000,NEUTRAL,MID,PENDIENTE,,,0.125
2026-10-02,CAT,CAT261009C00865000,CALL,865.0,2026-10-09,355,73,260215,NEUTRAL,MID,PENDIENTE,,,0.125
2026-10-02,CRL,CRL261218C00320000,CALL,320.0,2026-12-18,120,5,165720,BAJISTA,BID,PENDIENTE,,,1.0
2026-10-02,CHTR,CHTR270617P00080000,PUT,80.0,2027-06-17,102,27,81600,NEUTRAL,MID,PENDIENTE,,,1.0
2026-10-02,CBOE,CBOE261016P00262500,PUT,262.5,2026-10-16,580,51,208800,ALCISTA,BID,PENDIENTE,,,1.0
2026-10-02,CBOE,CBOE261016P00265000,PUT,265.0,2026-10-16,182,2,91000,ALCISTA,BID,PENDIENTE,,,1.0
2026-10-02,CI,CI261120C00290000,CALL,290.0,2026-11-20,104,55,60320,BAJISTA,BID,PENDIENTE,,,1.0
2026-10-02,CINF,CINF261218C00170000,CALL,170.0,2026-12-18,246,195,81180,BAJISTA,BID,PENDIENTE,,,1.0
2026-10-02,CIEN,CIEN261009C00400000,CALL,400.0,2026-10-09,531,55,477900,NEUTRAL,MID,PENDIENTE,,,0.5
2026-10-02,CIEN,CIEN261030P00410000,PUT,410.0,2026-10-30,130,0,532870,BAJISTA,ASK,PENDIENTE,,,1.0
2026-10-02,CIEN,CIEN261009P00362500,PUT,362.5,2026-10-09,718,4,227606,NEUTRAL,MID,PENDIENTE,,,0.5
2026-10-02,CIEN,CIEN261009P00375000,PUT,375.0,2026-10-09,236,18,125080,NEUTRAL,MID,PENDIENTE,,,0.5
2026-10-02,CIEN,CIEN261009P00360000,PUT,360.0,2026-10-09,421,225,103145,BAJISTA,ASK,PENDIENTE,,,0.5
2026-10-02,CVX,CVX261009C00220000,CALL,220.0,2026-10-09,11459,1150,240639,ALCISTA,ASK,PENDIENTE,,,0.5
2026-10-02,CVX,CVX261016C00215000,CALL,215.0,2026-10-16,2674,678,336924,ALCISTA,ASK,PENDIENTE,,,1.0
2026-10-02,CVX,CVX261106C00215000,CALL,215.0,2026-11-06,624,55,255840,BAJISTA,BID,PENDIENTE,,,1.0
2026-10-02,CVX,CVX261016P00197500,PUT,197.5,2026-10-16,2123,428,205931,NEUTRAL,MID,PENDIENTE,,,1.0
2026-10-02,CVX,CVX261009C00207500,CALL,207.5,2026-10-09,534,202,132432,NEUTRAL,MID,PENDIENTE,,,0.5
2026-10-02,CVX,CVX261016P00202500,PUT,202.5,2026-10-16,703,344,145521,NEUTRAL,MID,PENDIENTE,,,1.0
2026-10-02,CVX,CVX261023P00195000,PUT,195.0,2026-10-23,538,204,61870,NEUTRAL,MID,PENDIENTE,,,1.0
2026-10-02,CNC,CNC261009C00064000,CALL,64.0,2026-10-09,1220,707,150060,NEUTRAL,MID,PENDIENTE,,,0.5
2026-10-02,CSCO,CSCO261009P00112000,PUT,112.0,2026-10-09,532,38,84588,BAJISTA,ASK,PENDIENTE,,,0.5
2026-10-02,CSCO,CSCO261009P00110000,PUT,110.0,2026-10-09,771,91,63222,BAJISTA,ASK,PENDIENTE,,,0.5
2026-10-02,CSCO,CSCO261016C00114000,CALL,114.0,2026-10-16,1189,384,196185,NEUTRAL,MID,PENDIENTE,,,1.0
2026-10-02,CSCO,CSCO261009P00109000,PUT,109.0,2026-10-09,1061,69,60477,NEUTRAL,MID,PENDIENTE,,,0.5
2026-10-02,CSCO,CSCO261009C00116000,CALL,116.0,2026-10-09,2769,280,124605,BAJISTA,BID,PENDIENTE,,,0.125
2026-10-02,CSCO,CSCO261030P00110000,PUT,110.0,2026-10-30,265,40,63070,NEUTRAL,MID,PENDIENTE,,,1.0
2026-10-02,CSCO,CSCO261009C00113000,CALL,113.0,2026-10-09,2686,893,351866,NEUTRAL,MID,PENDIENTE,,,0.125
2026-10-02,CSCO,CSCO270917C00125000,CALL,125.0,2027-09-17,178,92,210930,BAJISTA,BID,PENDIENTE,,,1.0
2026-10-02,CSCO,CSCO261009C00115000,CALL,115.0,2026-10-09,3322,998,219252,NEUTRAL,MID,PENDIENTE,,,0.125
2026-10-02,CSCO,CSCO261016P00109000,PUT,109.0,2026-10-16,608,125,71136,NEUTRAL,MID,PENDIENTE,,,0.25
2026-10-02,CSCO,CSCO261009C00100000,CALL,100.0,2026-10-09,207,4,246330,BAJISTA,BID,PENDIENTE,,,0.15
2026-10-02,CSCO,CSCO261009C00112000,CALL,112.0,2026-10-09,2238,820,402840,NEUTRAL,MID,PENDIENTE,,,0.125
2026-10-02,CSCO,CSCO270917C00135000,CALL,135.0,2027-09-17,129,92,114165,BAJISTA,BID,PENDIENTE,,,1.0
2026-10-02,CSCO,CSCO261016C00113000,CALL,113.0,2026-10-16,567,392,120204,NEUTRAL,MID,PENDIENTE,,,0.25
2026-10-02,C,C261016C00134000,CALL,134.0,2026-10-16,6389,161,907238,NEUTRAL,MID,PENDIENTE,,,1.0
2026-10-02,C,C261016C00132000,CALL,132.0,2026-10-16,6214,5842,1230372,NEUTRAL,MID,PENDIENTE,,,1.0
2026-10-02,C,C261106C00133000,CALL,133.0,2026-11-06,549,1,158112,NEUTRAL,MID,PENDIENTE,,,1.0
2026-10-02,C,C261106C00140000,CALL,140.0,2026-11-06,594,16,73062,NEUTRAL,MID,PENDIENTE,,,1.0
2026-10-02,C,C270416C00145000,CALL,145.0,2027-04-16,111,0,63270,BAJISTA,BID,PENDIENTE,,,1.0
2026-10-02,C,C261009C00129000,CALL,129.0,2026-10-09,592,129,103600,NEUTRAL,MID,PENDIENTE,,,0.125
2026-10-02,C,C261016C00128000,CALL,128.0,2026-10-16,307,73,116660,NEUTRAL,MID,PENDIENTE,,,1.0
2026-10-02,C,C261016C00127000,CALL,127.0,2026-10-16,235,235,102225,ALCISTA,ASK,PENDIENTE,,,1.0
2026-10-02,C,C261009C00128000,CALL,128.0,2026-10-09,328,275,79048,ALCISTA,ASK,PENDIENTE,,,0.125
2026-10-02,C,C261009P00127000,PUT,127.0,2026-10-09,512,366,63488,NEUTRAL,MID,PENDIENTE,,,0.125
2026-10-02,C,C261016C00126000,CALL,126.0,2026-10-16,114,73,56430,NEUTRAL,MID,PENDIENTE,,,1.0
2026-10-02,C,C261009C00131000,CALL,131.0,2026-10-09,730,636,68620,NEUTRAL,MID,PENDIENTE,,,0.125
2026-10-02,C,C261009P00128000,PUT,128.0,2026-10-09,385,312,63910,NEUTRAL,MID,PENDIENTE,,,0.125
2026-10-02,C,C261009P00126000,PUT,126.0,2026-10-09,597,595,55521,NEUTRAL,MID,PENDIENTE,,,0.125
2026-10-02,CME,CME270617P00230000,PUT,230.0,2027-06-17,147,14,145530,NEUTRAL,MID,PENDIENTE,,,1.0
2026-10-02,CLX,CLX270319C00075000,CALL,75.0,2027-03-19,100,14,107000,NEUTRAL,MID,PENDIENTE,,,1.0
2026-10-02,CDW,CDW261120P00135000,PUT,135.0,2026-11-20,220,4,242000,NEUTRAL,MID,PENDIENTE,,,1.0
2026-10-02,CDW,CDW261016P00135000,PUT,135.0,2026-10-16,164,161,73800,ALCISTA,BID,PENDIENTE,,,1.0
2026-10-02,CTSH,CTSH261120C00062500,CALL,62.5,2026-11-20,406,150,110838,ALCISTA,ASK,PENDIENTE,,,1.0
2026-10-02,CTSH,CTSH261120C00067500,CALL,67.5,2026-11-20,1149,826,149370,NEUTRAL,MID,PENDIENTE,,,1.0
2026-10-02,KO,KO270319C00095000,CALL,95.0,2027-03-19,4032,3151,701568,ALCISTA,ASK,PENDIENTE,,,1.0
2026-10-02,KO,KO270319C00085000,CALL,85.0,2027-03-19,2798,861,1550092,NEUTRAL,MID,PENDIENTE,,,1.0
2026-10-02,KO,KO261009C00086000,CALL,86.0,2026-10-09,1990,1830,133330,NEUTRAL,MID,PENDIENTE,,,0.5
2026-10-02,KO,KO261016P00086000,PUT,86.0,2026-10-16,517,406,65659,BAJISTA,ASK,PENDIENTE,,,1.0
2026-10-02,COP,COP261106C00137000,CALL,137.0,2026-11-06,290,31,50750,BAJISTA,BID,PENDIENTE,,,1.0
2026-10-02,COP,COP261016P00123000,PUT,123.0,2026-10-16,401,208,55338,NEUTRAL,MID,PENDIENTE,,,1.0
2026-10-02,COP,COP261009C00126000,CALL,126.0,2026-10-09,227,91,54934,NEUTRAL,MID,PENDIENTE,,,0.5
2026-10-02,STZ,STZ261218C00120000,CALL,120.0,2026-12-18,529,85,185150,BAJISTA,BID,PENDIENTE,,,1.0
2026-10-02,STZ,STZ270617P00110000,PUT,110.0,2027-06-17,200,62,198000,ALCISTA,BID,PENDIENTE,,,1.0
2026-10-02,SCHW,SCHW261016C00097500,CALL,97.5,2026-10-16,585,482,145665,ALCISTA,ASK,PENDIENTE,,,1.0
2026-10-02,SCHW,SCHW261030P00097000,PUT,97.0,2026-10-30,225,9,72000,ALCISTA,BID,PENDIENTE,,,1.0
2026-10-02,SCHW,SCHW270917P00085000,PUT,85.0,2027-09-17,162,70,81810,NEUTRAL,MID,PENDIENTE,,,1.0
2026-10-02,COHR,COHR261218P00340000,PUT,340.0,2026-12-18,1079,37,5038930,BAJISTA,ASK,PENDIENTE,,,1.0
2026-10-02,COHR,COHR261009C00340000,CALL,340.0,2026-10-09,1339,385,1472900,NEUTRAL,MID,PENDIENTE,,,0.5
2026-10-02,COHR,COHR270917C00390000,CALL,390.0,2027-09-17,101,7,853450,NEUTRAL,MID,PENDIENTE,,,1.0
2026-10-02,COHR,COHR261030P00300000,PUT,300.0,2026-10-30,420,66,403200,NEUTRAL,MID,PENDIENTE,,,1.0
2026-10-02,COHR,COHR261009P00330000,PUT,330.0,2026-10-09,249,24,219120,NEUTRAL,MID,PENDIENTE,,,0.5
2026-10-02,COHR,COHR271217C00500000,CALL,500.0,2027-12-17,209,145,1515250,NEUTRAL,MID,PENDIENTE,,,1.0
2026-10-02,COHR,COHR261009P00340000,PUT,340.0,2026-10-09,251,15,336340,NEUTRAL,MID,PENDIENTE,,,0.5
2026-10-02,COHR,COHR261218C00460000,CALL,460.0,2026-12-18,195,52,282165,ALCISTA,ASK,PENDIENTE,,,0.25
2026-10-02,COHR,COHR270319C00600000,CALL,600.0,2027-03-19,251,155,399090,NEUTRAL,MID,PENDIENTE,,,1.0
2026-10-02,COHR,COHR261218C00450000,CALL,450.0,2026-12-18,230,52,348450,NEUTRAL,MID,PENDIENTE,,,0.25
2026-10-02,COHR,COHR261016C00335000,CALL,335.0,2026-10-16,156,109,296400,NEUTRAL,MID,PENDIENTE,,,1.0
2026-10-02,COHR,COHR261218P00280000,PUT,280.0,2026-12-18,237,114,417120,NEUTRAL,MID,PENDIENTE,,,0.25
2026-10-02,CF,CF261120C00125000,CALL,125.0,2026-11-20,216,138,86400,ALCISTA,ASK,PENDIENTE,,,1.0
2026-10-02,CF,CF261218C00125000,CALL,125.0,2026-12-18,190,170,110200,ALCISTA,ASK,PENDIENTE,,,1.0
2026-10-02,CEG,CEG261120P00210000,PUT,210.0,2026-11-20,5520,1146,1352400,NEUTRAL,MID,PENDIENTE,,,1.0
2026-10-02,CEG,CEG261009C00257500,CALL,257.5,2026-10-09,102,16,60690,ALCISTA,ASK,PENDIENTE,,,0.5
2026-10-02,CEG,CEG261016C00250000,CALL,250.0,2026-10-16,175,27,220500,NEUTRAL,MID,PENDIENTE,,,1.0
2026-10-02,CMI,CMI261016C00540000,CALL,540.0,2026-10-16,233,159,170090,NEUTRAL,MID,PENDIENTE,,,1.0
2026-10-02,CMI,CMI261218C00460000,CALL,460.0,2026-12-18,106,65,840580,NEUTRAL,MID,PENDIENTE,,,1.0
2026-10-02,CRH,CRH261120C00087500,CALL,87.5,2026-11-20,644,53,164220,NEUTRAL,MID,PENDIENTE,,,1.0
2026-10-02,GLW,GLW261016C00165000,CALL,165.0,2026-10-16,5333,5223,3546445,NEUTRAL,MID,PENDIENTE,,,1.0
2026-10-02,GLW,GLW261218C00180000,CALL,180.0,2026-12-18,3645,542,4556250,NEUTRAL,MID,PENDIENTE,,,0.25
2026-10-02,GLW,GLW261218P00135000,PUT,135.0,2026-12-18,3501,602,1845027,NEUTRAL,MID,PENDIENTE,,,0.25
2026-10-02,GLW,GLW261030C00165000,CALL,165.0,2026-10-30,665,206,762755,NEUTRAL,MID,PENDIENTE,,,1.0
2026-10-02,GLW,GLW261016C00172500,CALL,172.5,2026-10-16,729,166,285768,NEUTRAL,MID,PENDIENTE,,,1.0
2026-10-02,GLW,GLW261016C00162500,CALL,162.5,2026-10-16,731,88,589917,NEUTRAL,MID,PENDIENTE,,,1.0
2026-10-02,GLW,GLW261009C00175000,CALL,175.0,2026-10-09,750,544,102750,ALCISTA,ASK,PENDIENTE,,,0.5
2026-10-02,GLW,GLW261016P00162500,PUT,162.5,2026-10-16,236,99,136880,ALCISTA,BID,PENDIENTE,,,1.0
2026-10-02,GLW,GLW261106C00185000,CALL,185.0,2026-11-06,357,104,208845,NEUTRAL,MID,PENDIENTE,,,1.0
2026-10-02,GLW,GLW261009P00162500,PUT,162.5,2026-10-09,289,37,107219,ALCISTA,BID,PENDIENTE,,,0.125
2026-10-02,GLW,GLW261023P00155000,PUT,155.0,2026-10-23,367,283,160012,NEUTRAL,MID,PENDIENTE,,,1.0
2026-10-02,GLW,GLW261030P00160000,PUT,160.0,2026-10-30,149,99,137080,NEUTRAL,MID,PENDIENTE,,,1.0
2026-10-02,GLW,GLW261009C00150000,CALL,150.0,2026-10-09,235,72,371300,NEUTRAL,MID,PENDIENTE,,,0.125
2026-10-02,GLW,GLW261009C00162500,CALL,162.5,2026-10-09,254,180,146558,NEUTRAL,MID,PENDIENTE,,,0.125
2026-10-02,CSX,CSX270617C00057500,CALL,57.5,2027-06-17,775,509,100750,NEUTRAL,MID,PENDIENTE,,,1.0
2026-10-02,CVS,CVS261106C00091000,CALL,91.0,2026-11-06,815,1,178485,NEUTRAL,MID,PENDIENTE,,,1.0
2026-10-02,CVS,CVS261009P00088000,PUT,88.0,2026-10-09,333,208,81918,BAJISTA,ASK,PENDIENTE,,,0.5
2026-10-02,DRI,DRI261120C00210000,CALL,210.0,2026-11-20,240,14,96240,NEUTRAL,MID,PENDIENTE,,,1.0
2026-10-02,COST,COST280616C00950000,CALL,950.0,2028-06-16,267,126,3552435,NEUTRAL,MID,PENDIENTE,,,1.0
2026-10-02,COST,COST261106P00920000,PUT,920.0,2026-11-06,398,320,949628,BAJISTA,ASK,PENDIENTE,,,1.0
2026-10-02,COST,COST261009C00927500,CALL,927.5,2026-10-09,233,12,139800,BAJISTA,BID,PENDIENTE,,,0.125
2026-10-02,COST,COST261030C00915000,CALL,915.0,2026-10-30,224,60,516320,NEUTRAL,MID,PENDIENTE,,,1.0
2026-10-02,COST,COST261120P00850000,PUT,850.0,2026-11-20,599,483,272545,NEUTRAL,MID,PENDIENTE,,,1.0
2026-10-02,COST,COST261009C00925000,CALL,925.0,2026-10-09,461,279,350360,NEUTRAL,MID,PENDIENTE,,,0.125
2026-10-02,COST,COST261009C00920000,CALL,920.0,2026-10-09,285,226,286995,NEUTRAL,MID,PENDIENTE,,,0.125
2026-10-02,COST,COST261009C00910000,CALL,910.0,2026-10-09,161,122,235543,BAJISTA,BID,PENDIENTE,,,0.125
2026-10-02,COST,COST261009P00900000,PUT,900.0,2026-10-09,470,444,110450,NEUTRAL,MID,PENDIENTE,,,0.125
2026-10-02,COST,COST261009P00915000,PUT,915.0,2026-10-09,161,156,103845,NEUTRAL,MID,PENDIENTE,,,0.125
2026-10-02,DAL,DAL270917P00060000,PUT,60.0,2027-09-17,319,31,94105,BAJISTA,ASK,PENDIENTE,,,1.0
2026-10-02,CRWD,CRWD261120P00265000,PUT,265.0,2026-11-20,1586,115,2902380,BAJISTA,ASK,PENDIENTE,,,1.0
2026-10-02,CRWD,CRWD261016P00270000,PUT,270.0,2026-10-16,985,80,1004700,BAJISTA,ASK,PENDIENTE,,,1.0
2026-10-02,CRWD,CRWD280616C00370000,CALL,370.0,2028-06-16,369,46,2337615,NEUTRAL,MID,PENDIENTE,,,1.0
2026-10-02,CRWD,CRWD280121C00360000,CALL,360.0,2028-01-21,721,177,3855908,NEUTRAL,MID,PENDIENTE,,,1.0
2026-10-02,CRWD,CRWD261009P00260000,PUT,260.0,2026-10-09,2029,692,576236,ALCISTA,BID,PENDIENTE,,,0.125
2026-10-02,CRWD,CRWD261009C00272500,CALL,272.5,2026-10-09,504,108,292320,NEUTRAL,MID,PENDIENTE,,,0.125
2026-10-02,CRWD,CRWD261009C00275000,CALL,275.0,2026-10-09,742,631,359128,ALCISTA,ASK,PENDIENTE,,,0.125
2026-10-02,CRWD,CRWD280616P00180000,PUT,180.0,2028-06-16,258,151,745620,NEUTRAL,MID,PENDIENTE,,,1.0
2026-10-02,CRWD,CRWD261009P00255000,PUT,255.0,2026-10-09,2185,860,382375,NEUTRAL,MID,PENDIENTE,,,0.125
2026-10-02,CRWD,CRWD261120P00270000,PUT,270.0,2026-11-20,136,72,279888,NEUTRAL,MID,PENDIENTE,,,1.0
2026-10-02,CRWD,CRWD261009P00270000,PUT,270.0,2026-10-09,475,281,320625,ALCISTA,BID,PENDIENTE,,,0.125
2026-10-02,CRWD,CRWD261009C00270000,CALL,270.0,2026-10-09,637,514,442715,NEUTRAL,MID,PENDIENTE,,,0.125
2026-10-02,DE,DE261120P00680000,PUT,680.0,2026-11-20,212,23,517280,NEUTRAL,MID,PENDIENTE,,,1.0
2026-10-02,DE,DE261016P00665000,PUT,665.0,2026-10-16,109,4,115540,BAJISTA,ASK,PENDIENTE,,,0.25
2026-10-02,DE,DE270115P00640000,PUT,640.0,2027-01-15,225,158,585000,NEUTRAL,MID,PENDIENTE,,,1.0
2026-10-02,DE,DE261016C00665000,CALL,665.0,2026-10-16,109,8,257240,BAJISTA,BID,PENDIENTE,,,0.25
2026-10-02,DDOG,DDOG261009P00265000,PUT,265.0,2026-10-09,686,121,203056,BAJISTA,ASK,PENDIENTE,,,0.5
2026-10-02,DDOG,DDOG261016P00277500,PUT,277.5,2026-10-16,109,1,119137,NEUTRAL,MID,PENDIENTE,,,1.0
2026-10-02,DVN,DVN270617C00055000,CALL,55.0,2027-06-17,1502,370,495660,NEUTRAL,MID,PENDIENTE,,,0.25
2026-10-02,DVN,DVN261009C00047500,CALL,47.5,2026-10-09,653,161,62035,NEUTRAL,MID,PENDIENTE,,,0.5
2026-10-02,DVN,DVN270617P00040000,PUT,40.0,2027-06-17,1500,1051,369000,NEUTRAL,MID,PENDIENTE,,,0.25
2026-10-02,DLR,DLR261106P00175000,PUT,175.0,2026-11-06,100,0,52100,NEUTRAL,MID,PENDIENTE,,,1.0
2026-10-02,DLTR,DLTR261016C00102000,CALL,102.0,2026-10-16,302,0,345488,ALCISTA,ASK,PENDIENTE,,,0.25
2026-10-02,DLTR,DLTR261016P00123000,PUT,123.0,2026-10-16,248,0,288672,NEUTRAL,MID,PENDIENTE,,,0.25
2026-10-02,DLTR,DLTR261016P00124000,PUT,124.0,2026-10-16,206,0,263062,NEUTRAL,MID,PENDIENTE,,,0.3
2026-10-02,DLTR,DLTR261016C00101000,CALL,101.0,2026-10-16,306,0,352512,NEUTRAL,MID,PENDIENTE,,,0.075
2026-10-02,DG,DG261016C00111000,CALL,111.0,2026-10-16,274,0,207966,BAJISTA,BID,PENDIENTE,,,1.0
2026-10-02,DG,DG261016P00129000,PUT,129.0,2026-10-16,194,0,212624,NEUTRAL,MID,PENDIENTE,,,1.0
2026-10-02,DG,DG261016P00128000,PUT,128.0,2026-10-16,134,0,134536,NEUTRAL,MID,PENDIENTE,,,1.0
2026-10-02,DG,DG261016C00108000,CALL,108.0,2026-10-16,412,0,438368,NEUTRAL,MID,PENDIENTE,,,0.3
2026-10-02,DG,DG261016C00109000,CALL,109.0,2026-10-16,394,0,380998,NEUTRAL,MID,PENDIENTE,,,0.3
2026-10-02,DG,DG261009C00113000,CALL,113.0,2026-10-09,102,0,58242,NEUTRAL,MID,PENDIENTE,,,0.5
2026-10-02,DG,DG261016C00110000,CALL,110.0,2026-10-16,274,5,231804,BAJISTA,BID,PENDIENTE,,,0.3
2026-10-02,DG,DG261009C00112000,CALL,112.0,2026-10-09,102,1,67728,NEUTRAL,MID,PENDIENTE,,,0.15
2026-10-02,DASH,DASH261009C00200000,CALL,200.0,2026-10-09,811,114,90021,BAJISTA,BID,PENDIENTE,,,0.5
2026-10-02,DASH,DASH270319C00230000,CALL,230.0,2027-03-19,101,88,117564,BAJISTA,BID,PENDIENTE,,,1.0
2026-10-02,DHI,DHI261016P00130000,PUT,130.0,2026-10-16,509,185,66170,NEUTRAL,MID,PENDIENTE,,,1.0
2026-10-02,DELL,DELL270319C00800000,CALL,800.0,2027-03-19,1229,150,4891420,ALCISTA,ASK,PENDIENTE,,,1.0
2026-10-02,DELL,DELL261009C00575000,CALL,575.0,2026-10-09,854,161,943670,BAJISTA,BID,PENDIENTE,,,0.125
2026-10-02,DELL,DELL261218C00580000,CALL,580.0,2026-12-18,403,227,2474420,ALCISTA,ASK,PENDIENTE,,,0.25
2026-10-02,DELL,DELL270319P00500000,PUT,500.0,2027-03-19,610,151,3649630,NEUTRAL,MID,PENDIENTE,,,0.25
2026-10-02,DELL,DELL261009C00600000,CALL,600.0,2026-10-09,1878,830,850734,ALCISTA,ASK,PENDIENTE,,,0.125
2026-10-02,DELL,DELL261009C00570000,CALL,570.0,2026-10-09,881,270,1139133,BAJISTA,BID,PENDIENTE,,,0.125
2026-10-02,DELL,DELL261009P00560000,PUT,560.0,2026-10-09,281,81,421500,BAJISTA,ASK,PENDIENTE,,,0.125
2026-10-02,DELL,DELL261009C00580000,CALL,580.0,2026-10-09,838,176,786882,NEUTRAL,MID,PENDIENTE,,,0.125
2026-10-02,DELL,DELL261030C00570000,CALL,570.0,2026-10-30,139,98,465928,ALCISTA,ASK,PENDIENTE,,,1.0
2026-10-02,DELL,DELL261016P00490000,PUT,490.0,2026-10-16,2514,2510,673752,ALCISTA,BID,PENDIENTE,,,1.0
2026-10-02,DELL,DELL270319C00600000,CALL,600.0,2027-03-19,708,337,6248100,NEUTRAL,MID,PENDIENTE,,,0.25
2026-10-02,DELL,DELL261218P00580000,PUT,580.0,2026-12-18,371,76,2730560,NEUTRAL,MID,PENDIENTE,,,0.25
2026-10-02,DELL,DELL261016C00565000,CALL,565.0,2026-10-16,182,67,417326,NEUTRAL,MID,PENDIENTE,,,1.0
2026-10-02,DELL,DELL261009C00560000,CALL,560.0,2026-10-09,751,503,1353302,ALCISTA,ASK,PENDIENTE,,,0.125
2026-10-02,DELL,DELL261009C00557500,CALL,557.5,2026-10-09,211,54,434871,ALCISTA,ASK,PENDIENTE,,,0.125
2026-10-02,DELL,DELL261009C00565000,CALL,565.0,2026-10-09,410,190,613360,BAJISTA,BID,PENDIENTE,,,0.125
2026-10-02,DELL,DELL261009P00550000,PUT,550.0,2026-10-09,460,174,484380,NEUTRAL,MID,PENDIENTE,,,0.125
2026-10-02,DELL,DELL261218P00490000,PUT,490.0,2026-12-18,183,124,564006,NEUTRAL,MID,PENDIENTE,,,1.0
2026-10-02,DELL,DELL270115P00490000,PUT,490.0,2027-01-15,102,89,383520,NEUTRAL,MID,PENDIENTE,,,1.0
2026-10-02,DELL,DELL261009P00565000,PUT,565.0,2026-10-09,238,94,420070,NEUTRAL,MID,PENDIENTE,,,0.125
2026-10-02,EIX,EIX270416P00045000,PUT,45.0,2027-04-16,1860,128,451980,NEUTRAL,MID,PENDIENTE,,,1.0
2026-10-02,ECHO,ECHO261030P00084000,PUT,84.0,2026-10-30,1516,1,121280,BAJISTA,ASK,PENDIENTE,,,1.0
2026-10-02,ECHO,ECHO261120P00090000,PUT,90.0,2026-11-20,425,125,187000,BAJISTA,ASK,PENDIENTE,,,0.25
2026-10-02,ECHO,ECHO261120P00115000,PUT,115.0,2026-11-20,244,0,517280,ALCISTA,BID,PENDIENTE,,,0.25
2026-10-02,ECHO,ECHO270115P00085000,PUT,85.0,2027-01-15,746,637,320780,NEUTRAL,MID,PENDIENTE,,,1.0
2026-10-02,ECHO,ECHO261009C00093000,CALL,93.0,2026-10-09,176,20,52096,NEUTRAL,MID,PENDIENTE,,,0.5
2026-10-02,ECHO,ECHO261120C00095000,CALL,95.0,2026-11-20,252,110,153720,NEUTRAL,MID,PENDIENTE,,,0.25
2026-10-02,EL,EL270617P00100000,PUT,100.0,2027-06-17,400,159,669600,NEUTRAL,MID,PENDIENTE,,,1.0
2026-10-02,P,P270617C00165000,CALL,165.0,2027-06-17,1251,2,3202560,NEUTRAL,MID,PENDIENTE,,,1.0
2026-10-02,P,P261016C00155000,CALL,155.0,2026-10-16,2207,73,392846,NEUTRAL,MID,PENDIENTE,,,1.0
2026-10-02,P,P270521C00145000,CALL,145.0,2027-05-21,1000,606,3000000,NEUTRAL,MID,PENDIENTE,,,1.0
2026-10-02,P,P270521C00150000,CALL,150.0,2027-05-21,202,43,558530,BAJISTA,BID,PENDIENTE,,,1.0
2026-10-02,EXE,EXE261113P00090000,PUT,90.0,2026-11-13,482,0,300286,NEUTRAL,MID,PENDIENTE,,,1.0
2026-10-02,EXE,EXE261113P00080000,PUT,80.0,2026-11-13,572,0,74932,NEUTRAL,MID,PENDIENTE,,,1.0
2026-10-02,EXPD,EXPD261120C00210000,CALL,210.0,2026-11-20,228,56,50388,NEUTRAL,MID,PENDIENTE,,,1.0
2026-10-02,XOM,XOM261023P00162500,PUT,162.5,2026-10-23,1329,202,465150,NEUTRAL,MID,PENDIENTE,,,1.0
2026-10-02,XOM,XOM261023P00157500,PUT,157.5,2026-10-23,1585,327,277375,NEUTRAL,MID,PENDIENTE,,,1.0
2026-10-02,XOM,XOM261009C00175000,CALL,175.0,2026-10-09,10685,2261,181645,NEUTRAL,MID,PENDIENTE,,,0.5
2026-10-02,XOM,XOM261023C00167500,CALL,167.5,2026-10-23,839,294,239115,NEUTRAL,MID,PENDIENTE,,,1.0
2026-10-02,XOM,XOM261106C00177500,CALL,177.5,2026-11-06,540,38,87480,NEUTRAL,MID,PENDIENTE,,,1.0
2026-10-02,XOM,XOM261009C00170000,CALL,170.0,2026-10-09,2850,1323,165300,NEUTRAL,MID,PENDIENTE,,,0.5
2026-10-02,XOM,XOM261009C00165000,CALL,165.0,2026-10-09,2440,1234,475800,NEUTRAL,MID,PENDIENTE,,,0.125
2026-10-02,XOM,XOM261009C00172500,CALL,172.5,2026-10-09,1688,634,52328,ALCISTA,ASK,PENDIENTE,,,0.125
2026-10-02,XOM,XOM261009C00167500,CALL,167.5,2026-10-09,2126,1275,221104,BAJISTA,BID,PENDIENTE,,,0.125
2026-10-02,XOM,XOM261106C00165000,CALL,165.0,2026-11-06,113,33,67235,NEUTRAL,MID,PENDIENTE,,,1.0
2026-10-02,XOM,XOM261009P00162500,PUT,162.5,2026-10-09,575,523,96025,NEUTRAL,MID,PENDIENTE,,,0.5
2026-10-02,XOM,XOM261009C00155000,CALL,155.0,2026-10-09,261,49,249777,NEUTRAL,MID,PENDIENTE,,,0.15
2026-10-02,FICO,FICO261120P00660000,PUT,660.0,2026-11-20,814,29,5154248,NEUTRAL,MID,PENDIENTE,,,1.0
2026-10-02,FICO,FICO261016P00640000,PUT,640.0,2026-10-16,473,303,1135200,BAJISTA,ASK,PENDIENTE,,,1.0
2026-10-02,FICO,FICO261016C00670000,CALL,670.0,2026-10-16,197,39,531900,NEUTRAL,MID,PENDIENTE,,,0.25
2026-10-02,FICO,FICO261016C00660000,CALL,660.0,2026-10-16,128,96,422400,ALCISTA,ASK,PENDIENTE,,,1.0
2026-10-02,FICO,FICO261016P00650000,PUT,650.0,2026-10-16,241,233,617924,NEUTRAL,MID,PENDIENTE,,,0.25
2026-10-02,FICO,FICO261120C00800000,CALL,800.0,2026-11-20,100,70,217000,NEUTRAL,MID,PENDIENTE,,,1.0
2026-10-02,FIS,FIS261106C00028000,CALL,28.0,2026-11-06,1020,0,488580,NEUTRAL,MID,PENDIENTE,,,1.0
2026-10-02,ELV,ELV261120C00440000,CALL,440.0,2026-11-20,197,43,92590,NEUTRAL,MID,PENDIENTE,,,1.0
2026-10-02,FE,FE261120C00045000,CALL,45.0,2026-11-20,2072,14,113960,NEUTRAL,MID,PENDIENTE,,,1.0
2026-10-02,FISV,FISV270617C00045000,CALL,45.0,2027-06-17,181,72,128329,BAJISTA,BID,PENDIENTE,,,0.25
2026-10-02,FISV,FISV270115C00035000,CALL,35.0,2027-01-15,236,124,254880,NEUTRAL,MID,PENDIENTE,,,1.0
2026-10-02,FISV,FISV270617C00025000,CALL,25.0,2027-06-17,180,147,383940,ALCISTA,ASK,PENDIENTE,,,0.075
2026-10-02,FTNT,FTNT261009C00190000,CALL,190.0,2026-10-09,582,124,64020,ALCISTA,ASK,PENDIENTE,,,0.5
2026-10-02,FTNT,FTNT261009C00187500,CALL,187.5,2026-10-09,951,53,135042,NEUTRAL,MID,PENDIENTE,,,0.5
2026-10-02,FTNT,FTNT270115P00170000,PUT,170.0,2027-01-15,400,154,526000,NEUTRAL,MID,PENDIENTE,,,1.0
2026-10-02,FTV,FTV261016C00060000,CALL,60.0,2026-10-16,2735,482,150425,ALCISTA,ASK,PENDIENTE,,,1.0
2026-10-02,FSLR,FSLR261120P00170000,PUT,170.0,2026-11-20,1024,189,1198080,NEUTRAL,MID,PENDIENTE,,,1.0
2026-10-02,FSLR,FSLR261009C00180000,CALL,180.0,2026-10-09,675,165,141750,BAJISTA,BID,PENDIENTE,,,0.5
2026-10-02,FSLR,FSLR261016C00175000,CALL,175.0,2026-10-16,173,163,123695,ALCISTA,ASK,PENDIENTE,,,0.25
2026-10-02,FSLR,FSLR261120C00190000,CALL,190.0,2026-11-20,144,136,138240,NEUTRAL,MID,PENDIENTE,,,1.0
2026-10-02,FSLR,FSLR261016C00170000,CALL,170.0,2026-10-16,150,146,134250,NEUTRAL,MID,PENDIENTE,,,0.25
2026-10-02,F,F261120C00014000,CALL,14.0,2026-11-20,52218,8171,887706,ALCISTA,ASK,PENDIENTE,,,1.0
2026-10-02,F,F261009P00012000,PUT,12.0,2026-10-09,10839,1805,140907,ALCISTA,BID,PENDIENTE,,,0.5
2026-10-02,F,F261009C00012000,CALL,12.0,2026-10-09,4222,1084,113994,ALCISTA,ASK,PENDIENTE,,,0.5
2026-10-02,F,F261023C00012500,CALL,12.5,2026-10-23,2455,638,56465,NEUTRAL,MID,PENDIENTE,,,1.0
2026-10-02,F,F261120C00013000,CALL,13.0,2026-11-20,7827,5399,273945,NEUTRAL,MID,PENDIENTE,,,1.0
2026-10-02,F,F261113P00014000,PUT,14.0,2026-11-13,436,1,92432,NEUTRAL,MID,PENDIENTE,,,1.0
2026-10-02,F,F270115C00014000,CALL,14.0,2027-01-15,6172,6132,209848,NEUTRAL,MID,PENDIENTE,,,1.0
2026-10-02,F,F261120C00010000,CALL,10.0,2026-11-20,452,34,98084,BAJISTA,BID,PENDIENTE,,,0.3
2026-10-02,F,F270319C00011000,CALL,11.0,2027-03-19,410,140,72980,NEUTRAL,MID,PENDIENTE,,,1.0
2026-10-02,F,F261009C00010000,CALL,10.0,2026-10-09,393,155,82923,NEUTRAL,MID,PENDIENTE,,,0.15
2026-10-02,F,F261009C00005000,CALL,5.0,2026-10-09,121,66,85426,NEUTRAL,MID,PENDIENTE,,,0.15
2026-10-02,FDX,FDX261120C00300000,CALL,300.0,2026-11-20,415,205,436580,BAJISTA,BID,PENDIENTE,,,1.0
2026-10-02,FDX,FDX261106C00305000,CALL,305.0,2026-11-06,192,40,145344,NEUTRAL,MID,PENDIENTE,,,1.0
2026-10-02,ETN,ETN261030C00480000,CALL,480.0,2026-10-30,539,14,267883,NEUTRAL,MID,PENDIENTE,,,1.0
2026-10-02,ETN,ETN261106C00475000,CALL,475.0,2026-11-06,226,2,194360,NEUTRAL,MID,PENDIENTE,,,1.0
2026-10-02,ETN,ETN261009C00445000,CALL,445.0,2026-10-09,227,26,102604,NEUTRAL,MID,PENDIENTE,,,0.5
2026-10-02,ETN,ETN261016P00400000,PUT,400.0,2026-10-16,485,396,77600,NEUTRAL,MID,PENDIENTE,,,1.0
2026-10-02,ETN,ETN261009C00425000,CALL,425.0,2026-10-09,184,183,267536,NEUTRAL,MID,PENDIENTE,,,0.5
2026-10-02,ETN,ETN270617P00340000,PUT,340.0,2027-06-17,108,100,153360,NEUTRAL,MID,PENDIENTE,,,1.0
2026-10-02,EMR,EMR261016C00167500,CALL,167.5,2026-10-16,1395,12,228780,NEUTRAL,MID,PENDIENTE,,,1.0
2026-10-02,EMR,EMR261016C00162500,CALL,162.5,2026-10-16,214,3,60990,BAJISTA,BID,PENDIENTE,,,1.0
2026-10-02,EQT,EQT261030P00054000,PUT,54.0,2026-10-30,8765,103,3453410,NEUTRAL,MID,PENDIENTE,,,1.0
2026-10-02,EQT,EQT261009P00050000,PUT,50.0,2026-10-09,18450,17923,1180800,ALCISTA,BID,PENDIENTE,,,0.5
2026-10-02,EQT,EQT261106C00052000,CALL,52.0,2026-11-06,789,125,105726,NEUTRAL,MID,PENDIENTE,,,1.0
2026-10-02,GEHC,GEHC261120C00067500,CALL,67.5,2026-11-20,591,29,119382,ALCISTA,ASK,PENDIENTE,,,1.0
2026-10-02,GEHC,GEHC261218C00070000,CALL,70.0,2026-12-18,259,243,51800,NEUTRAL,MID,PENDIENTE,,,1.0
2026-10-02,GE,GE261016C00335000,CALL,335.0,2026-10-16,5096,261,494312,NEUTRAL,MID,PENDIENTE,,,1.0
2026-10-02,GE,GE261016C00320000,CALL,320.0,2026-10-16,573,243,187944,NEUTRAL,MID,PENDIENTE,,,1.0
2026-10-02,GE,GE261009P00302500,PUT,302.5,2026-10-09,233,113,50794,NEUTRAL,MID,PENDIENTE,,,0.5
2026-10-02,GE,GE261009C00310000,CALL,310.0,2026-10-09,145,42,68875,NEUTRAL,MID,PENDIENTE,,,0.125
2026-10-02,GE,GE261009P00307500,PUT,307.5,2026-10-09,176,54,71984,NEUTRAL,MID,PENDIENTE,,,0.125
2026-10-02,GE,GE261009C00300000,CALL,300.0,2026-10-09,148,84,164872,NEUTRAL,MID,PENDIENTE,,,0.125
2026-10-02,FCX,FCX261009C00072000,CALL,72.0,2026-10-09,4423,325,809409,NEUTRAL,MID,PENDIENTE,,,0.5
2026-10-02,FCX,FCX261218C00070000,CALL,70.0,2026-12-18,11465,4255,8610215,NEUTRAL,MID,PENDIENTE,,,1.0
2026-10-02,FCX,FCX261009C00075000,CALL,75.0,2026-10-09,2501,470,185074,NEUTRAL,MID,PENDIENTE,,,0.5
2026-10-02,FCX,FCX261009P00065000,PUT,65.0,2026-10-09,6168,269,86352,ALCISTA,BID,PENDIENTE,,,0.5
2026-10-02,FCX,FCX261016C00073000,CALL,73.0,2026-10-16,408,172,84048,NEUTRAL,MID,PENDIENTE,,,1.0
2026-10-02,FCX,FCX280121C00072500,CALL,72.5,2028-01-21,103,43,171598,NEUTRAL,MID,PENDIENTE,,,1.0
2026-10-02,FCX,FCX270917P00080000,PUT,80.0,2027-09-17,146,137,242360,BAJISTA,ASK,PENDIENTE,,,1.0
2026-10-02,FCX,FCX270115C00072500,CALL,72.5,2027-01-15,279,148,196695,NEUTRAL,MID,PENDIENTE,,,1.0
2026-10-02,FCX,FCX261009C00073000,CALL,73.0,2026-10-09,725,713,100050,NEUTRAL,MID,PENDIENTE,,,0.5
2026-10-02,FCX,FCX261009C00074000,CALL,74.0,2026-10-09,605,360,60500,NEUTRAL,MID,PENDIENTE,,,0.5
2026-10-02,FCX,FCX261009P00074000,PUT,74.0,2026-10-09,364,37,119756,NEUTRAL,MID,PENDIENTE,,,0.125
2026-10-02,FCX,FCX261009C00071000,CALL,71.0,2026-10-09,377,268,88972,NEUTRAL,MID,PENDIENTE,,,0.125
2026-10-02,GIS,GIS270416C00025000,CALL,25.0,2027-04-16,760,2,577600,ALCISTA,ASK,PENDIENTE,,,1.0
2026-10-02,GIS,GIS270115C00035000,CALL,35.0,2027-01-15,2906,1230,287694,NEUTRAL,MID,PENDIENTE,,,1.0
2026-10-02,GIS,GIS261016C00032500,CALL,32.5,2026-10-16,1280,999,57600,BAJISTA,BID,PENDIENTE,,,1.0
2026-10-02,GIS,GIS270617P00050000,PUT,50.0,2027-06-17,105,22,195825,NEUTRAL,MID,PENDIENTE,,,0.3
2026-10-02,EFX,EFX261016C00145000,CALL,145.0,2026-10-16,281,17,90763,NEUTRAL,MID,PENDIENTE,,,1.0
2026-10-02,GPN,GPN261120C00080000,CALL,80.0,2026-11-20,324,161,149040,ALCISTA,ASK,PENDIENTE,,,1.0
2026-10-02,GPN,GPN261120C00082500,CALL,82.5,2026-11-20,443,380,159480,ALCISTA,ASK,PENDIENTE,,,1.0
2026-10-02,GPN,GPN261120P00085000,PUT,85.0,2026-11-20,128,31,102400,ALCISTA,BID,PENDIENTE,,,1.0
2026-10-02,GNRC,GNRC280121P00210000,PUT,210.0,2028-01-21,120,9,502800,NEUTRAL,MID,PENDIENTE,,,0.25
2026-10-02,GNRC,GNRC270115P00180000,PUT,180.0,2027-01-15,127,121,100711,BAJISTA,ASK,PENDIENTE,,,1.0
2026-10-02,GNRC,GNRC280121C00210000,CALL,210.0,2028-01-21,120,35,702000,BAJISTA,BID,PENDIENTE,,,0.25
2026-10-02,HAL,HAL261016C00032500,CALL,32.5,2026-10-16,982,370,61866,ALCISTA,ASK,PENDIENTE,,,1.0
2026-10-02,GEV,GEV261009C01050000,CALL,1050.0,2026-10-09,301,139,141470,ALCISTA,ASK,PENDIENTE,,,0.5
2026-10-02,GEV,GEV261120P00930000,PUT,930.0,2026-11-20,212,114,884040,NEUTRAL,MID,PENDIENTE,,,1.0
2026-10-02,GEV,GEV261120P00990000,PUT,990.0,2026-11-20,150,16,1017000,NEUTRAL,MID,PENDIENTE,,,0.25
2026-10-02,GEV,GEV261120P00960000,PUT,960.0,2026-11-20,125,73,659000,ALCISTA,BID,PENDIENTE,,,0.25
2026-10-02,GEV,GEV270115C01150000,CALL,1150.0,2027-01-15,102,102,502860,NEUTRAL,MID,PENDIENTE,,,1.0
2026-10-02,GEV,GEV261009C00990000,CALL,990.0,2026-10-09,138,57,317400,NEUTRAL,MID,PENDIENTE,,,0.125
2026-10-02,GEV,GEV261009C01020000,CALL,1020.0,2026-10-09,114,107,125742,ALCISTA,ASK,PENDIENTE,,,0.125
2026-10-02,EOG,EOG261120C00150000,CALL,150.0,2026-11-20,203,170,68411,NEUTRAL,MID,PENDIENTE,,,1.0
2026-10-02,GS,GS261009C00920000,CALL,920.0,2026-10-09,231,87,169785,ALCISTA,ASK,PENDIENTE,,,0.5
2026-10-02,GS,GS261218C00865000,CALL,865.0,2026-12-18,100,34,756700,BAJISTA,BID,PENDIENTE,,,1.0
2026-10-02,GS,GS261016P00905000,PUT,905.0,2026-10-16,232,213,619440,NEUTRAL,MID,PENDIENTE,,,1.0
2026-10-02,GS,GS261009P00885000,PUT,885.0,2026-10-09,172,131,110940,NEUTRAL,MID,PENDIENTE,,,0.5
2026-10-02,GS,GS261009P00912500,PUT,912.5,2026-10-09,104,1,197080,NEUTRAL,MID,PENDIENTE,,,0.125
2026-10-02,GS,GS261009C00905000,CALL,905.0,2026-10-09,116,53,150800,NEUTRAL,MID,PENDIENTE,,,0.125
2026-10-02,HWM,HWM261120P00230000,PUT,230.0,2026-11-20,304,92,342912,NEUTRAL,MID,PENDIENTE,,,1.0
2026-10-02,HWM,HWM261106C00245000,CALL,245.0,2026-11-06,194,1,112520,NEUTRAL,MID,PENDIENTE,,,1.0
2026-10-02,HPE,HPE261009C00070000,CALL,70.0,2026-10-09,2944,657,579968,BAJISTA,BID,PENDIENTE,,,0.5
2026-10-02,HPE,HPE261016C00073000,CALL,73.0,2026-10-16,3084,75,585960,NEUTRAL,MID,PENDIENTE,,,1.0
2026-10-02,HPE,HPE261009P00069000,PUT,69.0,2026-10-09,1570,20,303010,NEUTRAL,MID,PENDIENTE,,,0.5
2026-10-02,HPE,HPE270319C00090000,CALL,90.0,2027-03-19,442,150,304980,ALCISTA,ASK,PENDIENTE,,,1.0
2026-10-02,HPE,HPE270115P00060000,PUT,60.0,2027-01-15,2634,1364,1293294,NEUTRAL,MID,PENDIENTE,,,1.0
2026-10-02,HPE,HPE261009P00074000,PUT,74.0,2026-10-09,601,0,330550,BAJISTA,ASK,PENDIENTE,,,0.125
2026-10-02,HPE,HPE270617C00100000,CALL,100.0,2027-06-17,306,2,240210,NEUTRAL,MID,PENDIENTE,,,1.0
2026-10-02,HPE,HPE261009C00069000,CALL,69.0,2026-10-09,690,77,171810,ALCISTA,ASK,PENDIENTE,,,0.125
2026-10-02,HPE,HPE261016C00075000,CALL,75.0,2026-10-16,2295,1692,305235,NEUTRAL,MID,PENDIENTE,,,1.0
2026-10-02,HPE,HPE261016P00070000,PUT,70.0,2026-10-16,443,49,155050,NEUTRAL,MID,PENDIENTE,,,1.0
2026-10-02,HPE,HPE261120P00070000,PUT,70.0,2026-11-20,516,144,335400,NEUTRAL,MID,PENDIENTE,,,1.0
2026-10-02,HPE,HPE261009P00072000,PUT,72.0,2026-10-09,623,0,219296,ALCISTA,BID,PENDIENTE,,,0.125
2026-10-02,HPE,HPE270617C00085000,CALL,85.0,2027-06-17,190,87,212040,NEUTRAL,MID,PENDIENTE,,,1.0
2026-10-02,HPE,HPE261009P00068000,PUT,68.0,2026-10-09,900,610,138600,ALCISTA,BID,PENDIENTE,,,0.125
2026-10-02,HPE,HPE261009P00080000,PUT,80.0,2026-10-09,175,0,186025,NEUTRAL,MID,PENDIENTE,,,0.15
2026-10-02,HUM,HUM261023P00385000,PUT,385.0,2026-10-23,201,13,452451,NEUTRAL,MID,PENDIENTE,,,1.0
2026-10-02,HUM,HUM261016P00385000,PUT,385.0,2026-10-16,211,14,442256,NEUTRAL,MID,PENDIENTE,,,1.0
2026-10-02,HUM,HUM261113P00360000,PUT,360.0,2026-11-13,217,0,375410,NEUTRAL,MID,PENDIENTE,,,1.0
2026-10-02,HUM,HUM261106P00360000,PUT,360.0,2026-11-06,217,2,372155,NEUTRAL,MID,PENDIENTE,,,1.0
2026-10-02,HUM,HUM261113P00370000,PUT,370.0,2026-11-13,288,80,646848,NEUTRAL,MID,PENDIENTE,,,1.0
2026-10-02,HUM,HUM261106P00370000,PUT,370.0,2026-11-06,288,93,612288,NEUTRAL,MID,PENDIENTE,,,1.0
2026-10-02,HUM,HUM261120C00410000,CALL,410.0,2026-11-20,309,299,673311,BAJISTA,BID,PENDIENTE,,,1.0
2026-10-02,HUM,HUM261009P00352500,PUT,352.5,2026-10-09,207,11,115920,NEUTRAL,MID,PENDIENTE,,,0.5
2026-10-02,HUM,HUM261023C00390000,CALL,390.0,2026-10-23,129,113,297990,BAJISTA,BID,PENDIENTE,,,1.0
2026-10-02,HUM,HUM270617P00330000,PUT,330.0,2027-06-17,161,150,530334,NEUTRAL,MID,PENDIENTE,,,1.0
2026-10-02,HUM,HUM270521P00330000,PUT,330.0,2027-05-21,161,134,502642,NEUTRAL,MID,PENDIENTE,,,1.0
2026-10-02,IEX,IEX261120C00240000,CALL,240.0,2026-11-20,227,1,140740,NEUTRAL,MID,PENDIENTE,,,1.0
2026-10-02,ITW,ITW261218P00260000,PUT,260.0,2026-12-18,157,39,131880,NEUTRAL,MID,PENDIENTE,,,0.25
2026-10-02,ITW,ITW261218C00280000,CALL,280.0,2026-12-18,135,94,66150,NEUTRAL,MID,PENDIENTE,,,0.25
2026-10-02,IBM,IBM261009C00230000,CALL,230.0,2026-10-09,1135,851,138470,ALCISTA,ASK,PENDIENTE,,,0.125
2026-10-02,IBM,IBM261009P00220000,PUT,220.0,2026-10-09,584,346,138408,NEUTRAL,MID,PENDIENTE,,,0.5
2026-10-02,IBM,IBM261009P00215000,PUT,215.0,2026-10-09,1003,251,100300,NEUTRAL,MID,PENDIENTE,,,0.125
2026-10-02,IBM,IBM261009C00225000,CALL,225.0,2026-10-09,430,355,109650,NEUTRAL,MID,PENDIENTE,,,0.5
2026-10-02,IBM,IBM261023C00225000,CALL,225.0,2026-10-23,116,114,103240,NEUTRAL,MID,PENDIENTE,,,1.0
2026-10-02,IBM,IBM261009C00227500,CALL,227.5,2026-10-09,766,376,130220,BAJISTA,BID,PENDIENTE,,,0.125
2026-10-02,IBM,IBM261009P00217500,PUT,217.5,2026-10-09,622,202,99520,NEUTRAL,MID,PENDIENTE,,,0.125
2026-10-02,HD,HD261016C00287500,CALL,287.5,2026-10-16,1068,36,443220,ALCISTA,ASK,PENDIENTE,,,1.0
2026-10-02,HD,HD280121P00320000,PUT,320.0,2028-01-21,622,220,3296600,ALCISTA,BID,PENDIENTE,,,1.0
2026-10-02,HD,HD261009C00290000,CALL,290.0,2026-10-09,647,145,99638,ALCISTA,ASK,PENDIENTE,,,0.5
2026-10-02,HD,HD261016C00295000,CALL,295.0,2026-10-16,676,346,126412,ALCISTA,ASK,PENDIENTE,,,1.0
2026-10-02,HD,HD270617C00330000,CALL,330.0,2027-06-17,488,188,639280,NEUTRAL,MID,PENDIENTE,,,1.0
2026-10-02,HD,HD280121P00330000,PUT,330.0,2028-01-21,200,105,1223200,ALCISTA,BID,PENDIENTE,,,1.0
2026-10-02,HD,HD261023C00290000,CALL,290.0,2026-10-23,291,240,130950,NEUTRAL,MID,PENDIENTE,,,0.25
2026-10-02,HD,HD261023P00270000,PUT,270.0,2026-10-23,336,214,78624,NEUTRAL,MID,PENDIENTE,,,0.25
2026-10-02,HD,HD270115C00280000,CALL,280.0,2027-01-15,112,89,228256,NEUTRAL,MID,PENDIENTE,,,1.0
2026-10-02,INCY,INCY261120C00125000,CALL,125.0,2026-11-20,335,122,132325,ALCISTA,ASK,PENDIENTE,,,1.0
2026-10-02,IP,IP270115C00025000,CALL,25.0,2027-01-15,225,32,169425,NEUTRAL,MID,PENDIENTE,,,1.0
2026-10-02,INTC,INTC261030C00130000,CALL,130.0,2026-10-30,8244,4219,4575420,ALCISTA,ASK,PENDIENTE,,,1.0
2026-10-02,INTC,INTC280616C00125000,CALL,125.0,2028-06-16,2510,5,10265900,NEUTRAL,MID,PENDIENTE,,,1.0
2026-10-02,INTC,INTC261007P00120000,PUT,120.0,2026-10-07,6279,567,2015559,ALCISTA,BID,PENDIENTE,,,0.5
2026-10-02,INTC,INTC261005P00122000,PUT,122.0,2026-10-05,3525,140,1251375,BAJISTA,ASK,PENDIENTE,,,0.125
2026-10-02,INTC,INTC280616C00075000,CALL,75.0,2028-06-16,150,12,1002750,ALCISTA,ASK,PENDIENTE,,,1.0
2026-10-02,INTC,INTC261009C00125000,CALL,125.0,2026-10-09,10067,5412,1721457,NEUTRAL,MID,PENDIENTE,,,0.5
2026-10-02,INTC,INTC261009P00123000,PUT,123.0,2026-10-09,3680,125,2145440,ALCISTA,BID,PENDIENTE,,,0.125
2026-10-02,INTC,INTC261005P00124000,PUT,124.0,2026-10-05,7900,43,4013200,NEUTRAL,MID,PENDIENTE,,,0.125
2026-10-02,INTC,INTC261009P00125000,PUT,125.0,2026-10-09,1496,386,1062160,ALCISTA,BID,PENDIENTE,,,0.5
2026-10-02,INTC,INTC270617P00185000,PUT,185.0,2027-06-17,175,32,1258250,ALCISTA,BID,PENDIENTE,,,1.0
2026-10-02,INTC,INTC270319C00145000,CALL,145.0,2027-03-19,1860,1126,2473800,NEUTRAL,MID,PENDIENTE,,,1.0
2026-10-02,INTC,INTC261005C00120000,CALL,120.0,2026-10-05,8494,4100,1240124,BAJISTA,BID,PENDIENTE,,,0.125
2026-10-02,INTC,INTC261005P00121000,PUT,121.0,2026-10-05,3696,145,1012704,ALCISTA,BID,PENDIENTE,,,0.125
2026-10-02,INTC,INTC261218C00145000,CALL,145.0,2026-12-18,2968,2650,1949976,NEUTRAL,MID,PENDIENTE,,,1.0
2026-10-02,INTC,INTC261218P00125000,PUT,125.0,2026-12-18,1658,1421,2735700,ALCISTA,BID,PENDIENTE,,,1.0
2026-10-02,INTC,INTC261005P00120000,PUT,120.0,2026-10-05,6392,4666,1374280,NEUTRAL,MID,PENDIENTE,,,0.5
2026-10-02,INTC,INTC270617P00175000,PUT,175.0,2027-06-17,169,70,1071460,ALCISTA,BID,PENDIENTE,,,1.0
2026-10-02,INTC,INTC261009P00120000,PUT,120.0,2026-10-09,3337,1713,1351485,NEUTRAL,MID,PENDIENTE,,,0.125
2026-10-02,HCA,HCA261218C00455000,CALL,455.0,2026-12-18,108,17,166212,NEUTRAL,MID,PENDIENTE,,,1.0
2026-10-02,INTU,INTU261009P00280000,PUT,280.0,2026-10-09,340,186,230860,NEUTRAL,MID,PENDIENTE,,,0.5
2026-10-02,INTU,INTU261016C00320000,CALL,320.0,2026-10-16,1115,514,78050,NEUTRAL,MID,PENDIENTE,,,1.0
2026-10-02,INTU,INTU261009C00285000,CALL,285.0,2026-10-09,169,87,73684,NEUTRAL,MID,PENDIENTE,,,0.5
2026-10-02,IR,IR270917C00070000,CALL,70.0,2027-09-17,182,2,280280,ALCISTA,ASK,PENDIENTE,,,1.0
2026-10-02,ISRG,ISRG270416C00405000,CALL,405.0,2027-04-16,136,38,613360,ALCISTA,ASK,PENDIENTE,,,1.0
2026-10-02,ISRG,ISRG261009P00390000,PUT,390.0,2026-10-09,173,24,98610,NEUTRAL,MID,PENDIENTE,,,0.5
2026-10-02,ISRG,ISRG261218P00405000,PUT,405.0,2026-12-18,126,21,381780,ALCISTA,BID,PENDIENTE,,,1.0
2026-10-02,JBHT,JBHT261120C00270000,CALL,270.0,2026-11-20,203,150,54810,NEUTRAL,MID,PENDIENTE,,,1.0
2026-10-02,ILMN,ILMN261120P00230000,PUT,230.0,2026-11-20,185,25,135050,NEUTRAL,MID,PENDIENTE,,,1.0
2026-10-02,HSY,HSY261120C00170000,CALL,170.0,2026-11-20,339,190,101700,NEUTRAL,MID,PENDIENTE,,,1.0
2026-10-02,IRM,IRM261106C00121000,CALL,121.0,2026-11-06,271,9,54200,NEUTRAL,MID,PENDIENTE,,,1.0
2026-10-02,JBL,JBL261120C00350000,CALL,350.0,2026-11-20,214,8,136960,NEUTRAL,MID,PENDIENTE,,,1.0
2026-10-02,JBL,JBL261120C00340000,CALL,340.0,2026-11-20,110,67,95700,ALCISTA,ASK,PENDIENTE,,,0.25
2026-10-02,JBL,JBL261120P00300000,PUT,300.0,2026-11-20,112,57,180320,NEUTRAL,MID,PENDIENTE,,,0.25
2026-10-02,KEYS,KEYS261016C00400000,CALL,400.0,2026-10-16,411,68,184539,NEUTRAL,MID,PENDIENTE,,,1.0
2026-10-02,KEYS,KEYS261218P00390000,PUT,390.0,2026-12-18,166,3,529540,BAJISTA,ASK,PENDIENTE,,,0.25
2026-10-02,KEYS,KEYS261218C00440000,CALL,440.0,2026-12-18,135,63,178200,NEUTRAL,MID,PENDIENTE,,,0.25
2026-10-02,JPM,JPM261009C00332500,CALL,332.5,2026-10-09,5943,4484,1782900,NEUTRAL,MID,PENDIENTE,,,0.5
2026-10-02,JPM,JPM271217C00330000,CALL,330.0,2027-12-17,499,156,2175640,NEUTRAL,MID,PENDIENTE,,,1.0
2026-10-02,JPM,JPM261016C00332500,CALL,332.5,2026-10-16,279,264,189162,ALCISTA,ASK,PENDIENTE,,,1.0
2026-10-02,JPM,JPM270917C00220000,CALL,220.0,2027-09-17,156,1,1847352,NEUTRAL,MID,PENDIENTE,,,0.3
2026-10-02,JPM,JPM261009P00327500,PUT,327.5,2026-10-09,775,345,175925,NEUTRAL,MID,PENDIENTE,,,0.5
2026-10-02,JPM,JPM261218C00355000,CALL,355.0,2026-12-18,859,576,529144,NEUTRAL,MID,PENDIENTE,,,1.0
2026-10-02,JPM,JPM261009C00340000,CALL,340.0,2026-10-09,1735,1012,131860,ALCISTA,ASK,PENDIENTE,,,0.125
2026-10-02,JPM,JPM261009P00322500,PUT,322.5,2026-10-09,1085,434,111755,NEUTRAL,MID,PENDIENTE,,,0.5
2026-10-02,JPM,JPM261106C00345000,CALL,345.0,2026-11-06,408,231,197064,NEUTRAL,MID,PENDIENTE,,,1.0
2026-10-02,JPM,JPM261009C00335000,CALL,335.0,2026-10-09,1785,956,349860,NEUTRAL,MID,PENDIENTE,,,0.125
2026-10-02,JPM,JPM261009C00325000,CALL,325.0,2026-10-09,316,36,251220,NEUTRAL,MID,PENDIENTE,,,0.125
2026-10-02,JPM,JPM261009P00325000,PUT,325.0,2026-10-09,1493,902,231415,NEUTRAL,MID,PENDIENTE,,,0.125
2026-10-02,JPM,JPM261009C00330000,CALL,330.0,2026-10-09,265,221,119250,ALCISTA,ASK,PENDIENTE,,,0.125
2026-10-02,JPM,JPM261009C00327500,CALL,327.5,2026-10-09,378,195,200718,BAJISTA,BID,PENDIENTE,,,0.125
2026-10-02,KMI,KMI261030C00033000,CALL,33.0,2026-10-30,2517,174,57891,NEUTRAL,MID,PENDIENTE,,,1.0
2026-10-02,KMB,KMB261120P00085000,PUT,85.0,2026-11-20,1816,377,130752,BAJISTA,ASK,PENDIENTE,,,1.0
2026-10-02,KMB,KMB261009C00070000,CALL,70.0,2026-10-09,207,0,505080,NEUTRAL,MID,PENDIENTE,,,0.15
2026-10-02,IQV,IQV270115C00290000,CALL,290.0,2027-01-15,153,120,161415,NEUTRAL,MID,PENDIENTE,,,1.0
2026-10-02,KR,KR261009C00060000,CALL,60.0,2026-10-09,9083,127,381486,BAJISTA,BID,PENDIENTE,,,0.125
2026-10-02,KR,KR261009C00061000,CALL,61.0,2026-10-09,9071,150,199562,NEUTRAL,MID,PENDIENTE,,,0.125
2026-10-02,KR,KR261009P00059000,PUT,59.0,2026-10-09,702,66,54054,ALCISTA,BID,PENDIENTE,,,0.125
2026-10-02,KR,KR261120P00057500,PUT,57.5,2026-11-20,360,309,59040,ALCISTA,BID,PENDIENTE,,,1.0
2026-10-02,KR,KR261009C00059000,CALL,59.0,2026-10-09,732,28,61488,BAJISTA,BID,PENDIENTE,,,0.125
2026-10-02,KKR,KKR261120C00100000,CALL,100.0,2026-11-20,368,64,78384,NEUTRAL,MID,PENDIENTE,,,1.0
2026-10-02,KKR,KKR261016P00093000,PUT,93.0,2026-10-16,320,26,99200,ALCISTA,BID,PENDIENTE,,,1.0
2026-10-02,KKR,KKR261120P00087500,PUT,87.5,2026-11-20,158,50,59250,ALCISTA,BID,PENDIENTE,,,1.0
2026-10-02,KLAC,KLAC261120C00210000,CALL,210.0,2026-11-20,1935,1428,3366900,NEUTRAL,MID,PENDIENTE,,,1.0
2026-10-02,KLAC,KLAC261030C00215000,CALL,215.0,2026-10-30,520,20,585000,NEUTRAL,MID,PENDIENTE,,,1.0
2026-10-02,KLAC,KLAC261030C00220000,CALL,220.0,2026-10-30,343,128,305270,BAJISTA,BID,PENDIENTE,,,1.0
2026-10-02,KLAC,KLAC261030P00220000,PUT,220.0,2026-10-30,124,1,272800,BAJISTA,ASK,PENDIENTE,,,0.25
2026-10-02,KLAC,KLAC280121C00210000,CALL,210.0,2028-01-21,129,88,736590,NEUTRAL,MID,PENDIENTE,,,1.0
2026-10-02,KLAC,KLAC261030C00205000,CALL,205.0,2026-10-30,111,14,172050,NEUTRAL,MID,PENDIENTE,,,0.25
2026-10-02,LVS,LVS261009C00036000,CALL,36.0,2026-10-09,576,0,54720,ALCISTA,ASK,PENDIENTE,,,0.5
2026-10-02,LVS,LVS270617C00040000,CALL,40.0,2027-06-17,499,362,159680,ALCISTA,ASK,PENDIENTE,,,1.0
2026-10-02,LEN,LEN261016C00084000,CALL,84.0,2026-10-16,3085,49,592320,ALCISTA,ASK,PENDIENTE,,,0.25
2026-10-02,LEN,LEN261016P00079000,PUT,79.0,2026-10-16,2070,63,490590,NEUTRAL,MID,PENDIENTE,,,1.0
2026-10-02,LEN,LEN261016P00075000,PUT,75.0,2026-10-16,3902,944,358984,NEUTRAL,MID,PENDIENTE,,,1.0
2026-10-02,LEN,LEN261016C00082000,CALL,82.0,2026-10-16,3098,66,526660,NEUTRAL,MID,PENDIENTE,,,0.25
2026-10-02,LEN,LEN261016P00080000,PUT,80.0,2026-10-16,2172,498,632052,NEUTRAL,MID,PENDIENTE,,,1.0
2026-10-02,LEN,LEN270617C00080000,CALL,80.0,2027-06-17,158,131,184860,NEUTRAL,MID,PENDIENTE,,,1.0
2026-10-02,JNJ,JNJ261113C00250000,CALL,250.0,2026-11-13,203,15,253750,BAJISTA,BID,PENDIENTE,,,1.0
2026-10-02,JNJ,JNJ261009C00257500,CALL,257.5,2026-10-09,262,20,60260,BAJISTA,BID,PENDIENTE,,,0.125
2026-10-02,JNJ,JNJ261009C00260000,CALL,260.0,2026-10-09,303,123,53328,ALCISTA,ASK,PENDIENTE,,,0.125
2026-10-02,JNJ,JNJ261009P00255000,PUT,255.0,2026-10-09,603,546,136881,NEUTRAL,MID,PENDIENTE,,,0.5
2026-10-02,JNJ,JNJ261009P00257500,PUT,257.5,2026-10-09,397,257,150463,NEUTRAL,MID,PENDIENTE,,,0.5
2026-10-02,JNJ,JNJ261009C00255000,CALL,255.0,2026-10-09,187,3,66385,NEUTRAL,MID,PENDIENTE,,,0.125
2026-10-02,JNJ,JNJ261009P00262500,PUT,262.5,2026-10-09,202,107,145036,NEUTRAL,MID,PENDIENTE,,,0.125
2026-10-02,LRCX,LRCX261016C00355000,CALL,355.0,2026-10-16,2127,383,2450304,ALCISTA,ASK,PENDIENTE,,,1.0
2026-10-02,LRCX,LRCX261106C00395000,CALL,395.0,2026-11-06,770,3,1004850,ALCISTA,ASK,PENDIENTE,,,1.0
2026-10-02,LRCX,LRCX261120C00440000,CALL,440.0,2026-11-20,3758,586,2735824,NEUTRAL,MID,PENDIENTE,,,1.0
2026-10-02,LRCX,LRCX261120C00360000,CALL,360.0,2026-11-20,1079,542,2740660,BAJISTA,BID,PENDIENTE,,,1.0
2026-10-02,LRCX,LRCX261009P00350000,PUT,350.0,2026-10-09,559,7,586950,BAJISTA,ASK,PENDIENTE,,,0.125
2026-10-02,LRCX,LRCX261218C00400000,CALL,400.0,2026-12-18,1130,1021,2310850,NEUTRAL,MID,PENDIENTE,,,1.0
2026-10-02,LRCX,LRCX270617C00490000,CALL,490.0,2027-06-17,357,190,1203090,NEUTRAL,MID,PENDIENTE,,,1.0
2026-10-02,LRCX,LRCX261120P00350000,PUT,350.0,2026-11-20,258,228,799800,BAJISTA,ASK,PENDIENTE,,,1.0
2026-10-02,LRCX,LRCX261009P00355000,PUT,355.0,2026-10-09,387,1,484524,ALCISTA,BID,PENDIENTE,,,0.125
2026-10-02,LRCX,LRCX261023C00360000,CALL,360.0,2026-10-23,270,254,417150,NEUTRAL,MID,PENDIENTE,,,1.0
2026-10-02,LRCX,LRCX261009C00350000,CALL,350.0,2026-10-09,337,234,271285,NEUTRAL,MID,PENDIENTE,,,0.125
2026-10-02,MTB,MTB270917P00195000,PUT,195.0,2027-09-17,125,111,153750,NEUTRAL,MID,PENDIENTE,,,1.0
2026-10-02,MRSH,MRSH270115C00185000,CALL,185.0,2027-01-15,294,69,107898,NEUTRAL,MID,PENDIENTE,,,1.0
2026-10-02,LOW,LOW261016C00192500,CALL,192.5,2026-10-16,3777,91,321045,NEUTRAL,MID,PENDIENTE,,,1.0
2026-10-02,LOW,LOW261218C00195000,CALL,195.0,2026-12-18,303,129,181800,ALCISTA,ASK,PENDIENTE,,,1.0
2026-10-02,LOW,LOW261120C00195000,CALL,195.0,2026-11-20,345,326,138000,NEUTRAL,MID,PENDIENTE,,,1.0
2026-10-02,MPC,MPC270115P00380000,PUT,380.0,2027-01-15,201,33,462300,NEUTRAL,MID,PENDIENTE,,,1.0
2026-10-02,MPC,MPC270115P00420000,PUT,420.0,2027-01-15,122,102,497760,NEUTRAL,MID,PENDIENTE,,,1.0
2026-10-02,LULU,LULU261120C00100000,CALL,100.0,2026-11-20,2346,1298,903210,ALCISTA,ASK,PENDIENTE,,,1.0
2026-10-02,LULU,LULU261016C00099000,CALL,99.0,2026-10-16,4059,227,539847,NEUTRAL,MID,PENDIENTE,,,1.0
2026-10-02,LULU,LULU261016C00097000,CALL,97.0,2026-10-16,655,88,134275,NEUTRAL,MID,PENDIENTE,,,1.0
2026-10-02,LULU,LULU280121C00095000,CALL,95.0,2028-01-21,231,98,534765,BAJISTA,BID,PENDIENTE,,,1.0
2026-10-02,LULU,LULU270617P00060000,PUT,60.0,2027-06-17,1152,139,262656,NEUTRAL,MID,PENDIENTE,,,1.0
2026-10-02,LULU,LULU261009C00075000,CALL,75.0,2026-10-09,198,0,406296,ALCISTA,ASK,PENDIENTE,,,0.15
2026-10-02,LULU,LULU261009C00080000,CALL,80.0,2026-10-09,198,14,307890,ALCISTA,ASK,PENDIENTE,,,0.15
2026-10-02,LULU,LULU261009C00102000,CALL,102.0,2026-10-09,2307,2199,55368,ALCISTA,ASK,PENDIENTE,,,0.5
2026-10-02,LULU,LULU261120C00085000,CALL,85.0,2026-11-20,175,29,210000,NEUTRAL,MID,PENDIENTE,,,1.0
2026-10-02,LULU,LULU270917P00090000,PUT,90.0,2027-09-17,201,148,276174,ALCISTA,BID,PENDIENTE,,,1.0
2026-10-02,LULU,LULU261009C00095000,CALL,95.0,2026-10-09,767,565,138060,NEUTRAL,MID,PENDIENTE,,,0.5
2026-10-02,LULU,LULU261120C00090000,CALL,90.0,2026-11-20,410,150,353830,NEUTRAL,MID,PENDIENTE,,,1.0
2026-10-02,LULU,LULU261030P00095000,PUT,95.0,2026-10-30,163,83,74980,BAJISTA,ASK,PENDIENTE,,,1.0
2026-10-02,LULU,LULU261016C00095000,CALL,95.0,2026-10-16,228,186,62016,NEUTRAL,MID,PENDIENTE,,,1.0
2026-10-02,LULU,LULU261009C00087000,CALL,87.0,2026-10-09,122,122,101626,ALCISTA,ASK,PENDIENTE,,,0.15
2026-10-02,LULU,LULU261009C00088000,CALL,88.0,2026-10-09,122,122,90280,ALCISTA,ASK,PENDIENTE,,,0.15
2026-10-02,LIN,LIN270416P00490000,PUT,490.0,2027-04-16,100,0,327600,NEUTRAL,MID,PENDIENTE,,,1.0
2026-10-02,LIN,LIN270319P00490000,PUT,490.0,2027-03-19,105,81,331800,NEUTRAL,MID,PENDIENTE,,,1.0
2026-10-02,LLY,LLY261030C01150000,CALL,1150.0,2026-10-30,288,36,1493856,ALCISTA,ASK,PENDIENTE,,,1.0
2026-10-02,LLY,LLY261106C01145000,CALL,1145.0,2026-11-06,310,2,1660050,BAJISTA,BID,PENDIENTE,,,1.0
2026-10-02,LLY,LLY261009C01150000,CALL,1150.0,2026-10-09,117,85,198315,NEUTRAL,MID,PENDIENTE,,,0.5
2026-10-02,LLY,LLY261009P01120000,PUT,1120.0,2026-10-09,208,158,150800,NEUTRAL,MID,PENDIENTE,,,0.5
2026-10-02,MRVL,MRVL261009C00282500,CALL,282.5,2026-10-09,3358,119,2206206,ALCISTA,ASK,PENDIENTE,,,0.125
2026-10-02,MRVL,MRVL261106C00280000,CALL,280.0,2026-11-06,428,58,796080,ALCISTA,ASK,PENDIENTE,,,1.0
2026-10-02,MRVL,MRVL261009P00272500,PUT,272.5,2026-10-09,858,15,894894,BAJISTA,ASK,PENDIENTE,,,0.125
2026-10-02,MRVL,MRVL261009C00290000,CALL,290.0,2026-10-09,5768,1747,2457168,BAJISTA,BID,PENDIENTE,,,0.125
2026-10-02,MRVL,MRVL261009C00245000,CALL,245.0,2026-10-09,924,274,2735964,ALCISTA,ASK,PENDIENTE,,,0.125
2026-10-02,MRVL,MRVL261009P00275000,PUT,275.0,2026-10-09,944,138,1113920,BAJISTA,ASK,PENDIENTE,,,0.125
2026-10-02,MRVL,MRVL261016P00277500,PUT,277.5,2026-10-16,1139,47,1754060,ALCISTA,BID,PENDIENTE,,,0.25
2026-10-02,MRVL,MRVL261009C00277500,CALL,277.5,2026-10-09,826,284,686406,ALCISTA,ASK,PENDIENTE,,,0.125
2026-10-02,MRVL,MRVL261016P00272500,PUT,272.5,2026-10-16,479,11,615515,ALCISTA,BID,PENDIENTE,,,0.25
2026-10-02,MRVL,MRVL261009C00280000,CALL,280.0,2026-10-09,2337,1426,1703673,BAJISTA,BID,PENDIENTE,,,0.125
2026-10-02,MRVL,MRVL261009C00285000,CALL,285.0,2026-10-09,1377,914,787644,ALCISTA,ASK,PENDIENTE,,,0.125
2026-10-02,MRVL,MRVL261016C00277500,CALL,277.5,2026-10-16,457,209,539260,ALCISTA,ASK,PENDIENTE,,,0.25
2026-10-02,MRVL,MRVL270917P00260000,PUT,260.0,2027-09-17,228,103,1249212,NEUTRAL,MID,PENDIENTE,,,1.0
2026-10-02,MRVL,MRVL261009P00270000,PUT,270.0,2026-10-09,658,364,602070,NEUTRAL,MID,PENDIENTE,,,0.5
2026-10-02,MRVL,MRVL261016C00275000,CALL,275.0,2026-10-16,950,844,1197000,NEUTRAL,MID,PENDIENTE,,,0.25
2026-10-02,MRVL,MRVL261218P00330000,PUT,330.0,2026-12-18,100,34,690000,ALCISTA,BID,PENDIENTE,,,1.0
2026-10-02,MRVL,MRVL270416P00230000,PUT,230.0,2027-04-16,220,191,573100,NEUTRAL,MID,PENDIENTE,,,1.0
2026-10-02,MRVL,MRVL261009C00272500,CALL,272.5,2026-10-09,467,303,486614,NEUTRAL,MID,PENDIENTE,,,0.5
2026-10-02,MRVL,MRVL261016P00275000,PUT,275.0,2026-10-16,378,288,551880,ALCISTA,BID,PENDIENTE,,,0.25
2026-10-02,LITE,LITE261009C01035000,CALL,1035.0,2026-10-09,496,30,3467040,ALCISTA,ASK,PENDIENTE,,,0.5
2026-10-02,LITE,LITE261009P01050000,PUT,1050.0,2026-10-09,812,77,1810760,BAJISTA,ASK,PENDIENTE,,,0.125
2026-10-02,LITE,LITE261009P01000000,PUT,1000.0,2026-10-09,1381,106,1173850,NEUTRAL,MID,PENDIENTE,,,0.5
2026-10-02,LITE,LITE261009P01045000,PUT,1045.0,2026-10-09,889,42,1778000,ALCISTA,BID,PENDIENTE,,,0.125
2026-10-02,LITE,LITE270115C01090000,CALL,1090.0,2027-01-15,163,45,2830984,ALCISTA,ASK,PENDIENTE,,,0.25
2026-10-02,LITE,LITE261009C01045000,CALL,1045.0,2026-10-09,305,27,1970300,ALCISTA,ASK,PENDIENTE,,,0.125
2026-10-02,LITE,LITE261009C01130000,CALL,1130.0,2026-10-09,291,22,637290,ALCISTA,ASK,PENDIENTE,,,0.125
2026-10-02,LITE,LITE261016P01070000,PUT,1070.0,2026-10-16,298,31,1415500,NEUTRAL,MID,PENDIENTE,,,0.25
2026-10-02,LITE,LITE270319P00900000,PUT,900.0,2027-03-19,121,33,1351570,NEUTRAL,MID,PENDIENTE,,,1.0
2026-10-02,LITE,LITE261016C01020000,CALL,1020.0,2026-10-16,250,149,2413000,ALCISTA,ASK,PENDIENTE,,,0.25
2026-10-02,LITE,LITE261009C01050000,CALL,1050.0,2026-10-09,395,249,2291790,NEUTRAL,MID,PENDIENTE,,,0.5
2026-10-02,LITE,LITE261009C01040000,CALL,1040.0,2026-10-09,180,34,1108800,BAJISTA,BID,PENDIENTE,,,0.125
2026-10-02,LITE,LITE261009C01090000,CALL,1090.0,2026-10-09,262,87,943200,NEUTRAL,MID,PENDIENTE,,,0.125
2026-10-02,LITE,LITE261016C01150000,CALL,1150.0,2026-10-16,315,240,987840,NEUTRAL,MID,PENDIENTE,,,0.25
2026-10-02,LITE,LITE261218P00960000,PUT,960.0,2026-12-18,136,55,1066240,NEUTRAL,MID,PENDIENTE,,,0.25
2026-10-02,LITE,LITE261009C01085000,CALL,1085.0,2026-10-09,159,41,611991,NEUTRAL,MID,PENDIENTE,,,0.125
2026-10-02,LITE,LITE261009C01080000,CALL,1080.0,2026-10-09,192,111,768000,BAJISTA,BID,PENDIENTE,,,0.125
2026-10-02,LITE,LITE270115C01060000,CALL,1060.0,2027-01-15,139,111,2612505,NEUTRAL,MID,PENDIENTE,,,0.25
2026-10-02,LITE,LITE261218C01040000,CALL,1040.0,2026-12-18,146,143,2516310,NEUTRAL,MID,PENDIENTE,,,0.25
2026-10-02,LITE,LITE261009C01070000,CALL,1070.0,2026-10-09,160,106,732480,NEUTRAL,MID,PENDIENTE,,,0.125
2026-10-02,MCHP,MCHP261030C00088000,CALL,88.0,2026-10-30,590,1,144550,ALCISTA,ASK,PENDIENTE,,,0.25
2026-10-02,MCHP,MCHP261009C00083000,CALL,83.0,2026-10-09,554,70,58724,NEUTRAL,MID,PENDIENTE,,,0.5
2026-10-02,MCHP,MCHP261030C00084000,CALL,84.0,2026-10-30,483,21,159390,NEUTRAL,MID,PENDIENTE,,,0.25
2026-10-02,MCHP,MCHP261030P00086000,PUT,86.0,2026-10-30,410,0,233700,ALCISTA,BID,PENDIENTE,,,0.25
2026-10-02,MTD,MTD261120P01480000,PUT,1480.0,2026-11-20,150,0,990000,NEUTRAL,MID,PENDIENTE,,,1.0
2026-10-02,MAA,MAA261120P00115000,PUT,115.0,2026-11-20,210,17,88200,NEUTRAL,MID,PENDIENTE,,,1.0
2026-10-02,MAA,MAA270319P00120000,PUT,120.0,2027-03-19,110,25,108680,NEUTRAL,MID,PENDIENTE,,,1.0
2026-10-02,MET,MET270617P00100000,PUT,100.0,2027-06-17,301,59,331100,NEUTRAL,MID,PENDIENTE,,,1.0
2026-10-02,MSFT,MSFT261005C00517500,CALL,517.5,2026-10-05,3002,446,975650,ALCISTA,ASK,PENDIENTE,,,0.5
2026-10-02,MSFT,MSFT261005C00512500,CALL,512.5,2026-10-05,2804,156,1738480,ALCISTA,ASK,PENDIENTE,,,0.5
2026-10-02,MSFT,MSFT261009C00517500,CALL,517.5,2026-10-09,1892,404,1324400,NEUTRAL,MID,PENDIENTE,,,0.5
2026-10-02,MSFT,MSFT261005C00515000,CALL,515.0,2026-10-05,5707,448,2625220,NEUTRAL,MID,PENDIENTE,,,0.5
2026-10-02,MSFT,MSFT261005C00520000,CALL,520.0,2026-10-05,4738,865,980766,NEUTRAL,MID,PENDIENTE,,,0.5
2026-10-02,MSFT,MSFT261030C00520000,CALL,520.0,2026-10-30,1046,917,1907904,ALCISTA,ASK,PENDIENTE,,,1.0
2026-10-02,MSFT,MSFT261009C00520000,CALL,520.0,2026-10-09,3826,2996,2142560,ALCISTA,ASK,PENDIENTE,,,0.125
2026-10-02,MSFT,MSFT261009P00525000,PUT,525.0,2026-10-09,547,171,689220,BAJISTA,ASK,PENDIENTE,,,0.5
2026-10-02,MSFT,MSFT261106C00550000,CALL,550.0,2026-11-06,988,596,854620,BAJISTA,BID,PENDIENTE,,,1.0
2026-10-02,MSFT,MSFT261009C00525000,CALL,525.0,2026-10-09,4648,4531,1663984,BAJISTA,BID,PENDIENTE,,,0.125
2026-10-02,MSFT,MSFT261016C00512500,CALL,512.5,2026-10-16,794,500,977414,BAJISTA,BID,PENDIENTE,,,1.0
2026-10-02,MSFT,MSFT261009C00515000,CALL,515.0,2026-10-09,1670,1095,1336000,NEUTRAL,MID,PENDIENTE,,,0.5
2026-10-02,MSFT,MSFT261007C00487500,CALL,487.5,2026-10-07,290,5,809390,BAJISTA,BID,PENDIENTE,,,0.15
2026-10-02,MSFT,MSFT261005P00550000,PUT,550.0,2026-10-05,200,0,640000,ALCISTA,BID,PENDIENTE,,,0.15
2026-10-02,MSFT,MSFT261007C00490000,CALL,490.0,2026-10-07,240,7,628320,BAJISTA,BID,PENDIENTE,,,0.15
2026-10-02,MSFT,MSFT261007C00460000,CALL,460.0,2026-10-07,112,21,638624,NEUTRAL,MID,PENDIENTE,,,0.15
2026-10-02,MSFT,MSFT261007C00455000,CALL,455.0,2026-10-07,102,11,630360,NEUTRAL,MID,PENDIENTE,,,0.15
2026-10-02,MSFT,MSFT261012C00425000,CALL,425.0,2026-10-12,103,2,928236,BAJISTA,BID,PENDIENTE,,,0.075
2026-10-02,MSFT,MSFT261014C00435000,CALL,435.0,2026-10-14,102,50,835584,BAJISTA,BID,PENDIENTE,,,0.3
2026-10-02,MSFT,MSFT261009C00480000,CALL,480.0,2026-10-09,208,140,777088,NEUTRAL,MID,PENDIENTE,,,0.15
2026-10-02,MSFT,MSFT261012C00430000,CALL,430.0,2026-10-12,102,52,889950,NEUTRAL,MID,PENDIENTE,,,0.075
2026-10-02,MDLZ,MDLZ261120C00062500,CALL,62.5,2026-11-20,2215,443,155050,BAJISTA,BID,PENDIENTE,,,1.0
2026-10-02,MDLZ,MDLZ261218C00062500,CALL,62.5,2026-12-18,870,690,95700,NEUTRAL,MID,PENDIENTE,,,1.0
2026-10-02,MRNA,MRNA261009C00195000,CALL,195.0,2026-10-09,5287,184,3119330,NEUTRAL,MID,PENDIENTE,,,0.125
2026-10-02,MRNA,MRNA261009C00190000,CALL,190.0,2026-10-09,1303,320,1042400,ALCISTA,ASK,PENDIENTE,,,0.125
2026-10-02,MRNA,MRNA261009C00207500,CALL,207.5,2026-10-09,6643,2438,1720537,NEUTRAL,MID,PENDIENTE,,,0.5
2026-10-02,MRNA,MRNA261009P00185000,PUT,185.0,2026-10-09,2340,270,1270620,NEUTRAL,MID,PENDIENTE,,,0.125
2026-10-02,MRNA,MRNA261009C00197500,CALL,197.5,2026-10-09,4724,2532,2314760,BAJISTA,BID,PENDIENTE,,,0.125
2026-10-02,MRNA,MRNA261009C00205000,CALL,205.0,2026-10-09,1937,663,619840,ALCISTA,ASK,PENDIENTE,,,0.125
2026-10-02,MRNA,MRNA261009P00192500,PUT,192.5,2026-10-09,166,26,161352,BAJISTA,ASK,PENDIENTE,,,0.5
2026-10-02,MRNA,MRNA261120P00170000,PUT,170.0,2026-11-20,832,570,1293760,NEUTRAL,MID,PENDIENTE,,,1.0
2026-10-02,MRNA,MRNA261009P00177500,PUT,177.5,2026-10-09,713,210,228873,BAJISTA,ASK,PENDIENTE,,,0.125
2026-10-02,MRNA,MRNA261009P00200000,PUT,200.0,2026-10-09,539,120,759990,NEUTRAL,MID,PENDIENTE,,,0.125
2026-10-02,MRNA,MRNA261009C00192500,CALL,192.5,2026-10-09,336,73,232848,NEUTRAL,MID,PENDIENTE,,,0.125
2026-10-02,MRNA,MRNA261009P00187500,PUT,187.5,2026-10-09,773,294,508634,NEUTRAL,MID,PENDIENTE,,,0.125
2026-10-02,MRNA,MRNA261009C00187500,CALL,187.5,2026-10-09,381,59,346329,BAJISTA,BID,PENDIENTE,,,0.125
2026-10-02,MRNA,MRNA261009P00180000,PUT,180.0,2026-10-09,645,583,261225,BAJISTA,ASK,PENDIENTE,,,0.125
2026-10-02,MRNA,MRNA261009C00185000,CALL,185.0,2026-10-09,407,214,435490,ALCISTA,ASK,PENDIENTE,,,0.125
2026-10-02,MRNA,MRNA261009C00175000,CALL,175.0,2026-10-09,234,107,405990,NEUTRAL,MID,PENDIENTE,,,0.5
2026-10-02,MRNA,MRNA261009C00200000,CALL,200.0,2026-10-09,1205,900,518150,NEUTRAL,MID,PENDIENTE,,,0.125
2026-10-02,MRNA,MRNA261009C00210000,CALL,210.0,2026-10-09,1070,637,231120,NEUTRAL,MID,PENDIENTE,,,0.125
2026-10-02,MRNA,MRNA261009P00190000,PUT,190.0,2026-10-09,709,499,555856,NEUTRAL,MID,PENDIENTE,,,0.125
2026-10-02,MCO,MCO270115C00460000,CALL,460.0,2027-01-15,161,33,318780,NEUTRAL,MID,PENDIENTE,,,1.0
2026-10-02,MCO,MCO270115P00450000,PUT,450.0,2027-01-15,124,81,332320,ALCISTA,BID,PENDIENTE,,,1.0
2026-10-02,MPWR,MPWR261120P01400000,PUT,1400.0,2026-11-20,137,77,1349724,NEUTRAL,MID,PENDIENTE,,,1.0
2026-10-02,MS,MS261120C00190000,CALL,190.0,2026-11-20,244,92,224236,NEUTRAL,MID,PENDIENTE,,,1.0
2026-10-02,MS,MS261009C00190000,CALL,190.0,2026-10-09,255,243,81855,NEUTRAL,MID,PENDIENTE,,,0.5
2026-10-02,MOS,MOS261120P00021000,PUT,21.0,2026-11-20,1715,172,248675,NEUTRAL,MID,PENDIENTE,,,1.0
2026-10-02,MOS,MOS261016P00022000,PUT,22.0,2026-10-16,1023,1017,126852,NEUTRAL,MID,PENDIENTE,,,1.0
2026-10-02,MGM,MGM280121P00035000,PUT,35.0,2028-01-21,836,471,576840,NEUTRAL,MID,PENDIENTE,,,1.0
2026-10-02,MGM,MGM270319C00028000,CALL,28.0,2027-03-19,165,9,73590,BAJISTA,BID,PENDIENTE,,,1.0
2026-10-02,NTAP,NTAP261120C00240000,CALL,240.0,2026-11-20,657,132,755550,NEUTRAL,MID,PENDIENTE,,,1.0
2026-10-02,NTAP,NTAP261218P00240000,PUT,240.0,2026-12-18,1080,1,3027240,ALCISTA,BID,PENDIENTE,,,0.25
2026-10-02,NTAP,NTAP261218C00240000,CALL,240.0,2026-12-18,1147,255,1992339,NEUTRAL,MID,PENDIENTE,,,0.25
2026-10-02,NTAP,NTAP261016C00250000,CALL,250.0,2026-10-16,490,86,88200,NEUTRAL,MID,PENDIENTE,,,1.0
2026-10-02,NTAP,NTAP261016P00240000,PUT,240.0,2026-10-16,105,3,167685,ALCISTA,BID,PENDIENTE,,,1.0
2026-10-02,NTAP,NTAP270319C00280000,CALL,280.0,2027-03-19,211,71,348150,NEUTRAL,MID,PENDIENTE,,,1.0
2026-10-02,NTAP,NTAP261016P00220000,PUT,220.0,2026-10-16,288,12,146880,NEUTRAL,MID,PENDIENTE,,,0.25
2026-10-02,NTAP,NTAP261016C00240000,CALL,240.0,2026-10-16,525,399,178500,NEUTRAL,MID,PENDIENTE,,,1.0
2026-10-02,NTAP,NTAP270115C00250000,CALL,250.0,2027-01-15,135,97,226800,NEUTRAL,MID,PENDIENTE,,,1.0
2026-10-02,NTAP,NTAP261120C00250000,CALL,250.0,2026-11-20,107,64,84637,NEUTRAL,MID,PENDIENTE,,,1.0
2026-10-02,NTAP,NTAP261120C00260000,CALL,260.0,2026-11-20,124,63,70556,NEUTRAL,MID,PENDIENTE,,,1.0
2026-10-02,NTAP,NTAP261016P00210000,PUT,210.0,2026-10-16,243,113,53460,ALCISTA,BID,PENDIENTE,,,0.25
2026-10-02,MU,MU261009C01100000,CALL,1100.0,2026-10-09,8930,3419,14734500,ALCISTA,ASK,PENDIENTE,,,0.5
2026-10-02,MU,MU261005C01070000,CALL,1070.0,2026-10-05,6824,817,10270120,ALCISTA,ASK,PENDIENTE,,,0.125
2026-10-02,MU,MU261005C01075000,CALL,1075.0,2026-10-05,4978,932,6222500,ALCISTA,ASK,PENDIENTE,,,0.125
2026-10-02,MU,MU261009C01090000,CALL,1090.0,2026-10-09,2774,386,5617350,ALCISTA,ASK,PENDIENTE,,,0.125
2026-10-02,MU,MU261005C01080000,CALL,1080.0,2026-10-05,9032,1274,9032000,NEUTRAL,MID,PENDIENTE,,,0.5
2026-10-02,MU,MU261005C01100000,CALL,1100.0,2026-10-05,19172,2486,8033068,NEUTRAL,MID,PENDIENTE,,,0.5
2026-10-02,MU,MU261005C01090000,CALL,1090.0,2026-10-05,9453,1038,6201168,NEUTRAL,MID,PENDIENTE,,,0.5
2026-10-02,MU,MU261005P01100000,PUT,1100.0,2026-10-05,2126,383,6367370,NEUTRAL,MID,PENDIENTE,,,0.5
2026-10-02,MU,MU261005P01090000,PUT,1090.0,2026-10-05,2311,141,5095755,NEUTRAL,MID,PENDIENTE,,,0.5
2026-10-02,MU,MU261005C01085000,CALL,1085.0,2026-10-05,5683,413,4716890,NEUTRAL,MID,PENDIENTE,,,0.125
2026-10-02,MU,MU261009P01085000,PUT,1085.0,2026-10-09,2639,89,8326045,ALCISTA,BID,PENDIENTE,,,0.125
2026-10-02,MU,MU261005P01080000,PUT,1080.0,2026-10-05,4700,369,7238000,ALCISTA,BID,PENDIENTE,,,0.125
2026-10-02,MU,MU261120C01090000,CALL,1090.0,2026-11-20,804,522,5911008,NEUTRAL,MID,PENDIENTE,,,1.0
2026-10-02,MU,MU280616P01670000,PUT,1670.0,2028-06-16,118,7,8080286,NEUTRAL,MID,PENDIENTE,,,1.0
2026-10-02,MU,MU270716P01100000,PUT,1100.0,2027-07-16,241,3,4777825,NEUTRAL,MID,PENDIENTE,,,1.0
2026-10-02,MU,MU261030C01300000,CALL,1300.0,2026-10-30,5713,5594,4673234,NEUTRAL,MID,PENDIENTE,,,1.0
2026-10-02,MU,MU261009P01080000,PUT,1080.0,2026-10-09,2052,373,5973372,NEUTRAL,MID,PENDIENTE,,,0.125
2026-10-02,MU,MU261009P01075000,PUT,1075.0,2026-10-09,1830,140,4800090,NEUTRAL,MID,PENDIENTE,,,0.125
2026-10-02,MU,MU270319C01220000,CALL,1220.0,2027-03-19,664,553,7191120,NEUTRAL,MID,PENDIENTE,,,1.0
2026-10-02,MU,MU270319P01000000,PUT,1000.0,2027-03-19,1015,904,10251500,NEUTRAL,MID,PENDIENTE,,,1.0
2026-10-02,MU,MU261009C01080000,CALL,1080.0,2026-10-09,2023,1318,4855200,NEUTRAL,MID,PENDIENTE,,,0.125
2026-10-02,MU,MU270219P01370000,PUT,1370.0,2027-02-19,138,50,4639836,NEUTRAL,MID,PENDIENTE,,,1.0
2026-10-02,MU,MU270115P01070000,PUT,1070.0,2027-01-15,1014,387,11052600,NEUTRAL,MID,PENDIENTE,,,1.0
2026-10-02,NEM,NEM270319P00115000,PUT,115.0,2027-03-19,1216,749,1459200,BAJISTA,ASK,PENDIENTE,,,1.0
2026-10-02,NEM,NEM270115C00180000,CALL,180.0,2027-01-15,5163,710,242661,ALCISTA,ASK,PENDIENTE,,,1.0
2026-10-02,NEM,NEM270617C00115000,CALL,115.0,2027-06-17,500,476,890000,ALCISTA,ASK,PENDIENTE,,,1.0
2026-10-02,NEM,NEM261016C00119000,CALL,119.0,2026-10-16,324,40,58968,NEUTRAL,MID,PENDIENTE,,,1.0
2026-10-02,NEM,NEM261218C00115000,CALL,115.0,2026-12-18,697,697,585480,BAJISTA,BID,PENDIENTE,,,1.0
2026-10-02,MA,MA270319C00590000,CALL,590.0,2027-03-19,616,285,1509200,ALCISTA,ASK,PENDIENTE,,,1.0
2026-10-02,MA,MA261009C00565000,CALL,565.0,2026-10-09,1178,38,212040,NEUTRAL,MID,PENDIENTE,,,0.5
2026-10-02,MA,MA280121P00600000,PUT,600.0,2028-01-21,300,178,2259000,NEUTRAL,MID,PENDIENTE,,,1.0
2026-10-02,NFLX,NFLX261120C00067500,CALL,67.5,2026-11-20,3017,757,1188698,BAJISTA,BID,PENDIENTE,,,1.0
2026-10-02,NFLX,NFLX261106C00073000,CALL,73.0,2026-11-06,1966,376,318492,ALCISTA,ASK,PENDIENTE,,,1.0
2026-10-02,NFLX,NFLX261030P00066000,PUT,66.0,2026-10-30,2825,497,771225,NEUTRAL,MID,PENDIENTE,,,1.0
2026-10-02,NFLX,NFLX261009C00068000,CALL,68.0,2026-10-09,14071,1903,914615,BAJISTA,BID,PENDIENTE,,,0.125
2026-10-02,NFLX,NFLX261120C00070000,CALL,70.0,2026-11-20,6668,6174,1953724,BAJISTA,BID,PENDIENTE,,,1.0
2026-10-02,NFLX,NFLX261016C00067000,CALL,67.0,2026-10-16,2471,349,400302,NEUTRAL,MID,PENDIENTE,,,1.0
2026-10-02,NFLX,NFLX261023C00072000,CALL,72.0,2026-10-23,2387,1256,334180,BAJISTA,BID,PENDIENTE,,,1.0
2026-10-02,NFLX,NFLX261016C00068000,CALL,68.0,2026-10-16,3402,2719,398034,BAJISTA,BID,PENDIENTE,,,1.0
2026-10-02,NFLX,NFLX261009P00067000,PUT,67.0,2026-10-09,5677,1487,539315,NEUTRAL,MID,PENDIENTE,,,0.125
2026-10-02,NFLX,NFLX261009C00067000,CALL,67.0,2026-10-09,6062,2247,660758,ALCISTA,ASK,PENDIENTE,,,0.125
2026-10-02,NFLX,NFLX261030C00068000,CALL,68.0,2026-10-30,787,192,238461,NEUTRAL,MID,PENDIENTE,,,1.0
2026-10-02,NFLX,NFLX270917C00085000,CALL,85.0,2027-09-17,1185,816,673080,BAJISTA,BID,PENDIENTE,,,1.0
2026-10-02,NFLX,NFLX261009C00069000,CALL,69.0,2026-10-09,7003,3515,266114,ALCISTA,ASK,PENDIENTE,,,0.125
2026-10-02,NFLX,NFLX261030P00074000,PUT,74.0,2026-10-30,516,311,425184,BAJISTA,ASK,PENDIENTE,,,1.0
2026-10-02,NFLX,NFLX261009P00066000,PUT,66.0,2026-10-09,5343,1682,293865,NEUTRAL,MID,PENDIENTE,,,0.125
2026-10-02,NFLX,NFLX261009C00070000,CALL,70.0,2026-10-09,14122,7786,282440,BAJISTA,BID,PENDIENTE,,,0.125
2026-10-02,NFLX,NFLX261120P00062500,PUT,62.5,2026-11-20,1435,1148,274085,NEUTRAL,MID,PENDIENTE,,,1.0
2026-10-02,NFLX,NFLX261009C00065000,CALL,65.0,2026-10-09,1049,420,267495,NEUTRAL,MID,PENDIENTE,,,0.5
2026-10-02,NFLX,NFLX270917P00067500,PUT,67.5,2027-09-17,399,107,359100,NEUTRAL,MID,PENDIENTE,,,1.0
2026-10-02,NFLX,NFLX261009C00050000,CALL,50.0,2026-10-09,154,15,265650,BAJISTA,BID,PENDIENTE,,,0.15
2026-10-02,NFLX,NFLX271217C00066000,CALL,66.0,2027-12-17,315,254,437850,NEUTRAL,MID,PENDIENTE,,,1.0
2026-10-02,MCD,MCD261218C00235000,CALL,235.0,2026-12-18,911,485,833565,ALCISTA,ASK,PENDIENTE,,,0.25
2026-10-02,MCD,MCD261009C00232500,CALL,232.5,2026-10-09,674,341,159064,BAJISTA,BID,PENDIENTE,,,0.5
2026-10-02,MCD,MCD261009C00235000,CALL,235.0,2026-10-09,1007,606,137959,NEUTRAL,MID,PENDIENTE,,,0.5
2026-10-02,MCD,MCD270917C00200000,CALL,200.0,2027-09-17,101,79,444400,NEUTRAL,MID,PENDIENTE,,,1.0
2026-10-02,MCD,MCD261218C00245000,CALL,245.0,2026-12-18,772,538,409160,NEUTRAL,MID,PENDIENTE,,,0.25
2026-10-02,NEE,NEE261023C00081000,CALL,81.0,2026-10-23,2761,119,115962,BAJISTA,BID,PENDIENTE,,,1.0
2026-10-02,NEE,NEE261120C00077500,CALL,77.5,2026-11-20,1538,659,406032,ALCISTA,ASK,PENDIENTE,,,0.25
2026-10-02,NEE,NEE261120P00077500,PUT,77.5,2026-11-20,1537,1229,439582,NEUTRAL,MID,PENDIENTE,,,0.25
2026-10-02,MCK,MCK261016P00850000,PUT,850.0,2026-10-16,115,61,52900,BAJISTA,ASK,PENDIENTE,,,1.0
2026-10-02,MKC,MKC280121P00040000,PUT,40.0,2028-01-21,156,4,67080,BAJISTA,ASK,PENDIENTE,,,1.0
2026-10-02,MKC,MKC261218C00050000,CALL,50.0,2026-12-18,1317,339,81654,NEUTRAL,MID,PENDIENTE,,,1.0
2026-10-02,NKE,NKE270917P00030000,PUT,30.0,2027-09-17,10131,3249,3039300,BAJISTA,ASK,PENDIENTE,,,1.0
2026-10-02,NKE,NKE261009C00033000,CALL,33.0,2026-10-09,11491,156,1436375,ALCISTA,ASK,PENDIENTE,,,0.125
2026-10-02,NKE,NKE261009C00035000,CALL,35.0,2026-10-09,16476,1869,428376,NEUTRAL,MID,PENDIENTE,,,0.5
2026-10-02,NKE,NKE261030C00034000,CALL,34.0,2026-10-30,3032,58,372936,BAJISTA,BID,PENDIENTE,,,1.0
2026-10-02,NKE,NKE261023C00033000,CALL,33.0,2026-10-23,1839,49,303435,ALCISTA,ASK,PENDIENTE,,,1.0
2026-10-02,NKE,NKE261016C00034000,CALL,34.0,2026-10-16,7233,932,607572,BAJISTA,BID,PENDIENTE,,,0.25
2026-10-02,NKE,NKE261009C00033500,CALL,33.5,2026-10-09,7880,867,732840,ALCISTA,ASK,PENDIENTE,,,0.125
2026-10-02,NKE,NKE270115C00035000,CALL,35.0,2027-01-15,10381,6144,2491440,NEUTRAL,MID,PENDIENTE,,,1.0
2026-10-02,NKE,NKE261016C00033500,CALL,33.5,2026-10-16,5377,29,607601,ALCISTA,ASK,PENDIENTE,,,0.25
2026-10-02,NKE,NKE270917C00055000,CALL,55.0,2027-09-17,4034,328,403400,BAJISTA,BID,PENDIENTE,,,1.0
2026-10-02,NKE,NKE261009C00034000,CALL,34.0,2026-10-09,9263,136,565043,NEUTRAL,MID,PENDIENTE,,,0.125
2026-10-02,NKE,NKE261030C00033000,CALL,33.0,2026-10-30,1170,43,211770,ALCISTA,ASK,PENDIENTE,,,1.0
2026-10-02,NKE,NKE261009C00032000,CALL,32.0,2026-10-09,2250,125,461250,NEUTRAL,MID,PENDIENTE,,,0.5
2026-10-02,NKE,NKE261016C00035000,CALL,35.0,2026-10-16,9856,5294,473088,NEUTRAL,MID,PENDIENTE,,,1.0
2026-10-02,NKE,NKE261120C00032500,CALL,32.5,2026-11-20,1229,619,340433,ALCISTA,ASK,PENDIENTE,,,1.0
2026-10-02,NKE,NKE261009P00033000,PUT,33.0,2026-10-09,9427,2864,273383,ALCISTA,BID,PENDIENTE,,,0.125
2026-10-02,NKE,NKE270416P00032500,PUT,32.5,2027-04-16,1419,544,442728,NEUTRAL,MID,PENDIENTE,,,1.0
2026-10-02,NKE,NKE261016C00033000,CALL,33.0,2026-10-16,1814,165,257588,BAJISTA,BID,PENDIENTE,,,0.25
2026-10-02,NKE,NKE261009P00034000,PUT,34.0,2026-10-09,3775,2792,279350,BAJISTA,ASK,PENDIENTE,,,0.125
2026-10-02,NKE,NKE270617C00032500,CALL,32.5,2027-06-17,725,291,373375,NEUTRAL,MID,PENDIENTE,,,1.0
2026-10-02,NKE,NKE270115C00022500,CALL,22.5,2027-01-15,562,139,606960,BAJISTA,BID,PENDIENTE,,,0.3
2026-10-02,NKE,NKE261009P00035000,PUT,35.0,2026-10-09,3843,3428,511119,NEUTRAL,MID,PENDIENTE,,,0.125
2026-10-02,NKE,NKE261218C00032500,CALL,32.5,2026-12-18,679,259,200305,NEUTRAL,MID,PENDIENTE,,,1.0
2026-10-02,NKE,NKE270115C00032500,CALL,32.5,2027-01-15,821,502,295560,NEUTRAL,MID,PENDIENTE,,,1.0
2026-10-02,NKE,NKE261016P00034500,PUT,34.5,2026-10-16,2247,2201,274134,NEUTRAL,MID,PENDIENTE,,,0.25
2026-10-02,NCLH,NCLH261120C00015000,CALL,15.0,2026-11-20,4530,2257,602490,ALCISTA,ASK,PENDIENTE,,,1.0
2026-10-02,NCLH,NCLH261009C00015000,CALL,15.0,2026-10-09,1704,1555,80088,ALCISTA,ASK,PENDIENTE,,,0.5
2026-10-02,NCLH,NCLH261120C00017000,CALL,17.0,2026-11-20,1051,810,59907,NEUTRAL,MID,PENDIENTE,,,1.0
2026-10-02,NRG,NRG261120C00095000,CALL,95.0,2026-11-20,172,50,132440,ALCISTA,ASK,PENDIENTE,,,1.0
2026-10-02,META,META261005C00730000,CALL,730.0,2026-10-05,4473,1094,2236500,ALCISTA,ASK,PENDIENTE,,,0.5
2026-10-02,META,META261005P00730000,PUT,730.0,2026-10-05,3105,748,2235600,BAJISTA,ASK,PENDIENTE,,,0.5
2026-10-02,META,META261009C00737500,CALL,737.5,2026-10-09,2076,155,1920300,NEUTRAL,MID,PENDIENTE,,,0.125
2026-10-02,META,META261009C00750000,CALL,750.0,2026-10-09,5495,4790,2912350,NEUTRAL,MID,PENDIENTE,,,0.5
2026-10-02,META,META261016P00725000,PUT,725.0,2026-10-16,1593,1182,2708100,NEUTRAL,MID,PENDIENTE,,,1.0
2026-10-02,META,META270917P00630000,PUT,630.0,2027-09-17,284,198,1600340,BAJISTA,ASK,PENDIENTE,,,1.0
2026-10-02,META,META261009C00710000,CALL,710.0,2026-10-09,713,212,1722608,BAJISTA,BID,PENDIENTE,,,0.5
2026-10-02,META,META261009C00730000,CALL,730.0,2026-10-09,2044,717,2514120,NEUTRAL,MID,PENDIENTE,,,0.125
2026-10-02,META,META261009C00740000,CALL,740.0,2026-10-09,2053,916,1662930,BAJISTA,BID,PENDIENTE,,,0.125
2026-10-02,META,META261009C00160000,CALL,160.0,2026-10-09,134,0,7627548,NEUTRAL,MID,PENDIENTE,,,0.15
2026-10-02,META,META261009C00150000,CALL,150.0,2026-10-09,116,0,6703408,NEUTRAL,MID,PENDIENTE,,,0.15
2026-10-02,META,META261009C00260000,CALL,260.0,2026-10-09,135,1,6335010,NEUTRAL,MID,PENDIENTE,,,0.15
2026-10-02,META,META261009C00250000,CALL,250.0,2026-10-09,116,0,5544104,NEUTRAL,MID,PENDIENTE,,,0.15
2026-10-02,META,META261120C00250000,CALL,250.0,2026-11-20,164,85,7871016,NEUTRAL,MID,PENDIENTE,,,0.3
2026-10-02,ORCL,ORCL261009C00150000,CALL,150.0,2026-10-09,11284,4375,1308944,ALCISTA,ASK,PENDIENTE,,,0.5
2026-10-02,ORCL,ORCL261009C00145000,CALL,145.0,2026-10-09,4741,2705,1204214,ALCISTA,ASK,PENDIENTE,,,0.5
2026-10-02,ORCL,ORCL261009C00144000,CALL,144.0,2026-10-09,1699,624,485914,ALCISTA,ASK,PENDIENTE,,,0.5
2026-10-02,ORCL,ORCL271217C00150000,CALL,150.0,2027-12-17,3195,1480,10926900,NEUTRAL,MID,PENDIENTE,,,1.0
2026-10-02,ORCL,ORCL271217C00360000,CALL,360.0,2027-12-17,3070,887,1565700,NEUTRAL,MID,PENDIENTE,,,1.0
2026-10-02,ORCL,ORCL261016C00142000,CALL,142.0,2026-10-16,2068,484,1096040,NEUTRAL,MID,PENDIENTE,,,1.0
2026-10-02,ORCL,ORCL261016P00143000,PUT,143.0,2026-10-16,1401,325,802773,NEUTRAL,MID,PENDIENTE,,,1.0
2026-10-02,ORCL,ORCL261009C00105000,CALL,105.0,2026-10-09,210,26,791700,ALCISTA,ASK,PENDIENTE,,,0.15
2026-10-02,ORCL,ORCL261009C00142000,CALL,142.0,2026-10-09,2097,635,796860,ALCISTA,ASK,PENDIENTE,,,0.125
2026-10-02,ORCL,ORCL261009C00140000,CALL,140.0,2026-10-09,3186,2125,1529280,NEUTRAL,MID,PENDIENTE,,,0.5
2026-10-02,ORCL,ORCL261023C00135000,CALL,135.0,2026-10-23,1107,1097,1190025,ALCISTA,ASK,PENDIENTE,,,0.25
2026-10-02,ORCL,ORCL261009C00143000,CALL,143.0,2026-10-09,2604,1188,854112,NEUTRAL,MID,PENDIENTE,,,0.125
2026-10-02,ORCL,ORCL270416C00150000,CALL,150.0,2027-04-16,354,206,743400,NEUTRAL,MID,PENDIENTE,,,1.0
2026-10-02,ORCL,ORCL261009P00140000,PUT,140.0,2026-10-09,2413,1580,627380,NEUTRAL,MID,PENDIENTE,,,0.125
2026-10-02,ORCL,ORCL261023C00137000,CALL,137.0,2026-10-23,607,590,558440,BAJISTA,BID,PENDIENTE,,,0.25
2026-10-02,OTIS,OTIS270319P00062500,PUT,62.5,2027-03-19,301,84,111370,BAJISTA,ASK,PENDIENTE,,,1.0
2026-10-02,OTIS,OTIS261120C00067500,CALL,67.5,2026-11-20,836,49,101156,NEUTRAL,MID,PENDIENTE,,,1.0
2026-10-02,PANW,PANW261016P00395000,PUT,395.0,2026-10-16,359,69,404593,BAJISTA,ASK,PENDIENTE,,,1.0
2026-10-02,PANW,PANW271217C00730000,CALL,730.0,2027-12-17,642,18,2301570,NEUTRAL,MID,PENDIENTE,,,1.0
2026-10-02,PANW,PANW270917C00760000,CALL,760.0,2027-09-17,195,45,440700,NEUTRAL,MID,PENDIENTE,,,1.0
2026-10-02,PSKY,PSKY261218C00009000,CALL,9.0,2026-12-18,38156,425,4616876,BAJISTA,BID,PENDIENTE,,,1.0
2026-10-02,PSKY,PSKY280616C00012000,CALL,12.0,2028-06-16,2476,0,433300,NEUTRAL,MID,PENDIENTE,,,1.0
2026-10-02,PSKY,PSKY261120C00010000,CALL,10.0,2026-11-20,11163,7561,613965,BAJISTA,BID,PENDIENTE,,,1.0
2026-10-02,PSKY,PSKY261016C00010000,CALL,10.0,2026-10-16,18994,14672,531832,NEUTRAL,MID,PENDIENTE,,,1.0
2026-10-02,PSKY,PSKY261009P00009500,PUT,9.5,2026-10-09,8139,5080,260448,NEUTRAL,MID,PENDIENTE,,,0.5
2026-10-02,PSKY,PSKY270319P00015000,PUT,15.0,2027-03-19,124,5,72292,NEUTRAL,MID,PENDIENTE,,,1.0
2026-10-02,PYPL,PYPL261113C00060000,CALL,60.0,2026-11-13,1267,21,121632,ALCISTA,ASK,PENDIENTE,,,1.0
2026-10-02,PYPL,PYPL261009C00054000,CALL,54.0,2026-10-09,3335,768,156745,BAJISTA,BID,PENDIENTE,,,0.5
2026-10-02,PYPL,PYPL261009C00053000,CALL,53.0,2026-10-09,1389,369,116676,NEUTRAL,MID,PENDIENTE,,,0.125
2026-10-02,PYPL,PYPL261009C00055000,CALL,55.0,2026-10-09,2499,1356,67473,NEUTRAL,MID,PENDIENTE,,,0.5
2026-10-02,PYPL,PYPL261009P00054000,PUT,54.0,2026-10-09,1034,124,167508,NEUTRAL,MID,PENDIENTE,,,0.125
2026-10-02,PYPL,PYPL261009P00052000,PUT,52.0,2026-10-09,1192,573,61984,ALCISTA,BID,PENDIENTE,,,0.125
2026-10-02,PNR,PNR270115C00055000,CALL,55.0,2027-01-15,301,34,105350,ALCISTA,ASK,PENDIENTE,,,1.0
2026-10-02,PEP,PEP261009C00126000,CALL,126.0,2026-10-09,486,60,114210,NEUTRAL,MID,PENDIENTE,,,0.5
2026-10-02,PEP,PEP261009C00132000,CALL,132.0,2026-10-09,1147,558,56203,ALCISTA,ASK,PENDIENTE,,,0.5
2026-10-02,PEP,PEP261009P00126000,PUT,126.0,2026-10-09,355,242,84135,NEUTRAL,MID,PENDIENTE,,,0.5
2026-10-02,PFE,PFE261120P00025000,PUT,25.0,2026-11-20,35213,24510,809899,BAJISTA,ASK,PENDIENTE,,,1.0
2026-10-02,PFE,PFE261106P00029000,PUT,29.0,2026-11-06,1204,3,235984,BAJISTA,ASK,PENDIENTE,,,0.25
2026-10-02,PFE,PFE261009C00028000,CALL,28.0,2026-10-09,2212,1471,53088,ALCISTA,ASK,PENDIENTE,,,0.5
2026-10-02,PFE,PFE261016P00030500,PUT,30.5,2026-10-16,804,17,225120,BAJISTA,ASK,PENDIENTE,,,0.3
2026-10-02,PFE,PFE261030C00027500,CALL,27.5,2026-10-30,1289,167,112143,BAJISTA,BID,PENDIENTE,,,1.0
2026-10-02,PFE,PFE261016P00029000,PUT,29.0,2026-10-16,933,621,132486,BAJISTA,ASK,PENDIENTE,,,1.0
2026-10-02,PFE,PFE261106P00034000,PUT,34.0,2026-11-06,802,0,544558,BAJISTA,ASK,PENDIENTE,,,0.075
2026-10-02,PFE,PFE261016P00027500,PUT,27.5,2026-10-16,1673,748,53536,BAJISTA,ASK,PENDIENTE,,,0.25
2026-10-02,PFE,PFE261009C00027500,CALL,27.5,2026-10-09,1044,566,53244,ALCISTA,ASK,PENDIENTE,,,0.5
2026-10-02,PFE,PFE261106P00028500,PUT,28.5,2026-11-06,403,52,64883,BAJISTA,ASK,PENDIENTE,,,0.25
2026-10-02,PFE,PFE261016P00029500,PUT,29.5,2026-10-16,1212,157,230280,NEUTRAL,MID,PENDIENTE,,,0.3
2026-10-02,PFE,PFE261106P00033500,PUT,33.5,2026-11-06,1411,0,843778,NEUTRAL,MID,PENDIENTE,,,0.075
2026-10-02,PFE,PFE261106P00033000,PUT,33.0,2026-11-06,1204,0,668220,NEUTRAL,MID,PENDIENTE,,,0.075
2026-10-02,PFE,PFE261016P00030000,PUT,30.0,2026-10-16,1422,262,314262,NEUTRAL,MID,PENDIENTE,,,0.075
2026-10-02,PFE,PFE261106P00032500,PUT,32.5,2026-11-06,804,0,418080,NEUTRAL,MID,PENDIENTE,,,0.075
2026-10-02,PFE,PFE261106P00031000,PUT,31.0,2026-11-06,228,0,81852,NEUTRAL,MID,PENDIENTE,,,0.3
2026-10-02,PFE,PFE261106P00029500,PUT,29.5,2026-11-06,408,369,95472,NEUTRAL,MID,PENDIENTE,,,0.25
2026-10-02,PCG,PCG270617C00018000,CALL,18.0,2027-06-17,1501,0,79553,ALCISTA,ASK,PENDIENTE,,,1.0
2026-10-02,PCG,PCG261030C00004000,CALL,4.0,2026-10-30,276,1,231840,BAJISTA,BID,PENDIENTE,,,0.3
2026-10-02,PCG,PCG261023C00001000,CALL,1.0,2026-10-23,186,181,211482,NEUTRAL,MID,PENDIENTE,,,0.3
2026-10-02,PM,PM261009C00187500,CALL,187.5,2026-10-09,688,22,218784,ALCISTA,ASK,PENDIENTE,,,0.5
2026-10-02,PM,PM261009P00187500,PUT,187.5,2026-10-09,376,19,87984,NEUTRAL,MID,PENDIENTE,,,0.5
2026-10-02,PM,PM261030C00195000,CALL,195.0,2026-10-30,636,181,241680,NEUTRAL,MID,PENDIENTE,,,1.0
2026-10-02,PM,PM261009P00190000,PUT,190.0,2026-10-09,192,19,71040,NEUTRAL,MID,PENDIENTE,,,0.5
2026-10-02,PM,PM261218C00185000,CALL,185.0,2026-12-18,196,188,248136,NEUTRAL,MID,PENDIENTE,,,1.0
2026-10-02,PSX,PSX270319C00270000,CALL,270.0,2027-03-19,228,37,684000,NEUTRAL,MID,PENDIENTE,,,1.0
2026-10-02,PSX,PSX280121P00210000,PUT,210.0,2028-01-21,200,41,400000,NEUTRAL,MID,PENDIENTE,,,0.25
2026-10-02,PSX,PSX280121C00260000,CALL,260.0,2028-01-21,200,133,1064000,BAJISTA,BID,PENDIENTE,,,0.25
2026-10-02,PSX,PSX261218C00240000,CALL,240.0,2026-12-18,143,137,430144,BAJISTA,BID,PENDIENTE,,,1.0
2026-10-02,PNW,PNW261218C00100000,CALL,100.0,2026-12-18,1324,72,264800,ALCISTA,ASK,PENDIENTE,,,1.0
2026-10-02,PNC,PNC261016C00222500,CALL,222.5,2026-10-16,191,12,76400,ALCISTA,ASK,PENDIENTE,,,1.0
2026-10-02,PG,PG261023C00145000,CALL,145.0,2026-10-23,152,77,50464,NEUTRAL,MID,PENDIENTE,,,1.0
2026-10-02,PGR,PGR261218C00230000,CALL,230.0,2026-12-18,239,200,76480,NEUTRAL,MID,PENDIENTE,,,1.0
2026-10-02,OXY,OXY261009C00059000,CALL,59.0,2026-10-09,9351,461,617166,NEUTRAL,MID,PENDIENTE,,,0.5
2026-10-02,OXY,OXY261009C00060000,CALL,60.0,2026-10-09,19165,486,670775,BAJISTA,BID,PENDIENTE,,,0.125
2026-10-02,OXY,OXY261009C00062000,CALL,62.0,2026-10-09,14391,249,172692,ALCISTA,ASK,PENDIENTE,,,0.125
2026-10-02,OXY,OXY261030C00068000,CALL,68.0,2026-10-30,8295,13,107835,NEUTRAL,MID,PENDIENTE,,,1.0
2026-10-02,OXY,OXY261016P00055000,PUT,55.0,2026-10-16,4171,2938,175182,NEUTRAL,MID,PENDIENTE,,,1.0
2026-10-02,OXY,OXY270917P00057500,PUT,57.5,2027-09-17,235,5,160035,NEUTRAL,MID,PENDIENTE,,,0.25
2026-10-02,OXY,OXY261009C00058000,CALL,58.0,2026-10-09,1035,677,98325,BAJISTA,BID,PENDIENTE,,,0.5
2026-10-02,OXY,OXY270917C00067500,CALL,67.5,2027-09-17,190,60,87020,BAJISTA,BID,PENDIENTE,,,0.25
2026-10-02,PRU,PRU261218C00115000,CALL,115.0,2026-12-18,801,627,320400,NEUTRAL,MID,PENDIENTE,,,1.0
2026-10-02,PEG,PEG261218P00075000,PUT,75.0,2026-12-18,110,3,78100,ALCISTA,BID,PENDIENTE,,,1.0
2026-10-02,PTC,PTC261016P00140000,PUT,140.0,2026-10-16,1415,916,537700,BAJISTA,ASK,PENDIENTE,,,1.0
2026-10-02,NVDA,NVDA261009C00240000,CALL,240.0,2026-10-09,115412,19594,13618616,BAJISTA,BID,PENDIENTE,,,0.5
2026-10-02,NVDA,NVDA261007C00235000,CALL,235.0,2026-10-07,15913,2925,3484947,BAJISTA,BID,PENDIENTE,,,0.5
2026-10-02,NVDA,NVDA261005P00232500,PUT,232.5,2026-10-05,38470,980,3808530,BAJISTA,ASK,PENDIENTE,,,0.125
2026-10-02,NVDA,NVDA261007P00235000,PUT,235.0,2026-10-07,11145,231,3622125,BAJISTA,ASK,PENDIENTE,,,0.5
2026-10-02,NVDA,NVDA261005P00235000,PUT,235.0,2026-10-05,66236,1222,14571920,BAJISTA,ASK,PENDIENTE,,,0.125
2026-10-02,NVDA,NVDA261009P00235000,PUT,235.0,2026-10-09,21704,2635,8356040,BAJISTA,ASK,PENDIENTE,,,0.125
2026-10-02,NVDA,NVDA261009P00237500,PUT,237.5,2026-10-09,6893,508,3618825,BAJISTA,ASK,PENDIENTE,,,0.125
2026-10-02,NVDA,NVDA261005C00235000,CALL,235.0,2026-10-05,69686,13900,7874518,NEUTRAL,MID,PENDIENTE,,,0.125
2026-10-02,NVDA,NVDA261023P00235000,PUT,235.0,2026-10-23,11026,626,7277160,NEUTRAL,MID,PENDIENTE,,,1.0
2026-10-02,NVDA,NVDA261023C00240000,CALL,240.0,2026-10-23,8397,7859,3266433,BAJISTA,BID,PENDIENTE,,,1.0
2026-10-02,NVDA,NVDA261009P00230000,PUT,230.0,2026-10-09,20799,19561,3681423,BAJISTA,ASK,PENDIENTE,,,0.125
2026-10-02,NVDA,NVDA261005P00237500,PUT,237.5,2026-10-05,19462,280,7492870,ALCISTA,BID,PENDIENTE,,,0.125
2026-10-02,NVDA,NVDA261009C00237500,CALL,237.5,2026-10-09,17629,5019,3437655,NEUTRAL,MID,PENDIENTE,,,0.125
2026-10-02,NVDA,NVDA261005C00232500,CALL,232.5,2026-10-05,14572,5531,3555568,NEUTRAL,MID,PENDIENTE,,,0.5
2026-10-02,NVDA,NVDA261009P00240000,PUT,240.0,2026-10-09,8281,1085,5796700,NEUTRAL,MID,PENDIENTE,,,0.125
2026-10-02,NVDA,NVDA261016P00237500,PUT,237.5,2026-10-16,7765,433,5280200,NEUTRAL,MID,PENDIENTE,,,0.25
2026-10-02,NVDA,NVDA261007C00220000,CALL,220.0,2026-10-07,6033,533,8597025,BAJISTA,BID,PENDIENTE,,,0.15
2026-10-02,NVDA,NVDA261009C00212500,CALL,212.5,2026-10-09,1694,598,3745434,ALCISTA,ASK,PENDIENTE,,,0.15
2026-10-02,NVDA,NVDA261016C00232500,CALL,232.5,2026-10-16,11016,5712,6741792,NEUTRAL,MID,PENDIENTE,,,1.0
2026-10-02,NVDA,NVDA261007P00245000,PUT,245.0,2026-10-07,3176,132,3588880,BAJISTA,ASK,PENDIENTE,,,0.037
2026-10-02,NVDA,NVDA261009C00207500,CALL,207.5,2026-10-09,2122,187,5729400,NEUTRAL,MID,PENDIENTE,,,0.15
2026-10-02,NVDA,NVDA261005P00240000,PUT,240.0,2026-10-05,8554,767,5346250,NEUTRAL,MID,PENDIENTE,,,0.15
2026-10-02,NVDA,NVDA261009C00217500,CALL,217.5,2026-10-09,3109,2997,5363025,ALCISTA,ASK,PENDIENTE,,,0.15
2026-10-02,NVDA,NVDA261016P00235000,PUT,235.0,2026-10-16,7329,4876,3950331,ALCISTA,BID,PENDIENTE,,,0.25
2026-10-02,NVDA,NVDA261007C00222500,CALL,222.5,2026-10-07,2794,265,3296920,NEUTRAL,MID,PENDIENTE,,,0.037
2026-10-02,PWR,PWR261218P00660000,PUT,660.0,2026-12-18,170,23,708900,NEUTRAL,MID,PENDIENTE,,,1.0
2026-10-02,PWR,PWR270115C00840000,CALL,840.0,2027-01-15,118,51,182900,NEUTRAL,MID,PENDIENTE,,,1.0
2026-10-02,DGX,DGX261120C00250000,CALL,250.0,2026-11-20,225,134,61875,BAJISTA,BID,PENDIENTE,,,1.0
2026-10-02,QCOM,QCOM261009C00195000,CALL,195.0,2026-10-09,2595,586,298425,ALCISTA,ASK,PENDIENTE,,,0.125
2026-10-02,QCOM,QCOM261009C00190000,CALL,190.0,2026-10-09,3243,935,745890,NEUTRAL,MID,PENDIENTE,,,0.125
2026-10-02,QCOM,QCOM261009P00177500,PUT,177.5,2026-10-09,551,140,75487,NEUTRAL,MID,PENDIENTE,,,0.5
2026-10-02,QCOM,QCOM261009P00180000,PUT,180.0,2026-10-09,1090,1021,228900,NEUTRAL,MID,PENDIENTE,,,0.5
2026-10-02,QCOM,QCOM261030P00195000,PUT,195.0,2026-10-30,143,48,203060,NEUTRAL,MID,PENDIENTE,,,1.0
2026-10-02,QCOM,QCOM261009C00192500,CALL,192.5,2026-10-09,414,411,68724,NEUTRAL,MID,PENDIENTE,,,0.5
2026-10-02,QCOM,QCOM261009P00187500,PUT,187.5,2026-10-09,225,149,118800,ALCISTA,BID,PENDIENTE,,,0.5
2026-10-02,RL,RL261120C00370000,CALL,370.0,2026-11-20,279,20,506385,NEUTRAL,MID,PENDIENTE,,,1.0
2026-10-02,RTX,RTX261009C00187500,CALL,187.5,2026-10-09,877,96,127165,ALCISTA,ASK,PENDIENTE,,,0.5
2026-10-02,RTX,RTX261009C00190000,CALL,190.0,2026-10-09,775,363,51925,ALCISTA,ASK,PENDIENTE,,,0.5
2026-10-02,RTX,RTX261218C00220000,CALL,220.0,2026-12-18,2607,1441,286770,NEUTRAL,MID,PENDIENTE,,,1.0
2026-10-02,RTX,RTX261009C00185000,CALL,185.0,2026-10-09,282,117,64296,NEUTRAL,MID,PENDIENTE,,,0.5
2026-10-02,RTX,RTX261016C00190000,CALL,190.0,2026-10-16,548,460,84940,NEUTRAL,MID,PENDIENTE,,,1.0
2026-10-02,RTX,RTX261009P00185000,PUT,185.0,2026-10-09,556,301,120652,NEUTRAL,MID,PENDIENTE,,,0.5
2026-10-02,REGN,REGN261016C00760000,CALL,760.0,2026-10-16,100,7,69000,NEUTRAL,MID,PENDIENTE,,,1.0
2026-10-02,REGN,REGN261009C00735000,CALL,735.0,2026-10-09,106,4,121900,NEUTRAL,MID,PENDIENTE,,,0.5
2026-10-02,RMD,RMD270115P00210000,PUT,210.0,2027-01-15,1134,149,1168020,NEUTRAL,MID,PENDIENTE,,,1.0
2026-10-02,RMD,RMD261218C00240000,CALL,240.0,2026-12-18,222,0,133200,NEUTRAL,MID,PENDIENTE,,,1.0
2026-10-02,RDDT,RDDT261030C00150000,CALL,150.0,2026-10-30,1044,250,1130652,NEUTRAL,MID,PENDIENTE,,,1.0
2026-10-02,RDDT,RDDT261009P00142000,PUT,142.0,2026-10-09,1665,177,299700,BAJISTA,ASK,PENDIENTE,,,0.125
2026-10-02,RDDT,RDDT261009C00150000,CALL,150.0,2026-10-09,1476,494,494460,ALCISTA,ASK,PENDIENTE,,,0.125
2026-10-02,RDDT,RDDT261009C00152500,CALL,152.5,2026-10-09,2296,437,578592,NEUTRAL,MID,PENDIENTE,,,0.125
2026-10-02,RDDT,RDDT261009C00149000,CALL,149.0,2026-10-09,750,207,285000,ALCISTA,ASK,PENDIENTE,,,0.125
2026-10-02,RDDT,RDDT261023C00165000,CALL,165.0,2026-10-23,993,264,268110,NEUTRAL,MID,PENDIENTE,,,1.0
2026-10-02,RDDT,RDDT261009C00165000,CALL,165.0,2026-10-09,3864,810,166152,NEUTRAL,MID,PENDIENTE,,,0.5
2026-10-02,RDDT,RDDT261009P00138000,PUT,138.0,2026-10-09,2854,204,245444,NEUTRAL,MID,PENDIENTE,,,0.125
2026-10-02,RDDT,RDDT261030C00145000,CALL,145.0,2026-10-30,147,53,199185,ALCISTA,ASK,PENDIENTE,,,1.0
2026-10-02,RDDT,RDDT261009C00147000,CALL,147.0,2026-10-09,876,148,420480,NEUTRAL,MID,PENDIENTE,,,0.125
2026-10-02,RDDT,RDDT261009C00155000,CALL,155.0,2026-10-09,1818,847,318150,NEUTRAL,MID,PENDIENTE,,,0.125
2026-10-02,RDDT,RDDT261009C00145000,CALL,145.0,2026-10-09,375,170,223500,NEUTRAL,MID,PENDIENTE,,,0.5
2026-10-02,RDDT,RDDT261016C00148000,CALL,148.0,2026-10-16,135,101,83700,NEUTRAL,MID,PENDIENTE,,,1.0
2026-10-02,RDDT,RDDT261009C00160000,CALL,160.0,2026-10-09,1534,886,134992,BAJISTA,BID,PENDIENTE,,,0.125
2026-10-02,RDDT,RDDT261009C00157500,CALL,157.5,2026-10-09,532,394,62776,NEUTRAL,MID,PENDIENTE,,,0.5
2026-10-02,RDDT,RDDT261009C00148000,CALL,148.0,2026-10-09,232,115,96048,BAJISTA,BID,PENDIENTE,,,0.125
2026-10-02,RDDT,RDDT261009P00147000,PUT,147.0,2026-10-09,178,157,66038,NEUTRAL,MID,PENDIENTE,,,0.5
2026-10-02,RDDT,RDDT261023C00170000,CALL,170.0,2026-10-23,281,220,53109,NEUTRAL,MID,PENDIENTE,,,1.0
2026-10-02,RDDT,RDDT261009C00142000,CALL,142.0,2026-10-09,115,23,91655,NEUTRAL,MID,PENDIENTE,,,0.125
2026-10-02,RDDT,RDDT261009C00144000,CALL,144.0,2026-10-09,122,67,83326,ALCISTA,ASK,PENDIENTE,,,0.125
2026-10-02,RDDT,RDDT261009C00143000,CALL,143.0,2026-10-09,119,40,86275,NEUTRAL,MID,PENDIENTE,,,0.125
2026-10-02,RDDT,RDDT261009P00148000,PUT,148.0,2026-10-09,133,102,55328,NEUTRAL,MID,PENDIENTE,,,0.125
2026-10-02,NUE,NUE261218C00260000,CALL,260.0,2026-12-18,179,155,171840,NEUTRAL,MID,PENDIENTE,,,1.0
2026-10-02,RCL,RCL261218P00250000,PUT,250.0,2026-12-18,7001,5870,6937991,ALCISTA,BID,PENDIENTE,,,1.0
2026-10-02,RCL,RCL261218P00220000,PUT,220.0,2026-12-18,14027,7072,5077774,NEUTRAL,MID,PENDIENTE,,,1.0
2026-10-02,RCL,RCL261009C00257500,CALL,257.5,2026-10-09,341,337,641762,BAJISTA,BID,PENDIENTE,,,0.15
2026-10-02,RCL,RCL261016C00285000,CALL,285.0,2026-10-16,132,70,73920,NEUTRAL,MID,PENDIENTE,,,0.25
2026-10-02,RCL,RCL261016P00280000,PUT,280.0,2026-10-16,106,86,96990,NEUTRAL,MID,PENDIENTE,,,0.25
2026-10-02,NOW,NOW261113C00170000,CALL,170.0,2026-11-13,501,0,98196,ALCISTA,ASK,PENDIENTE,,,1.0
2026-10-02,NOW,NOW261030P00130000,PUT,130.0,2026-10-30,435,250,282750,BAJISTA,ASK,PENDIENTE,,,1.0
2026-10-02,NOW,NOW261009P00129000,PUT,129.0,2026-10-09,881,150,112768,BAJISTA,ASK,PENDIENTE,,,0.125
2026-10-02,NOW,NOW261009P00133000,PUT,133.0,2026-10-09,526,138,143598,BAJISTA,ASK,PENDIENTE,,,0.125
2026-10-02,NOW,NOW261009P00132000,PUT,132.0,2026-10-09,511,252,119063,BAJISTA,ASK,PENDIENTE,,,0.125
2026-10-02,NOW,NOW261009P00134000,PUT,134.0,2026-10-09,691,191,214210,NEUTRAL,MID,PENDIENTE,,,0.125
2026-10-02,NOW,NOW261009P00130000,PUT,130.0,2026-10-09,1278,467,198090,ALCISTA,BID,PENDIENTE,,,0.125
2026-10-02,NOW,NOW261009P00135000,PUT,135.0,2026-10-09,506,195,197340,BAJISTA,ASK,PENDIENTE,,,0.125
2026-10-02,NOW,NOW261009C00136000,CALL,136.0,2026-10-09,707,222,188769,NEUTRAL,MID,PENDIENTE,,,0.125
2026-10-02,NOW,NOW261016P00129000,PUT,129.0,2026-10-16,250,134,65750,BAJISTA,ASK,PENDIENTE,,,0.25
2026-10-02,NOW,NOW261009C00129000,CALL,129.0,2026-10-09,142,73,94430,BAJISTA,BID,PENDIENTE,,,0.5
2026-10-02,NOW,NOW261009C00133000,CALL,133.0,2026-10-09,331,270,124456,BAJISTA,BID,PENDIENTE,,,0.5
2026-10-02,NOW,NOW261009C00137000,CALL,137.0,2026-10-09,492,225,113160,NEUTRAL,MID,PENDIENTE,,,0.125
2026-10-02,NOW,NOW261009C00130000,CALL,130.0,2026-10-09,129,100,72885,BAJISTA,BID,PENDIENTE,,,0.5
2026-10-02,NOW,NOW261030P00140000,PUT,140.0,2026-10-30,110,89,128700,NEUTRAL,MID,PENDIENTE,,,1.0
2026-10-02,NOW,NOW261016P00141000,PUT,141.0,2026-10-16,101,84,83830,ALCISTA,BID,PENDIENTE,,,0.25
2026-10-02,NXPI,NXPI270617C00260000,CALL,260.0,2027-06-17,150,83,502500,ALCISTA,ASK,PENDIENTE,,,0.25
2026-10-02,NXPI,NXPI270617C00320000,CALL,320.0,2027-06-17,150,30,241500,NEUTRAL,MID,PENDIENTE,,,0.25
2026-10-02,SPGI,SPGI280121P00350000,PUT,350.0,2028-01-21,127,36,374650,NEUTRAL,MID,PENDIENTE,,,1.0
2026-10-02,SNDK,SNDK261009C01850000,CALL,1850.0,2026-10-09,2466,503,3403080,ALCISTA,ASK,PENDIENTE,,,0.125
2026-10-02,SNDK,SNDK261009C01800000,CALL,1800.0,2026-10-09,2729,559,6467730,ALCISTA,ASK,PENDIENTE,,,0.125
2026-10-02,SNDK,SNDK261009C01750000,CALL,1750.0,2026-10-09,1583,311,6221190,NEUTRAL,MID,PENDIENTE,,,0.5
2026-10-02,SNDK,SNDK261009C01730000,CALL,1730.0,2026-10-09,880,102,4184400,NEUTRAL,MID,PENDIENTE,,,0.5
2026-10-02,SNDK,SNDK261009C01760000,CALL,1760.0,2026-10-09,863,63,3089540,NEUTRAL,MID,PENDIENTE,,,0.5
2026-10-02,SNDK,SNDK261009C01775000,CALL,1775.0,2026-10-09,599,75,1844321,ALCISTA,ASK,PENDIENTE,,,0.125
2026-10-02,SNDK,SNDK261016C01800000,CALL,1800.0,2026-10-16,1220,1115,5697400,ALCISTA,ASK,PENDIENTE,,,1.0
2026-10-02,SNDK,SNDK261009P01700000,PUT,1700.0,2026-10-09,1173,334,4926600,BAJISTA,ASK,PENDIENTE,,,0.125
2026-10-02,SNDK,SNDK280915P01740000,PUT,1740.0,2028-09-15,140,14,7672000,BAJISTA,ASK,PENDIENTE,,,1.0
2026-10-02,SNDK,SNDK261009C01720000,CALL,1720.0,2026-10-09,1155,81,6052200,BAJISTA,BID,PENDIENTE,,,0.125
2026-10-02,SNDK,SNDK271217P01760000,PUT,1760.0,2027-12-17,117,0,5335200,BAJISTA,ASK,PENDIENTE,,,1.0
2026-10-02,SNDK,SNDK261009C01725000,CALL,1725.0,2026-10-09,1002,36,4999980,NEUTRAL,MID,PENDIENTE,,,0.125
2026-10-02,SNDK,SNDK261009C01740000,CALL,1740.0,2026-10-09,785,132,3414750,NEUTRAL,MID,PENDIENTE,,,0.125
2026-10-02,SNDK,SNDK270219C02050000,CALL,2050.0,2027-02-19,202,182,3543080,ALCISTA,ASK,PENDIENTE,,,1.0
2026-10-02,SNDK,SNDK261218C01730000,CALL,1730.0,2026-12-18,139,116,2877300,ALCISTA,ASK,PENDIENTE,,,1.0
2026-10-02,SNDK,SNDK261009P01695000,PUT,1695.0,2026-10-09,646,44,2519400,NEUTRAL,MID,PENDIENTE,,,0.125
2026-10-02,SNDK,SNDK261009C01745000,CALL,1745.0,2026-10-09,483,86,1998654,NEUTRAL,MID,PENDIENTE,,,0.125
2026-10-02,SNDK,SNDK261120P01780000,PUT,1780.0,2026-11-20,102,39,1982064,BAJISTA,ASK,PENDIENTE,,,1.0
2026-10-02,SNDK,SNDK261009P01650000,PUT,1650.0,2026-10-09,1177,324,2650604,NEUTRAL,MID,PENDIENTE,,,0.125
2026-10-02,SNDK,SNDK261016C01735000,CALL,1735.0,2026-10-16,354,117,2510568,NEUTRAL,MID,PENDIENTE,,,0.25
2026-10-02,SNDK,SNDK261016C01755000,CALL,1755.0,2026-10-16,294,111,1811040,BAJISTA,BID,PENDIENTE,,,0.25
2026-10-02,SNDK,SNDK261009P01725000,PUT,1725.0,2026-10-09,368,65,1901088,ALCISTA,BID,PENDIENTE,,,0.125
2026-10-02,SNDK,SNDK261009P01720000,PUT,1720.0,2026-10-09,488,71,2492704,NEUTRAL,MID,PENDIENTE,,,0.125
2026-10-02,SNDK,SNDK261009C01700000,CALL,1700.0,2026-10-09,945,225,5930820,NEUTRAL,MID,PENDIENTE,,,0.125
2026-10-02,SNDK,SNDK270319C02200000,CALL,2200.0,2027-03-19,181,130,2859800,NEUTRAL,MID,PENDIENTE,,,1.0
2026-10-02,SNDK,SNDK261009P01750000,PUT,1750.0,2026-10-09,380,261,2679000,BAJISTA,ASK,PENDIENTE,,,0.125
2026-10-02,SNDK,SNDK261009P01730000,PUT,1730.0,2026-10-09,361,228,2032430,NEUTRAL,MID,PENDIENTE,,,0.125
2026-10-02,SWK,SWK261120P00085000,PUT,85.0,2026-11-20,212,63,55968,BAJISTA,ASK,PENDIENTE,,,1.0
2026-10-02,LUV,LUV261023C00045000,CALL,45.0,2026-10-23,1781,101,195910,NEUTRAL,MID,PENDIENTE,,,1.0
2026-10-02,LUV,LUV261030P00042000,PUT,42.0,2026-10-30,301,18,55083,ALCISTA,BID,PENDIENTE,,,1.0
2026-10-02,LUV,LUV261023P00042000,PUT,42.0,2026-10-23,300,71,56100,NEUTRAL,MID,PENDIENTE,,,1.0
2026-10-02,SO,SO261120C00082500,CALL,82.5,2026-11-20,1392,684,492768,NEUTRAL,MID,PENDIENTE,,,1.0
2026-10-02,SO,SO261023P00088000,PUT,88.0,2026-10-23,138,138,61548,BAJISTA,ASK,PENDIENTE,,,0.25
2026-10-02,SO,SO261023P00089000,PUT,89.0,2026-10-23,138,0,74796,NEUTRAL,MID,PENDIENTE,,,0.075
2026-10-02,STT,STT280121C00280000,CALL,280.0,2028-01-21,813,1,252030,NEUTRAL,MID,PENDIENTE,,,1.0
2026-10-02,ON,ON270219C00110000,CALL,110.0,2027-02-19,914,53,475280,ALCISTA,ASK,PENDIENTE,,,1.0
2026-10-02,ON,ON261016C00090000,CALL,90.0,2026-10-16,4525,4097,760200,ALCISTA,ASK,PENDIENTE,,,1.0
2026-10-02,ON,ON280121C00110000,CALL,110.0,2028-01-21,3248,1560,5303984,NEUTRAL,MID,PENDIENTE,,,1.0
2026-10-02,ON,ON261120P00090000,PUT,90.0,2026-11-20,850,66,867000,ALCISTA,BID,PENDIENTE,,,1.0
2026-10-02,ON,ON261009P00084000,PUT,84.0,2026-10-09,682,0,146630,BAJISTA,ASK,PENDIENTE,,,0.125
2026-10-02,ON,ON261113C00083000,CALL,83.0,2026-11-13,105,0,91875,ALCISTA,ASK,PENDIENTE,,,1.0
2026-10-02,ON,ON280121P00045000,PUT,45.0,2028-01-21,500,87,172500,NEUTRAL,MID,PENDIENTE,,,1.0
2026-10-02,ON,ON261009C00086000,CALL,86.0,2026-10-09,557,55,103045,BAJISTA,BID,PENDIENTE,,,0.125
2026-10-02,ON,ON261030P00081000,PUT,81.0,2026-10-30,707,0,246036,NEUTRAL,MID,PENDIENTE,,,0.25
2026-10-02,ON,ON261030C00083000,CALL,83.0,2026-10-30,566,10,333940,BAJISTA,BID,PENDIENTE,,,0.25
2026-10-02,ON,ON261009C00085000,CALL,85.0,2026-10-09,572,75,132132,BAJISTA,BID,PENDIENTE,,,0.125
2026-10-02,ON,ON261009C00084000,CALL,84.0,2026-10-09,285,72,80370,NEUTRAL,MID,PENDIENTE,,,0.5
2026-10-02,ON,ON270319C00105000,CALL,105.0,2027-03-19,288,254,213120,NEUTRAL,MID,PENDIENTE,,,1.0
2026-10-02,ON,ON261016C00079000,CALL,79.0,2026-10-16,110,44,67650,BAJISTA,BID,PENDIENTE,,,1.0
2026-10-02,SBUX,SBUX261009C00096000,CALL,96.0,2026-10-09,1228,123,98240,NEUTRAL,MID,PENDIENTE,,,0.5
2026-10-02,SBUX,SBUX261009P00096000,PUT,96.0,2026-10-09,869,95,165110,ALCISTA,BID,PENDIENTE,,,0.5
2026-10-02,SYF,SYF261016C00072500,CALL,72.5,2026-10-16,4083,3579,694110,ALCISTA,ASK,PENDIENTE,,,1.0
2026-10-02,STX,STX261120C00950000,CALL,950.0,2026-11-20,5248,128,27552000,NEUTRAL,MID,PENDIENTE,,,1.0
2026-10-02,STX,STX261120C01150000,CALL,1150.0,2026-11-20,5090,146,8500300,NEUTRAL,MID,PENDIENTE,,,1.0
2026-10-02,STX,STX261218C01060000,CALL,1060.0,2026-12-18,780,57,3266640,BAJISTA,BID,PENDIENTE,,,1.0
2026-10-02,STX,STX270617P00600000,PUT,600.0,2027-06-17,217,47,1349740,BAJISTA,ASK,PENDIENTE,,,1.0
2026-10-02,STX,STX261218P00700000,PUT,700.0,2026-12-18,1251,237,4422285,NEUTRAL,MID,PENDIENTE,,,1.0
2026-10-02,STX,STX261009C00850000,CALL,850.0,2026-10-09,516,36,1444800,NEUTRAL,MID,PENDIENTE,,,0.5
2026-10-02,STX,STX261009C00825000,CALL,825.0,2026-10-09,1090,10,4796000,NEUTRAL,MID,PENDIENTE,,,0.5
2026-10-02,STX,STX261009C00900000,CALL,900.0,2026-10-09,1056,143,1161600,NEUTRAL,MID,PENDIENTE,,,0.5
2026-10-02,STX,STX261120P00580000,PUT,580.0,2026-11-20,2370,97,1422000,NEUTRAL,MID,PENDIENTE,,,1.0
2026-10-02,STX,STX261120C00820000,CALL,820.0,2026-11-20,564,67,5775360,NEUTRAL,MID,PENDIENTE,,,1.0
2026-10-02,STX,STX261023C00870000,CALL,870.0,2026-10-23,451,16,1939300,NEUTRAL,MID,PENDIENTE,,,0.25
2026-10-02,STX,STX261009C00800000,CALL,800.0,2026-10-09,246,13,1412778,NEUTRAL,MID,PENDIENTE,,,0.5
2026-10-02,STX,STX261023C00830000,CALL,830.0,2026-10-23,161,8,957950,BAJISTA,BID,PENDIENTE,,,1.0
2026-10-02,STX,STX261023C00920000,CALL,920.0,2026-10-23,416,22,952640,BAJISTA,BID,PENDIENTE,,,0.25
2026-10-02,STX,STX261016C00850000,CALL,850.0,2026-10-16,360,178,1512000,NEUTRAL,MID,PENDIENTE,,,1.0
2026-10-02,STX,STX261016C00860000,CALL,860.0,2026-10-16,319,182,1161479,NEUTRAL,MID,PENDIENTE,,,1.0
2026-10-02,STX,STX261009C00830000,CALL,830.0,2026-10-09,219,41,854100,NEUTRAL,MID,PENDIENTE,,,0.5
2026-10-02,STX,STX261023C00840000,CALL,840.0,2026-10-23,368,3,2131088,NEUTRAL,MID,PENDIENTE,,,0.25
2026-10-02,STX,STX261218C00800000,CALL,800.0,2026-12-18,340,162,4352000,BAJISTA,BID,PENDIENTE,,,1.0
2026-10-02,STX,STX270617C01100000,CALL,1100.0,2027-06-17,168,100,2037000,NEUTRAL,MID,PENDIENTE,,,1.0
2026-10-02,STX,STX270115C00700000,CALL,700.0,2027-01-15,410,240,8323000,BAJISTA,BID,PENDIENTE,,,1.0
2026-10-02,STX,STX261218C01090000,CALL,1090.0,2026-12-18,517,485,1928410,NEUTRAL,MID,PENDIENTE,,,1.0
2026-10-02,STX,STX261218C00880000,CALL,880.0,2026-12-18,118,97,1106368,NEUTRAL,MID,PENDIENTE,,,1.0
2026-10-02,STX,STX261120C00830000,CALL,830.0,2026-11-20,119,75,1161559,NEUTRAL,MID,PENDIENTE,,,1.0
2026-10-02,SMCI,SMCI261009C00045000,CALL,45.0,2026-10-09,17015,3007,1650455,BAJISTA,BID,PENDIENTE,,,0.125
2026-10-02,SMCI,SMCI261009C00044000,CALL,44.0,2026-10-09,14521,1722,2003898,NEUTRAL,MID,PENDIENTE,,,0.125
2026-10-02,SMCI,SMCI261009P00043500,PUT,43.5,2026-10-09,4271,250,602211,BAJISTA,ASK,PENDIENTE,,,0.125
2026-10-02,SMCI,SMCI261009C00047000,CALL,47.0,2026-10-09,12475,1173,598800,NEUTRAL,MID,PENDIENTE,,,0.5
2026-10-02,SMCI,SMCI261009P00043000,PUT,43.0,2026-10-09,3395,243,400610,BAJISTA,ASK,PENDIENTE,,,0.125
2026-10-02,SMCI,SMCI261009C00045500,CALL,45.5,2026-10-09,14262,239,1169484,NEUTRAL,MID,PENDIENTE,,,0.125
2026-10-02,SMCI,SMCI261009C00043500,CALL,43.5,2026-10-09,16254,2456,2600640,NEUTRAL,MID,PENDIENTE,,,0.125
2026-10-02,SMCI,SMCI261009P00045000,PUT,45.0,2026-10-09,1301,78,292725,ALCISTA,BID,PENDIENTE,,,0.5
2026-10-02,SMCI,SMCI261009C00046000,CALL,46.0,2026-10-09,13908,4615,959652,NEUTRAL,MID,PENDIENTE,,,0.125
2026-10-02,SMCI,SMCI261009C00032000,CALL,32.0,2026-10-09,270,37,318330,ALCISTA,ASK,PENDIENTE,,,0.15
2026-10-02,SMCI,SMCI261009P00044000,PUT,44.0,2026-10-09,2585,64,429110,ALCISTA,BID,PENDIENTE,,,0.125
2026-10-02,SMCI,SMCI270521C00025000,CALL,25.0,2027-05-21,138,0,289110,BAJISTA,BID,PENDIENTE,,,1.0
2026-10-02,SMCI,SMCI261009C00044500,CALL,44.5,2026-10-09,1859,889,217503,NEUTRAL,MID,PENDIENTE,,,0.5
2026-10-02,SMCI,SMCI261030C00043000,CALL,43.0,2026-10-30,1167,442,420120,BAJISTA,BID,PENDIENTE,,,1.0
2026-10-02,SMCI,SMCI261016P00042500,PUT,42.5,2026-10-16,1090,728,176580,BAJISTA,ASK,PENDIENTE,,,0.25
2026-10-02,SMCI,SMCI261016P00044000,PUT,44.0,2026-10-16,918,148,211140,ALCISTA,BID,PENDIENTE,,,0.25
2026-10-02,SMCI,SMCI261030P00042000,PUT,42.0,2026-10-30,745,356,176565,NEUTRAL,MID,PENDIENTE,,,1.0
2026-10-02,SMCI,SMCI270917C00035000,CALL,35.0,2027-09-17,218,141,376922,NEUTRAL,MID,PENDIENTE,,,1.0
2026-10-02,SLB,SLB261120C00050000,CALL,50.0,2026-11-20,10729,1126,2317464,BAJISTA,BID,PENDIENTE,,,1.0
2026-10-02,TGT,TGT261218P00145000,PUT,145.0,2026-12-18,886,435,474010,NEUTRAL,MID,PENDIENTE,,,1.0
2026-10-02,TGT,TGT261009C00149000,CALL,149.0,2026-10-09,322,61,220892,NEUTRAL,MID,PENDIENTE,,,0.125
2026-10-02,TGT,TGT261009C00150000,CALL,150.0,2026-10-09,325,68,197600,NEUTRAL,MID,PENDIENTE,,,0.125
2026-10-02,TGT,TGT261218P00135000,PUT,135.0,2026-12-18,782,744,211140,NEUTRAL,MID,PENDIENTE,,,1.0
2026-10-02,TGT,TGT261009P00157500,PUT,157.5,2026-10-09,278,172,98968,BAJISTA,ASK,PENDIENTE,,,0.125
2026-10-02,TGT,TGT261009C00155000,CALL,155.0,2026-10-09,234,71,65286,NEUTRAL,MID,PENDIENTE,,,0.125
2026-10-02,CRM,CRM270319C00310000,CALL,310.0,2027-03-19,470,331,390100,NEUTRAL,MID,PENDIENTE,,,1.0
2026-10-02,CRM,CRM261016P00225000,PUT,225.0,2026-10-16,342,219,88920,ALCISTA,BID,PENDIENTE,,,1.0
2026-10-02,CRM,CRM261030C00235000,CALL,235.0,2026-10-30,111,98,106560,NEUTRAL,MID,PENDIENTE,,,1.0
2026-10-02,CRM,CRM261009P00237500,PUT,237.5,2026-10-09,363,104,227238,NEUTRAL,MID,PENDIENTE,,,0.125
2026-10-02,CRM,CRM261009P00230000,PUT,230.0,2026-10-09,460,370,120520,NEUTRAL,MID,PENDIENTE,,,0.125
2026-10-02,CRM,CRM261009C00240000,CALL,240.0,2026-10-09,454,424,110776,NEUTRAL,MID,PENDIENTE,,,0.125
2026-10-02,CRM,CRM261009C00242500,CALL,242.5,2026-10-09,294,250,51744,NEUTRAL,MID,PENDIENTE,,,0.125
2026-10-02,TMUS,TMUS270115C00175000,CALL,175.0,2027-01-15,902,669,640420,ALCISTA,ASK,PENDIENTE,,,1.0
2026-10-02,TMUS,TMUS261009C00165000,CALL,165.0,2026-10-09,367,115,67895,NEUTRAL,MID,PENDIENTE,,,0.5
2026-10-02,TTWO,TTWO261120C00190000,CALL,190.0,2026-11-20,755,52,1688935,ALCISTA,ASK,PENDIENTE,,,1.0
2026-10-02,TTWO,TTWO270319C00310000,CALL,310.0,2027-03-19,1513,91,641512,BAJISTA,BID,PENDIENTE,,,1.0
2026-10-02,TTWO,TTWO261009P00210000,PUT,210.0,2026-10-09,259,141,212380,ALCISTA,BID,PENDIENTE,,,0.5
2026-10-02,TTWO,TTWO261009P00207500,PUT,207.5,2026-10-09,109,68,68670,ALCISTA,BID,PENDIENTE,,,0.5
2026-10-02,SNPS,SNPS261009P00487500,PUT,487.5,2026-10-09,110,11,154000,BAJISTA,ASK,PENDIENTE,,,0.5
2026-10-02,SNPS,SNPS261016C00480000,CALL,480.0,2026-10-16,2014,1857,4430800,NEUTRAL,MID,PENDIENTE,,,1.0
2026-10-02,SNPS,SNPS261120P00490000,PUT,490.0,2026-11-20,134,12,415668,NEUTRAL,MID,PENDIENTE,,,1.0
2026-10-02,SNPS,SNPS261120P00500000,PUT,500.0,2026-11-20,152,39,565440,NEUTRAL,MID,PENDIENTE,,,1.0
2026-10-02,TXN,TXN261009C00297500,CALL,297.5,2026-10-09,1366,11,587380,NEUTRAL,MID,PENDIENTE,,,0.5
2026-10-02,TXN,TXN261009C00305000,CALL,305.0,2026-10-09,1438,101,273220,NEUTRAL,MID,PENDIENTE,,,0.5
2026-10-02,TXN,TXN261016P00287500,PUT,287.5,2026-10-16,935,7,492745,NEUTRAL,MID,PENDIENTE,,,0.25
2026-10-02,TXN,TXN261016C00305000,CALL,305.0,2026-10-16,1020,529,405960,ALCISTA,ASK,PENDIENTE,,,0.25
2026-10-02,TXN,TXN261218C00325000,CALL,325.0,2026-12-18,156,0,185640,NEUTRAL,MID,PENDIENTE,,,1.0
2026-10-02,TER,TER261120P00430000,PUT,430.0,2026-11-20,2762,5,10495600,NEUTRAL,MID,PENDIENTE,,,1.0
2026-10-02,TER,TER271217C00640000,CALL,640.0,2027-12-17,250,24,2250000,NEUTRAL,MID,PENDIENTE,,,1.0
2026-10-02,TER,TER270416C00580000,CALL,580.0,2027-04-16,140,26,739200,NEUTRAL,MID,PENDIENTE,,,1.0
2026-10-02,TER,TER261030C00465000,CALL,465.0,2026-10-30,119,2,387107,NEUTRAL,MID,PENDIENTE,,,1.0
2026-10-02,TER,TER271217C00660000,CALL,660.0,2027-12-17,119,40,1018402,NEUTRAL,MID,PENDIENTE,,,1.0
2026-10-02,TER,TER261009C00445000,CALL,445.0,2026-10-09,107,36,185431,NEUTRAL,MID,PENDIENTE,,,0.5
2026-10-02,TMO,TMO261113P00570000,PUT,570.0,2026-11-13,1111,0,583275,BAJISTA,ASK,PENDIENTE,,,1.0
2026-10-02,TMO,TMO261009C00660000,CALL,660.0,2026-10-09,144,17,112608,BAJISTA,BID,PENDIENTE,,,0.5
2026-10-02,TMO,TMO261009P00635000,PUT,635.0,2026-10-09,271,1,99999,BAJISTA,ASK,PENDIENTE,,,0.125
2026-10-02,TMO,TMO261030C00600000,CALL,600.0,2026-10-30,200,200,1237400,BAJISTA,BID,PENDIENTE,,,1.0
2026-10-02,TMO,TMO261009P00650000,PUT,650.0,2026-10-09,272,66,219776,NEUTRAL,MID,PENDIENTE,,,0.125
2026-10-02,TSLA,TSLA261005P00370000,PUT,370.0,2026-10-05,43539,496,13279395,BAJISTA,ASK,PENDIENTE,,,0.125
2026-10-02,TSLA,TSLA261009P00365000,PUT,365.0,2026-10-09,8080,636,3579440,NEUTRAL,MID,PENDIENTE,,,0.5
2026-10-02,TSLA,TSLA261009C00372500,CALL,372.5,2026-10-09,16252,913,10417532,BAJISTA,BID,PENDIENTE,,,0.125
2026-10-02,TSLA,TSLA261005C00372500,CALL,372.5,2026-10-05,28085,856,7161675,BAJISTA,BID,PENDIENTE,,,0.125
2026-10-02,TSLA,TSLA261005C00367500,CALL,367.5,2026-10-05,7203,1057,3637515,BAJISTA,BID,PENDIENTE,,,0.5
2026-10-02,TSLA,TSLA261023P00370000,PUT,370.0,2026-10-23,2280,832,3488400,BAJISTA,ASK,PENDIENTE,,,0.25
2026-10-02,TSLA,TSLA261005P00372500,PUT,372.5,2026-10-05,26924,317,11577320,BAJISTA,ASK,PENDIENTE,,,0.125
2026-10-02,TSLA,TSLA261005P00375000,PUT,375.0,2026-10-05,9697,1218,5818200,BAJISTA,ASK,PENDIENTE,,,0.125
2026-10-02,TSLA,TSLA261009P00370000,PUT,370.0,2026-10-09,13295,994,8774700,NEUTRAL,MID,PENDIENTE,,,0.125
2026-10-02,TSLA,TSLA261005C00375000,CALL,375.0,2026-10-05,36856,1858,6265520,NEUTRAL,MID,PENDIENTE,,,0.125
2026-10-02,TSLA,TSLA261016P00370000,PUT,370.0,2026-10-16,15490,6638,15629410,NEUTRAL,MID,PENDIENTE,,,1.0
2026-10-02,TSLA,TSLA261009C00375000,CALL,375.0,2026-10-09,12580,7781,6843520,ALCISTA,ASK,PENDIENTE,,,0.125
2026-10-02,TSLA,TSLA261009C00380000,CALL,380.0,2026-10-09,11697,2987,4327890,NEUTRAL,MID,PENDIENTE,,,0.125
2026-10-02,TSLA,TSLA261016C00375000,CALL,375.0,2026-10-16,6126,4868,5513400,NEUTRAL,MID,PENDIENTE,,,1.0
2026-10-02,TSLA,TSLA261009P00372500,PUT,372.5,2026-10-09,5408,528,4218240,ALCISTA,BID,PENDIENTE,,,0.125
2026-10-02,TSLA,TSLA261023P00400000,PUT,400.0,2026-10-23,1181,132,4043744,ALCISTA,BID,PENDIENTE,,,0.25
2026-10-02,TSLA,TSLA261030C00375000,CALL,375.0,2026-10-30,2580,1574,4231200,NEUTRAL,MID,PENDIENTE,,,1.0
2026-10-02,TSLA,TSLA261005C00370000,CALL,370.0,2026-10-05,36385,3085,13462450,NEUTRAL,MID,PENDIENTE,,,0.125
2026-10-02,TSLA,TSLA261005P00380000,PUT,380.0,2026-10-05,3857,390,3857000,NEUTRAL,MID,PENDIENTE,,,0.125
2026-10-02,TSLA,TSLA261005C00365000,CALL,365.0,2026-10-05,11391,2510,7837008,NEUTRAL,MID,PENDIENTE,,,0.125
2026-10-02,TSLA,TSLA261016C00400000,CALL,400.0,2026-10-16,20397,20319,4956471,BAJISTA,BID,PENDIENTE,,,0.25
2026-10-02,TSLA,TSLA261016C00370000,CALL,370.0,2026-10-16,8963,6135,10217820,ALCISTA,ASK,PENDIENTE,,,0.25
2026-10-02,TSLA,TSLA261009C00370000,CALL,370.0,2026-10-09,12404,3895,9303000,BAJISTA,BID,PENDIENTE,,,0.125
2026-10-02,TSLA,TSLA280616P00630000,PUT,630.0,2028-06-16,200,56,5319000,NEUTRAL,MID,PENDIENTE,,,1.0
2026-10-02,TSLA,TSLA261005C00362500,CALL,362.5,2026-10-05,3450,1211,3036000,BAJISTA,BID,PENDIENTE,,,0.125
2026-10-02,TSLA,TSLA261009C00365000,CALL,365.0,2026-10-09,4474,2767,4585850,BAJISTA,BID,PENDIENTE,,,0.125
2026-10-02,TSLA,TSLA261120C00100000,CALL,100.0,2026-11-20,285,176,7801875,ALCISTA,ASK,PENDIENTE,,,0.3
2026-10-02,TSLA,TSLA261005C00360000,CALL,360.0,2026-10-05,5520,2171,5967120,BAJISTA,BID,PENDIENTE,,,0.15
2026-10-02,TSLA,TSLA261009C00360000,CALL,360.0,2026-10-09,5408,3456,7490080,NEUTRAL,MID,PENDIENTE,,,0.125
2026-10-02,TSLA,TSLA261005C00350000,CALL,350.0,2026-10-05,1757,1192,3619420,BAJISTA,BID,PENDIENTE,,,0.15
2026-10-02,TJX,TJX261023C00135000,CALL,135.0,2026-10-23,429,251,89232,NEUTRAL,MID,PENDIENTE,,,1.0
2026-10-02,ULTA,ULTA261009P00527500,PUT,527.5,2026-10-09,238,20,71400,NEUTRAL,MID,PENDIENTE,,,0.5
2026-10-02,UAL,UAL280915C00085000,CALL,85.0,2028-09-15,248,80,1149480,NEUTRAL,MID,PENDIENTE,,,1.0
2026-10-02,UAL,UAL261009P00112000,PUT,112.0,2026-10-09,163,55,55420,NEUTRAL,MID,PENDIENTE,,,0.5
2026-10-02,UAL,UAL261009C00118000,CALL,118.0,2026-10-09,400,131,63200,NEUTRAL,MID,PENDIENTE,,,0.125
2026-10-02,UAL,UAL261009P00107000,PUT,107.0,2026-10-09,433,221,59321,NEUTRAL,MID,PENDIENTE,,,0.125
2026-10-02,UPS,UPS261009P00095000,PUT,95.0,2026-10-09,228,186,59052,NEUTRAL,MID,PENDIENTE,,,0.5
2026-10-02,UNH,UNH261113P00360000,PUT,360.0,2026-11-13,354,5,421260,NEUTRAL,MID,PENDIENTE,,,1.0
2026-10-02,UNH,UNH261113P00375000,PUT,375.0,2026-11-13,342,1,651168,NEUTRAL,MID,PENDIENTE,,,1.0
2026-10-02,UNH,UNH261009P00367500,PUT,367.5,2026-10-09,739,205,354720,ALCISTA,BID,PENDIENTE,,,0.125
2026-10-02,UNH,UNH261009C00372500,CALL,372.5,2026-10-09,500,123,352000,NEUTRAL,MID,PENDIENTE,,,0.125
2026-10-02,UNH,UNH261009C00365000,CALL,365.0,2026-10-09,213,62,259008,ALCISTA,ASK,PENDIENTE,,,0.125
2026-10-02,UNH,UNH261009P00357500,PUT,357.5,2026-10-09,662,512,152260,BAJISTA,ASK,PENDIENTE,,,0.125
2026-10-02,UNH,UNH261009P00365000,PUT,365.0,2026-10-09,818,685,329654,ALCISTA,BID,PENDIENTE,,,0.125
2026-10-02,UNH,UNH261009C00367500,CALL,367.5,2026-10-09,310,168,303800,NEUTRAL,MID,PENDIENTE,,,0.5
2026-10-02,UNH,UNH261218C00460000,CALL,460.0,2026-12-18,734,433,170288,NEUTRAL,MID,PENDIENTE,,,1.0
2026-10-02,UNH,UNH261009C00370000,CALL,370.0,2026-10-09,420,347,343560,BAJISTA,BID,PENDIENTE,,,0.125
2026-10-02,UNH,UNH261009P00355000,PUT,355.0,2026-10-09,818,443,124336,NEUTRAL,MID,PENDIENTE,,,0.125
2026-10-02,UHS,UHS270115C00190000,CALL,190.0,2027-01-15,344,32,232544,BAJISTA,BID,PENDIENTE,,,1.0
2026-10-02,UHS,UHS261120C00160000,CALL,160.0,2026-11-20,100,0,184400,BAJISTA,BID,PENDIENTE,,,1.0
2026-10-02,UHS,UHS261120C00170000,CALL,170.0,2026-11-20,100,14,116000,BAJISTA,BID,PENDIENTE,,,1.0
2026-10-02,URI,URI261016C01130000,CALL,1130.0,2026-10-16,112,42,161280,NEUTRAL,MID,PENDIENTE,,,1.0
2026-10-02,URI,URI261009C01100000,CALL,1100.0,2026-10-09,122,49,146400,NEUTRAL,MID,PENDIENTE,,,0.5
2026-10-02,URI,URI261009C01075000,CALL,1075.0,2026-10-09,111,41,266400,NEUTRAL,MID,PENDIENTE,,,0.5
2026-10-02,VEEV,VEEV270115P00250000,PUT,250.0,2027-01-15,129,47,175440,NEUTRAL,MID,PENDIENTE,,,1.0
2026-10-02,UBER,UBER261106P00065000,PUT,65.0,2026-11-06,2130,150,402570,NEUTRAL,MID,PENDIENTE,,,1.0
2026-10-02,UBER,UBER261016C00067000,CALL,67.0,2026-10-16,297,87,69498,ALCISTA,ASK,PENDIENTE,,,1.0
2026-10-02,UBER,UBER261009C00069000,CALL,69.0,2026-10-09,1794,1030,132756,ALCISTA,ASK,PENDIENTE,,,0.125
2026-10-02,UBER,UBER261030C00060000,CALL,60.0,2026-10-30,606,30,515100,NEUTRAL,MID,PENDIENTE,,,0.3
2026-10-02,UBER,UBER261009P00068000,PUT,68.0,2026-10-09,1308,896,130800,ALCISTA,BID,PENDIENTE,,,0.125
2026-10-02,UBER,UBER261009C00070000,CALL,70.0,2026-10-09,3156,2430,129396,BAJISTA,BID,PENDIENTE,,,0.125
2026-10-02,UBER,UBER261030P00068000,PUT,68.0,2026-10-30,374,345,84524,NEUTRAL,MID,PENDIENTE,,,1.0
2026-10-02,UBER,UBER261009C00065000,CALL,65.0,2026-10-09,351,276,117585,NEUTRAL,MID,PENDIENTE,,,0.5
2026-10-02,UBER,UBER261009C00068000,CALL,68.0,2026-10-09,1122,349,130152,NEUTRAL,MID,PENDIENTE,,,0.125
2026-10-02,UBER,UBER261009P00067000,PUT,67.0,2026-10-09,1235,1187,72865,NEUTRAL,MID,PENDIENTE,,,0.125
2026-10-02,VLO,VLO280121P00380000,PUT,380.0,2028-01-21,612,512,3837240,NEUTRAL,MID,PENDIENTE,,,1.0
2026-10-02,VLO,VLO261009C00410000,CALL,410.0,2026-10-09,346,79,311400,NEUTRAL,MID,PENDIENTE,,,0.5
2026-10-02,VLO,VLO261016C00432500,CALL,432.5,2026-10-16,211,4,129132,NEUTRAL,MID,PENDIENTE,,,1.0
2026-10-02,VLO,VLO261016P00392500,PUT,392.5,2026-10-16,149,25,123074,NEUTRAL,MID,PENDIENTE,,,1.0
2026-10-02,VLO,VLO261016C00405000,CALL,405.0,2026-10-16,221,24,373490,NEUTRAL,MID,PENDIENTE,,,1.0
2026-10-02,VLO,VLO270115C00480000,CALL,480.0,2027-01-15,202,63,410060,NEUTRAL,MID,PENDIENTE,,,1.0
2026-10-02,VLO,VLO261009C00422500,CALL,422.5,2026-10-09,118,14,57820,NEUTRAL,MID,PENDIENTE,,,0.5
2026-10-02,VLO,VLO261009P00400000,PUT,400.0,2026-10-09,540,521,388800,NEUTRAL,MID,PENDIENTE,,,0.5
2026-10-02,VLO,VLO270319C00400000,CALL,400.0,2027-03-19,103,87,633450,ALCISTA,ASK,PENDIENTE,,,1.0
2026-10-02,VLO,VLO261009C00417500,CALL,417.5,2026-10-09,246,11,151044,NEUTRAL,MID,PENDIENTE,,,0.125
2026-10-02,VLO,VLO261009C00435000,CALL,435.0,2026-10-09,381,116,93345,NEUTRAL,MID,PENDIENTE,,,0.5
2026-10-02,VLO,VLO261009C00400000,CALL,400.0,2026-10-09,101,62,150894,NEUTRAL,MID,PENDIENTE,,,0.5
2026-10-02,VLO,VLO261009P00385000,PUT,385.0,2026-10-09,218,69,57334,NEUTRAL,MID,PENDIENTE,,,0.125
2026-10-02,VZ,VZ261023C00035000,CALL,35.0,2026-10-23,156,26,170196,NEUTRAL,MID,PENDIENTE,,,0.3
2026-10-02,VZ,VZ261023C00030000,CALL,30.0,2026-10-23,102,29,162078,NEUTRAL,MID,PENDIENTE,,,0.3
2026-10-02,VZ,VZ270617C00035000,CALL,35.0,2027-06-17,171,90,186903,NEUTRAL,MID,PENDIENTE,,,0.3
2026-10-02,VRT,VRT270917P00300000,PUT,300.0,2027-09-17,368,22,3041520,NEUTRAL,MID,PENDIENTE,,,1.0
2026-10-02,VRT,VRT261030C00280000,CALL,280.0,2026-10-30,1627,91,1366680,NEUTRAL,MID,PENDIENTE,,,0.25
2026-10-02,VRT,VRT261030P00230000,PUT,230.0,2026-10-30,1554,142,1257186,NEUTRAL,MID,PENDIENTE,,,0.25
2026-10-02,VRT,VRT261030C00310000,CALL,310.0,2026-10-30,1583,140,554050,NEUTRAL,MID,PENDIENTE,,,0.25
2026-10-02,VRT,VRT261009C00255000,CALL,255.0,2026-10-09,339,127,166110,BAJISTA,BID,PENDIENTE,,,0.5
2026-10-02,VRT,VRT261009C00252500,CALL,252.5,2026-10-09,159,41,103827,NEUTRAL,MID,PENDIENTE,,,0.5
2026-10-02,VRT,VRT261009C00260000,CALL,260.0,2026-10-09,477,268,166950,NEUTRAL,MID,PENDIENTE,,,0.5
2026-10-02,VRT,VRT261030P00240000,PUT,240.0,2026-10-30,187,101,221595,NEUTRAL,MID,PENDIENTE,,,1.0
2026-10-02,VRT,VRT261030P00210000,PUT,210.0,2026-10-30,1543,1183,493760,ALCISTA,BID,PENDIENTE,,,0.25
2026-10-02,VRT,VRT261009P00245000,PUT,245.0,2026-10-09,252,174,85428,NEUTRAL,MID,PENDIENTE,,,0.5
2026-10-02,VRT,VRT261030P00245000,PUT,245.0,2026-10-30,104,78,146952,NEUTRAL,MID,PENDIENTE,,,1.0
2026-10-02,VRT,VRT270319C00370000,CALL,370.0,2027-03-19,156,150,181740,NEUTRAL,MID,PENDIENTE,,,1.0
2026-10-02,VST,VST261009C00145000,CALL,145.0,2026-10-09,6032,484,995280,ALCISTA,ASK,PENDIENTE,,,0.5
2026-10-02,VST,VST261120P00160000,PUT,160.0,2026-11-20,501,202,1222440,BAJISTA,ASK,PENDIENTE,,,1.0
2026-10-02,VST,VST261016C00145000,CALL,145.0,2026-10-16,1737,1626,521100,ALCISTA,ASK,PENDIENTE,,,1.0
2026-10-02,VST,VST261009C00140000,CALL,140.0,2026-10-09,1649,258,573852,NEUTRAL,MID,PENDIENTE,,,0.5
2026-10-02,VST,VST261218C00135000,CALL,135.0,2026-12-18,1997,768,3025455,NEUTRAL,MID,PENDIENTE,,,1.0
2026-10-02,VST,VST271217P00195000,PUT,195.0,2027-12-17,14400,13353,92952000,NEUTRAL,MID,PENDIENTE,,,1.0
2026-10-02,VST,VST270617C00135000,CALL,135.0,2027-06-17,543,304,1428090,NEUTRAL,MID,PENDIENTE,,,1.0
2026-10-02,VST,VST270115C00130000,CALL,130.0,2027-01-15,528,407,1016400,NEUTRAL,MID,PENDIENTE,,,1.0
2026-10-02,VST,VST270416C00140000,CALL,140.0,2027-04-16,281,149,564810,NEUTRAL,MID,PENDIENTE,,,1.0
2026-10-02,GWW,GWW270416C01430000,CALL,1430.0,2027-04-16,151,44,659870,ALCISTA,ASK,PENDIENTE,,,1.0
2026-10-02,V,V271217C00415000,CALL,415.0,2027-12-17,694,252,1638534,BAJISTA,BID,PENDIENTE,,,1.0
2026-10-02,V,V261009C00365000,CALL,365.0,2026-10-09,1335,258,249645,BAJISTA,BID,PENDIENTE,,,0.5
2026-10-02,V,V271217C00390000,CALL,390.0,2027-12-17,256,128,859392,NEUTRAL,MID,PENDIENTE,,,1.0
2026-10-02,V,V271217P00370000,PUT,370.0,2027-12-17,155,25,560015,NEUTRAL,MID,PENDIENTE,,,1.0
2026-10-02,V,V261009P00360000,PUT,360.0,2026-10-09,170,90,56100,BAJISTA,ASK,PENDIENTE,,,0.5
2026-10-02,V,V270617C00415000,CALL,415.0,2027-06-17,436,364,538024,NEUTRAL,MID,PENDIENTE,,,1.0
2026-10-02,V,V261009C00360000,CALL,360.0,2026-10-09,344,305,143792,BAJISTA,BID,PENDIENTE,,,0.5
2026-10-02,V,V261030C00360000,CALL,360.0,2026-10-30,128,93,134656,NEUTRAL,MID,PENDIENTE,,,1.0
2026-10-02,WM,WM280121P00200000,PUT,200.0,2028-01-21,233,36,358587,NEUTRAL,MID,PENDIENTE,,,1.0
2026-10-02,WM,WM280616C00210000,CALL,210.0,2028-06-16,102,11,273360,NEUTRAL,MID,PENDIENTE,,,1.0
2026-10-02,WM,WM270917P00220000,PUT,220.0,2027-09-17,230,3,541880,NEUTRAL,MID,PENDIENTE,,,1.0
2026-10-02,WM,WM261016C00200000,CALL,200.0,2026-10-16,183,91,114741,ALCISTA,ASK,PENDIENTE,,,1.0
2026-10-02,WM,WM270917C00210000,CALL,210.0,2027-09-17,112,105,192640,NEUTRAL,MID,PENDIENTE,,,1.0
2026-10-02,WBD,WBD261009C00029000,CALL,29.0,2026-10-09,2338,1006,467600,ALCISTA,ASK,PENDIENTE,,,0.037
2026-10-02,WBD,WBD261009C00030500,CALL,30.5,2026-10-09,2207,1776,110350,BAJISTA,BID,PENDIENTE,,,0.125
2026-10-02,WMT,WMT261009C00105000,CALL,105.0,2026-10-09,6129,1555,545481,NEUTRAL,MID,PENDIENTE,,,0.5
2026-10-02,WMT,WMT261106C00112000,CALL,112.0,2026-11-06,1178,54,76570,ALCISTA,ASK,PENDIENTE,,,1.0
2026-10-02,WMT,WMT261113C00105000,CALL,105.0,2026-11-13,209,49,71060,ALCISTA,ASK,PENDIENTE,,,1.0
2026-10-02,WMT,WMT261023C00105000,CALL,105.0,2026-10-23,1333,361,254603,NEUTRAL,MID,PENDIENTE,,,1.0
2026-10-02,WMT,WMT261023C00104000,CALL,104.0,2026-10-23,751,227,183995,ALCISTA,ASK,PENDIENTE,,,1.0
2026-10-02,WMT,WMT261009C00102000,CALL,102.0,2026-10-09,875,66,241500,NEUTRAL,MID,PENDIENTE,,,0.5
2026-10-02,WMT,WMT261009C00104000,CALL,104.0,2026-10-09,2538,333,347706,BAJISTA,BID,PENDIENTE,,,0.125
2026-10-02,WMT,WMT261009C00106000,CALL,106.0,2026-10-09,3751,2437,210056,ALCISTA,ASK,PENDIENTE,,,0.125
2026-10-02,WMT,WMT261009P00104000,PUT,104.0,2026-10-09,1856,990,194880,NEUTRAL,MID,PENDIENTE,,,0.5
2026-10-02,WMT,WMT261016C00103000,CALL,103.0,2026-10-16,461,108,117555,NEUTRAL,MID,PENDIENTE,,,1.0
2026-10-02,WMT,WMT261113C00100000,CALL,100.0,2026-11-13,145,0,89900,NEUTRAL,MID,PENDIENTE,,,1.0
2026-10-02,WMT,WMT261016C00104000,CALL,104.0,2026-10-16,847,355,169400,NEUTRAL,MID,PENDIENTE,,,1.0
2026-10-02,WMT,WMT261009P00105000,PUT,105.0,2026-10-09,1644,1390,254820,NEUTRAL,MID,PENDIENTE,,,0.5
2026-10-02,WMT,WMT271217C00085000,CALL,85.0,2027-12-17,156,154,416520,NEUTRAL,MID,PENDIENTE,,,1.0
2026-10-02,WFC,WFC261106C00083000,CALL,83.0,2026-11-06,1133,8,218669,NEUTRAL,MID,PENDIENTE,,,1.0
2026-10-02,WFC,WFC261030C00082000,CALL,82.0,2026-10-30,454,47,96248,BAJISTA,BID,PENDIENTE,,,1.0
2026-10-02,WFC,WFC261120C00082500,CALL,82.5,2026-11-20,1616,1214,394304,BAJISTA,BID,PENDIENTE,,,1.0
2026-10-02,WFC,WFC261016C00082000,CALL,82.0,2026-10-16,1583,678,256446,NEUTRAL,MID,PENDIENTE,,,1.0
2026-10-02,WFC,WFC270917C00087500,CALL,87.5,2027-09-17,314,66,202530,NEUTRAL,MID,PENDIENTE,,,1.0
2026-10-02,WFC,WFC261106C00087000,CALL,87.0,2026-11-06,1009,23,78702,NEUTRAL,MID,PENDIENTE,,,1.0
2026-10-02,WFC,WFC270917C00100000,CALL,100.0,2027-09-17,906,584,285390,NEUTRAL,MID,PENDIENTE,,,1.0
2026-10-02,WFC,WFC270416C00070000,CALL,70.0,2027-04-16,170,61,236470,NEUTRAL,MID,PENDIENTE,,,1.0
2026-10-02,WY,WY270416C00018000,CALL,18.0,2027-04-16,5026,1,949914,NEUTRAL,MID,PENDIENTE,,,1.0
2026-10-02,USB,USB270917P00047500,PUT,47.5,2027-09-17,250,1,54250,NEUTRAL,MID,PENDIENTE,,,1.0
2026-10-02,WMB,WMB261023C00071000,CALL,71.0,2026-10-23,578,42,79764,BAJISTA,BID,PENDIENTE,,,1.0
2026-10-02,WMB,WMB261030C00075000,CALL,75.0,2026-10-30,1923,147,96150,BAJISTA,BID,PENDIENTE,,,1.0
2026-10-02,WMB,WMB261030C00073000,CALL,73.0,2026-10-30,494,62,54340,NEUTRAL,MID,PENDIENTE,,,1.0
2026-10-02,WDC,WDC261016P00415000,PUT,415.0,2026-10-16,571,140,1142000,BAJISTA,ASK,PENDIENTE,,,1.0
2026-10-02,WDC,WDC270617P00310000,PUT,310.0,2027-06-17,371,39,1406090,BAJISTA,ASK,PENDIENTE,,,1.0
2026-10-02,WDC,WDC261009C00420000,CALL,420.0,2026-10-09,2264,21,2603600,BAJISTA,BID,PENDIENTE,,,0.125
2026-10-02,WDC,WDC261023C00410000,CALL,410.0,2026-10-23,1226,70,3530880,ALCISTA,ASK,PENDIENTE,,,0.25
2026-10-02,WDC,WDC261030C00450000,CALL,450.0,2026-10-30,700,49,1295000,BAJISTA,BID,PENDIENTE,,,1.0
2026-10-02,WDC,WDC261023C00380000,CALL,380.0,2026-10-23,1592,3,7275440,NEUTRAL,MID,PENDIENTE,,,1.0
2026-10-02,WDC,WDC261016C00460000,CALL,460.0,2026-10-16,2433,622,1520625,NEUTRAL,MID,PENDIENTE,,,1.0
2026-10-02,WDC,WDC261120P00290000,PUT,290.0,2026-11-20,4565,318,1351240,NEUTRAL,MID,PENDIENTE,,,1.0
2026-10-02,WDC,WDC261009C00427500,CALL,427.5,2026-10-09,2606,8,2345400,NEUTRAL,MID,PENDIENTE,,,0.125
2026-10-02,WDC,WDC261120C00410000,CALL,410.0,2026-11-20,957,66,4271091,NEUTRAL,MID,PENDIENTE,,,1.0
2026-10-02,WDC,WDC261113C00415000,CALL,415.0,2026-11-13,1050,1,4247250,NEUTRAL,MID,PENDIENTE,,,1.0
2026-10-02,WDC,WDC261120C00400000,CALL,400.0,2026-11-20,632,91,3175800,NEUTRAL,MID,PENDIENTE,,,1.0
2026-10-02,WDC,WDC261009C00382500,CALL,382.5,2026-10-09,1966,0,6949810,BAJISTA,BID,PENDIENTE,,,0.125
2026-10-02,WDC,WDC261023C00370000,CALL,370.0,2026-10-23,1013,17,4870504,BAJISTA,BID,PENDIENTE,,,0.25
2026-10-02,WDC,WDC270115C00450000,CALL,450.0,2027-01-15,1211,415,5611774,NEUTRAL,MID,PENDIENTE,,,1.0
2026-10-02,WDC,WDC261030C00420000,CALL,420.0,2026-10-30,288,6,851616,NEUTRAL,MID,PENDIENTE,,,1.0
2026-10-02,WDC,WDC261030C00430000,CALL,430.0,2026-10-30,335,15,847550,NEUTRAL,MID,PENDIENTE,,,1.0
2026-10-02,WDC,WDC261016C00420000,CALL,420.0,2026-10-16,1007,576,1782390,NEUTRAL,MID,PENDIENTE,,,1.0
2026-10-02,WDC,WDC270319C00370000,CALL,370.0,2027-03-19,197,40,1923705,BAJISTA,BID,PENDIENTE,,,1.0
2026-10-02,WDC,WDC261009C00397500,CALL,397.5,2026-10-09,367,0,1001910,ALCISTA,ASK,PENDIENTE,,,0.125
2026-10-02,WDC,WDC261120C00500000,CALL,500.0,2026-11-20,1319,778,2222515,NEUTRAL,MID,PENDIENTE,,,1.0
2026-10-02,WDC,WDC261009C00425000,CALL,425.0,2026-10-09,1084,55,1018960,NEUTRAL,MID,PENDIENTE,,,0.125
2026-10-02,WDC,WDC261009P00400000,PUT,400.0,2026-10-09,2272,613,1556320,NEUTRAL,MID,PENDIENTE,,,0.125
2026-10-02,WDC,WDC261016C00450000,CALL,450.0,2026-10-16,1304,615,1069280,NEUTRAL,MID,PENDIENTE,,,1.0
2026-10-02,WDC,WDC261009C00430000,CALL,430.0,2026-10-09,1057,110,857227,NEUTRAL,MID,PENDIENTE,,,0.125
2026-10-02,WDC,WDC261120P00410000,PUT,410.0,2026-11-20,320,281,1193600,ALCISTA,BID,PENDIENTE,,,1.0
2026-10-02,WDC,WDC261218C00550000,CALL,550.0,2026-12-18,780,375,1102140,BAJISTA,BID,PENDIENTE,,,1.0
2026-10-02,WDC,WDC261009C00400000,CALL,400.0,2026-10-09,502,17,1080304,BAJISTA,BID,PENDIENTE,,,0.125
2026-10-02,WDC,WDC261009C00415000,CALL,415.0,2026-10-09,1005,22,1376850,NEUTRAL,MID,PENDIENTE,,,0.125
2026-10-02,WDC,WDC261009C00410000,CALL,410.0,2026-10-09,833,13,1374450,NEUTRAL,MID,PENDIENTE,,,0.125
2026-10-02,WDC,WDC261009P00410000,PUT,410.0,2026-10-09,886,310,974600,NEUTRAL,MID,PENDIENTE,,,0.125
2026-10-02,WDC,WDC261009C00405000,CALL,405.0,2026-10-09,529,20,1058000,NEUTRAL,MID,PENDIENTE,,,0.125
2026-10-02,WDC,WDC261120P00370000,PUT,370.0,2026-11-20,446,315,872822,NEUTRAL,MID,PENDIENTE,,,1.0
2026-10-02,WDC,WDC261009C00392500,CALL,392.5,2026-10-09,312,0,876720,NEUTRAL,MID,PENDIENTE,,,0.125
2026-10-02,WDC,WDC270115P00300000,PUT,300.0,2027-01-15,773,509,840251,NEUTRAL,MID,PENDIENTE,,,1.0
2026-10-02,WDC,WDC261009P00470000,PUT,470.0,2026-10-09,199,37,1104450,NEUTRAL,MID,PENDIENTE,,,0.15
2026-10-02,WDC,WDC261218C00410000,CALL,410.0,2026-12-18,166,148,896068,NEUTRAL,MID,PENDIENTE,,,1.0
2026-10-02,ARM,ARM280121C00490000,CALL,490.0,2028-01-21,761,136,4923670,ALCISTA,ASK,PENDIENTE,,,1.0
2026-10-02,ARM,ARM261009C00350000,CALL,350.0,2026-10-09,5054,568,626696,BAJISTA,BID,PENDIENTE,,,0.5
2026-10-02,ARM,ARM261009C00335000,CALL,335.0,2026-10-09,1994,194,562308,ALCISTA,ASK,PENDIENTE,,,0.125
2026-10-02,ARM,ARM261009P00310000,PUT,310.0,2026-10-09,1061,135,1253041,NEUTRAL,MID,PENDIENTE,,,0.5
2026-10-02,ARM,ARM280121C00570000,CALL,570.0,2028-01-21,120,5,585000,BAJISTA,BID,PENDIENTE,,,1.0
2026-10-02,ARM,ARM261016P00342500,PUT,342.5,2026-10-16,259,72,1024345,ALCISTA,BID,PENDIENTE,,,1.0
2026-10-02,ARM,ARM261009C00325000,CALL,325.0,2026-10-09,2333,538,1073180,NEUTRAL,MID,PENDIENTE,,,0.125
2026-10-02,ARM,ARM261009C00320000,CALL,320.0,2026-10-09,2040,694,1209720,NEUTRAL,MID,PENDIENTE,,,0.125
2026-10-02,ARM,ARM261009P00300000,PUT,300.0,2026-10-09,817,228,566181,ALCISTA,BID,PENDIENTE,,,0.125
2026-10-02,ARM,ARM261009P00315000,PUT,315.0,2026-10-09,244,57,341112,ALCISTA,BID,PENDIENTE,,,0.5
2026-10-02,ARM,ARM261009C00340000,CALL,340.0,2026-10-09,1641,394,341328,BAJISTA,BID,PENDIENTE,,,0.125
2026-10-02,ARM,ARM261009P00295000,PUT,295.0,2026-10-09,531,198,274527,NEUTRAL,MID,PENDIENTE,,,0.5
2026-10-02,ARM,ARM270416P00220000,PUT,220.0,2027-04-16,266,81,462042,NEUTRAL,MID,PENDIENTE,,,1.0
2026-10-02,ARM,ARM261009C00315000,CALL,315.0,2026-10-09,672,199,510720,NEUTRAL,MID,PENDIENTE,,,0.125
2026-10-02,ARM,ARM261023C00295000,CALL,295.0,2026-10-23,125,100,342500,ALCISTA,ASK,PENDIENTE,,,1.0
2026-10-02,ARM,ARM261030P00300000,PUT,300.0,2026-10-30,165,126,290400,ALCISTA,BID,PENDIENTE,,,1.0
2026-10-02,ARM,ARM261009P00320000,PUT,320.0,2026-10-09,384,134,656640,ALCISTA,BID,PENDIENTE,,,0.125
2026-10-02,ARM,ARM261009P00307500,PUT,307.5,2026-10-09,346,12,361570,NEUTRAL,MID,PENDIENTE,,,0.125
2026-10-02,ARM,ARM261009P00312500,PUT,312.5,2026-10-09,465,159,617520,NEUTRAL,MID,PENDIENTE,,,0.125
2026-10-02,ARM,ARM261009C00330000,CALL,330.0,2026-10-09,780,625,276120,NEUTRAL,MID,PENDIENTE,,,0.125
2026-10-02,ARM,ARM261009P00317500,PUT,317.5,2026-10-09,147,108,243285,NEUTRAL,MID,PENDIENTE,,,0.5
2026-10-02,ALAB,ALAB261009C00370000,CALL,370.0,2026-10-09,3086,487,2098480,NEUTRAL,MID,PENDIENTE,,,0.5
2026-10-02,ALAB,ALAB261009C00382500,CALL,382.5,2026-10-09,1678,13,729930,NEUTRAL,MID,PENDIENTE,,,0.5
2026-10-02,ALAB,ALAB261009P00350000,PUT,350.0,2026-10-09,318,53,376830,ALCISTA,BID,PENDIENTE,,,0.5
2026-10-02,ALAB,ALAB270917P00290000,PUT,290.0,2027-09-17,100,20,615500,ALCISTA,BID,PENDIENTE,,,1.0
2026-10-02,ALAB,ALAB261009C00360000,CALL,360.0,2026-10-09,694,208,700940,NEUTRAL,MID,PENDIENTE,,,0.5
2026-10-02,ALAB,ALAB270115P00260000,PUT,260.0,2027-01-15,460,261,768200,BAJISTA,ASK,PENDIENTE,,,1.0
2026-10-02,ALAB,ALAB261009P00330000,PUT,330.0,2026-10-09,911,180,491940,ALCISTA,BID,PENDIENTE,,,0.125
2026-10-02,ALAB,ALAB261120P00350000,PUT,350.0,2026-11-20,145,103,594500,ALCISTA,BID,PENDIENTE,,,1.0
2026-10-02,ALAB,ALAB261218P00220000,PUT,220.0,2026-12-18,502,209,251000,NEUTRAL,MID,PENDIENTE,,,1.0
2026-10-02,ALAB,ALAB270617P00220000,PUT,220.0,2027-06-17,186,175,435240,NEUTRAL,MID,PENDIENTE,,,1.0
2026-10-02,ALAB,ALAB261009P00360000,PUT,360.0,2026-10-09,194,121,377912,NEUTRAL,MID,PENDIENTE,,,0.5
2026-10-02,ALAB,ALAB261009P00355000,PUT,355.0,2026-10-09,123,51,196185,NEUTRAL,MID,PENDIENTE,,,0.5
2026-10-02,ALAB,ALAB261009C00410000,CALL,410.0,2026-10-09,828,416,108468,NEUTRAL,MID,PENDIENTE,,,0.125
2026-10-02,ASML,ASML271217C01880000,CALL,1880.0,2027-12-17,124,5,5134344,NEUTRAL,MID,PENDIENTE,,,1.0
2026-10-02,ASML,ASML280121C01880000,CALL,1880.0,2028-01-21,124,31,5351964,NEUTRAL,MID,PENDIENTE,,,1.0
2026-10-02,ASML,ASML261009P01860000,PUT,1860.0,2026-10-09,144,13,432000,ALCISTA,BID,PENDIENTE,,,0.5
2026-10-02,ASML,ASML261016C01665000,CALL,1665.0,2026-10-16,100,1,2145000,NEUTRAL,MID,PENDIENTE,,,0.25
2026-10-02,ASML,ASML261016C01685000,CALL,1685.0,2026-10-16,100,8,1974300,NEUTRAL,MID,PENDIENTE,,,0.25
2026-10-02,ASML,ASML261016C01690000,CALL,1690.0,2026-10-16,100,6,1931000,NEUTRAL,MID,PENDIENTE,,,0.25
2026-10-02,ASML,ASML261023C01940000,CALL,1940.0,2026-10-23,116,14,602736,NEUTRAL,MID,PENDIENTE,,,0.25
2026-10-02,ASML,ASML261016C02040000,CALL,2040.0,2026-10-16,278,111,539320,NEUTRAL,MID,PENDIENTE,,,1.0
2026-10-02,ASML,ASML261023P01760000,PUT,1760.0,2026-10-23,108,2,390204,NEUTRAL,MID,PENDIENTE,,,0.25
2026-10-02,ASML,ASML261009C01900000,CALL,1900.0,2026-10-09,193,176,443900,BAJISTA,BID,PENDIENTE,,,0.5
2026-10-02,ASML,ASML261218C02100000,CALL,2100.0,2026-12-18,223,146,1605377,BAJISTA,BID,PENDIENTE,,,0.25
2026-10-02,ASML,ASML261218C02040000,CALL,2040.0,2026-12-18,203,106,1855420,NEUTRAL,MID,PENDIENTE,,,0.25
2026-10-02,ASML,ASML270319P01460000,PUT,1460.0,2027-03-19,111,93,594960,NEUTRAL,MID,PENDIENTE,,,1.0
2026-10-02,ASML,ASML261218C02380000,CALL,2380.0,2026-12-18,120,88,358800,NEUTRAL,MID,PENDIENTE,,,1.0
2026-10-02,ASML,ASML261023C01860000,CALL,1860.0,2026-10-23,108,60,921780,NEUTRAL,MID,PENDIENTE,,,0.25
2026-10-02,ASML,ASML261016C01660000,CALL,1660.0,2026-10-16,107,104,2291084,BAJISTA,BID,PENDIENTE,,,0.075
2026-10-02,XEL,XEL280121C00050000,CALL,50.0,2028-01-21,176,0,415888,NEUTRAL,MID,PENDIENTE,,,1.0
2026-10-02,XEL,XEL280121P00090000,PUT,90.0,2028-01-21,272,0,528496,NEUTRAL,MID,PENDIENTE,,,0.25
2026-10-02,XEL,XEL280121C00060000,CALL,60.0,2028-01-21,232,5,373520,NEUTRAL,MID,PENDIENTE,,,0.25
2026-10-02,CRWV,CRWV280616P00150000,PUT,150.0,2028-06-16,1004,142,7349280,BAJISTA,ASK,PENDIENTE,,,1.0
2026-10-02,CRWV,CRWV280121C00135000,CALL,135.0,2028-01-21,2001,1315,3919959,ALCISTA,ASK,PENDIENTE,,,1.0
2026-10-02,CRWV,CRWV261030P00079000,PUT,79.0,2026-10-30,5319,218,1319112,BAJISTA,ASK,PENDIENTE,,,0.25
2026-10-02,CRWV,CRWV261030P00078000,PUT,78.0,2026-10-30,5346,261,1192158,BAJISTA,ASK,PENDIENTE,,,0.25
2026-10-02,CRWV,CRWV261106C00095000,CALL,95.0,2026-11-06,1353,135,802329,NEUTRAL,MID,PENDIENTE,,,1.0
2026-10-02,CRWV,CRWV261030P00081000,PUT,81.0,2026-10-30,5094,391,1558764,NEUTRAL,MID,PENDIENTE,,,0.25
2026-10-02,CRWV,CRWV261009C00090000,CALL,90.0,2026-10-09,5844,4833,1729824,NEUTRAL,MID,PENDIENTE,,,0.5
2026-10-02,CRWV,CRWV261030P00077000,PUT,77.0,2026-10-30,1830,143,353190,ALCISTA,BID,PENDIENTE,,,1.0
2026-10-02,CRWV,CRWV261009P00088000,PUT,88.0,2026-10-09,1594,1008,377778,BAJISTA,ASK,PENDIENTE,,,0.5
2026-10-02,CRWV,CRWV270115P00075000,PUT,75.0,2027-01-15,3641,3115,2359368,NEUTRAL,MID,PENDIENTE,,,1.0
2026-10-02,CRWV,CRWV261023C00103000,CALL,103.0,2026-10-23,6302,5935,1153266,NEUTRAL,MID,PENDIENTE,,,1.0
2026-10-02,CRWV,CRWV261009P00090000,PUT,90.0,2026-10-09,1589,819,532315,BAJISTA,ASK,PENDIENTE,,,0.5
2026-10-02,CRWV,CRWV261023C00107000,CALL,107.0,2026-10-23,5938,5923,748188,NEUTRAL,MID,PENDIENTE,,,1.0
2026-10-02,CRWV,CRWV261106C00105000,CALL,105.0,2026-11-06,1256,396,401920,NEUTRAL,MID,PENDIENTE,,,1.0
2026-10-02,CRWV,CRWV261030P00080000,PUT,80.0,2026-10-30,5800,2808,1583400,NEUTRAL,MID,PENDIENTE,,,0.25
2026-10-02,CRWV,CRWV261009C00095000,CALL,95.0,2026-10-09,3530,2889,455370,ALCISTA,ASK,PENDIENTE,,,0.125
2026-10-02,CRWV,CRWV261009C00092000,CALL,92.0,2026-10-09,3030,1159,648420,NEUTRAL,MID,PENDIENTE,,,0.125
2026-10-01,ALNY,ALNY261120C00230000,CALL,230.0,2026-11-20,102,2,198900,NEUTRAL,MID,PENDIENTE,,,1.0
2026-10-02,RKLB,RKLB261009C00075000,CALL,75.0,2026-10-09,5526,2579,1204668,NEUTRAL,MID,PENDIENTE,,,0.5
2026-10-02,RKLB,RKLB261016C00076000,CALL,76.0,2026-10-16,701,663,210300,ALCISTA,ASK,PENDIENTE,,,1.0
2026-10-02,RKLB,RKLB261009C00080000,CALL,80.0,2026-10-09,7903,5435,608531,NEUTRAL,MID,PENDIENTE,,,0.5
2026-10-02,RKLB,RKLB261016C00079000,CALL,79.0,2026-10-16,905,266,178285,NEUTRAL,MID,PENDIENTE,,,1.0
2026-10-02,RKLB,RKLB261009P00073000,PUT,73.0,2026-10-09,1215,97,261225,NEUTRAL,MID,PENDIENTE,,,0.125
2026-10-02,RKLB,RKLB261009C00076000,CALL,76.0,2026-10-09,1497,833,269460,ALCISTA,ASK,PENDIENTE,,,0.125
2026-10-02,RKLB,RKLB261009P00072000,PUT,72.0,2026-10-09,1156,193,199988,NEUTRAL,MID,PENDIENTE,,,0.125
2026-10-02,RKLB,RKLB261009P00074000,PUT,74.0,2026-10-09,1221,507,321123,ALCISTA,BID,PENDIENTE,,,0.125
2026-10-02,RKLB,RKLB261009P00075000,PUT,75.0,2026-10-09,1059,239,333585,ALCISTA,BID,PENDIENTE,,,0.125
2026-10-02,RKLB,RKLB261120C00055000,CALL,55.0,2026-11-20,270,234,563220,NEUTRAL,MID,PENDIENTE,,,1.0
2026-10-02,RKLB,RKLB261009C00077000,CALL,77.0,2026-10-09,1180,936,172280,NEUTRAL,MID,PENDIENTE,,,0.125
2026-10-02,RKLB,RKLB261009C00073000,CALL,73.0,2026-10-09,1157,671,359827,NEUTRAL,MID,PENDIENTE,,,0.125
2026-10-02,NBIS,NBIS261009P00240000,PUT,240.0,2026-10-09,2635,237,1976250,BAJISTA,ASK,PENDIENTE,,,0.125
2026-10-02,NBIS,NBIS270917P00240000,PUT,240.0,2027-09-17,475,12,3398150,NEUTRAL,MID,PENDIENTE,,,1.0
2026-10-02,NBIS,NBIS261016P00225000,PUT,225.0,2026-10-16,1654,316,932856,ALCISTA,BID,PENDIENTE,,,1.0
2026-10-02,NBIS,NBIS261009P00242500,PUT,242.5,2026-10-09,1056,71,918720,BAJISTA,ASK,PENDIENTE,,,0.125
2026-10-02,NBIS,NBIS261016C00270000,CALL,270.0,2026-10-16,4756,4002,2211540,BAJISTA,BID,PENDIENTE,,,1.0
2026-10-02,NBIS,NBIS261009C00247500,CALL,247.5,2026-10-09,613,127,422970,BAJISTA,BID,PENDIENTE,,,0.5
2026-10-02,NBIS,NBIS280616P00150000,PUT,150.0,2028-06-16,504,85,2006424,ALCISTA,BID,PENDIENTE,,,0.25
2026-10-02,NBIS,NBIS261120P00250000,PUT,250.0,2026-11-20,1563,572,5196975,BAJISTA,ASK,PENDIENTE,,,0.25
2026-10-02,NBIS,NBIS270416P00175000,PUT,175.0,2027-04-16,374,13,828410,NEUTRAL,MID,PENDIENTE,,,1.0
2026-10-02,NBIS,NBIS261009C00245000,CALL,245.0,2026-10-09,2581,989,2064800,NEUTRAL,MID,PENDIENTE,,,0.125
2026-10-02,NBIS,NBIS261113C00260000,CALL,260.0,2026-11-13,206,1,417150,NEUTRAL,MID,PENDIENTE,,,1.0
2026-10-02,NBIS,NBIS261009C00250000,CALL,250.0,2026-10-09,2939,1487,1763400,NEUTRAL,MID,PENDIENTE,,,0.125
2026-10-02,NBIS,NBIS261009C00252500,CALL,252.5,2026-10-09,937,142,487240,NEUTRAL,MID,PENDIENTE,,,0.125
2026-10-02,NBIS,NBIS261120C00280000,CALL,280.0,2026-11-20,1800,1566,3137400,NEUTRAL,MID,PENDIENTE,,,0.25
2026-10-02,NBIS,NBIS261009P00245000,PUT,245.0,2026-10-09,1030,177,1030000,NEUTRAL,MID,PENDIENTE,,,0.125
2026-10-02,NBIS,NBIS280616C00400000,CALL,400.0,2028-06-16,480,347,3660480,NEUTRAL,MID,PENDIENTE,,,0.25
2026-10-02,NBIS,NBIS261009C00260000,CALL,260.0,2026-10-09,1970,807,630400,BAJISTA,BID,PENDIENTE,,,0.125
2026-10-02,NBIS,NBIS261009P00230000,PUT,230.0,2026-10-09,1994,984,727810,ALCISTA,BID,PENDIENTE,,,0.125
2026-10-02,NBIS,NBIS261009C00270000,CALL,270.0,2026-10-09,2811,1319,472248,BAJISTA,BID,PENDIENTE,,,0.125
2026-10-02,NBIS,NBIS261009C00255000,CALL,255.0,2026-10-09,963,464,423720,BAJISTA,BID,PENDIENTE,,,0.125
2026-10-02,NBIS,NBIS261009P00247500,PUT,247.5,2026-10-09,422,147,475594,ALCISTA,BID,PENDIENTE,,,0.125
2026-10-02,NBIS,NBIS261009C00237500,CALL,237.5,2026-10-09,371,310,437780,BAJISTA,BID,PENDIENTE,,,0.125
2026-10-02,NBIS,NBIS261009P00250000,PUT,250.0,2026-10-09,333,153,432900,NEUTRAL,MID,PENDIENTE,,,0.125
2026-10-02,PDD,PDD261120C00075000,CALL,75.0,2026-11-20,1043,309,438060,NEUTRAL,MID,PENDIENTE,,,1.0
2026-10-02,PDD,PDD270917C00080000,CALL,80.0,2027-09-17,138,92,153180,NEUTRAL,MID,PENDIENTE,,,1.0
2026-10-02,PDD,PDD261218C00075000,CALL,75.0,2026-12-18,247,200,135850,BAJISTA,BID,PENDIENTE,,,1.0
2026-10-02,SHOP,SHOP280121P00155000,PUT,155.0,2028-01-21,755,162,2826720,BAJISTA,ASK,PENDIENTE,,,1.0
2026-10-02,SHOP,SHOP261016C00152500,CALL,152.5,2026-10-16,1508,153,761540,BAJISTA,BID,PENDIENTE,,,1.0
2026-10-02,SHOP,SHOP261009P00142000,PUT,142.0,2026-10-09,4012,473,300900,NEUTRAL,MID,PENDIENTE,,,0.5
2026-10-02,SHOP,SHOP261009P00149000,PUT,149.0,2026-10-09,897,44,227838,NEUTRAL,MID,PENDIENTE,,,0.5
2026-10-02,SHOP,SHOP261009P00150000,PUT,150.0,2026-10-09,717,87,211515,NEUTRAL,MID,PENDIENTE,,,0.5
2026-10-02,SHOP,SHOP261009P00148000,PUT,148.0,2026-10-09,2519,78,556699,NEUTRAL,MID,PENDIENTE,,,0.125
2026-10-02,SHOP,SHOP261009C00157500,CALL,157.5,2026-10-09,2710,405,422760,NEUTRAL,MID,PENDIENTE,,,0.125
2026-10-02,SHOP,SHOP261106C00165000,CALL,165.0,2026-11-06,234,34,169650,NEUTRAL,MID,PENDIENTE,,,1.0
2026-10-02,SHOP,SHOP261009C00152500,CALL,152.5,2026-10-09,484,134,158752,NEUTRAL,MID,PENDIENTE,,,0.5
2026-10-02,SHOP,SHOP270115C00185000,CALL,185.0,2027-01-15,1012,829,769120,NEUTRAL,MID,PENDIENTE,,,1.0
2026-10-02,SHOP,SHOP261009P00152500,PUT,152.5,2026-10-09,298,19,125756,NEUTRAL,MID,PENDIENTE,,,0.5
2026-10-02,SHOP,SHOP261009C00155000,CALL,155.0,2026-10-09,436,191,100280,NEUTRAL,MID,PENDIENTE,,,0.5
2026-10-02,SHOP,SHOP261016P00155000,PUT,155.0,2026-10-16,575,509,434125,NEUTRAL,MID,PENDIENTE,,,1.0
2026-10-02,SHOP,SHOP261030P00195000,PUT,195.0,2026-10-30,100,0,440700,NEUTRAL,MID,PENDIENTE,,,0.3
2026-10-02,SHOP,SHOP261030P00190000,PUT,190.0,2026-10-30,100,0,392200,NEUTRAL,MID,PENDIENTE,,,0.3
2026-10-02,TRI,TRI261016P00090000,PUT,90.0,2026-10-16,762,131,58674,NEUTRAL,MID,PENDIENTE,,,1.0
2026-10-02,NVT,NVT261016C00185000,CALL,185.0,2026-10-16,503,74,95570,NEUTRAL,MID,PENDIENTE,,,1.0
2026-10-02,NVT,NVT261120P00170000,PUT,170.0,2026-11-20,152,6,203224,NEUTRAL,MID,PENDIENTE,,,1.0
2026-10-02,TWLO,TWLO280121P00280000,PUT,280.0,2028-01-21,500,500,3300000,NEUTRAL,MID,PENDIENTE,,,1.0
2026-10-02,TWLO,TWLO261009P00290000,PUT,290.0,2026-10-09,327,278,205356,NEUTRAL,MID,PENDIENTE,,,0.5
2026-10-02,TWLO,TWLO261009P00272500,PUT,272.5,2026-10-09,538,18,90384,NEUTRAL,MID,PENDIENTE,,,0.125
2026-10-02,TWLO,TWLO261009C00330000,CALL,330.0,2026-10-09,571,73,54245,NEUTRAL,MID,PENDIENTE,,,0.125
2026-10-02,ATI,ATI270416C00240000,CALL,240.0,2027-04-16,308,2,366520,NEUTRAL,MID,PENDIENTE,,,1.0
2026-10-02,ATI,ATI261120C00210000,CALL,210.0,2026-11-20,363,108,264990,BAJISTA,BID,PENDIENTE,,,1.0
2026-10-02,ATI,ATI270115C00220000,CALL,220.0,2027-01-15,307,56,307000,NEUTRAL,MID,PENDIENTE,,,1.0
2026-10-02,UTHR,UTHR261120C00550000,CALL,550.0,2026-11-20,105,10,304500,ALCISTA,ASK,PENDIENTE,,,1.0
2026-10-02,OKTA,OKTA270319P00230000,PUT,230.0,2027-03-19,161,49,739795,ALCISTA,BID,PENDIENTE,,,1.0
2026-10-02,OKTA,OKTA261009P00200000,PUT,200.0,2026-10-09,349,200,64565,BAJISTA,ASK,PENDIENTE,,,0.5
2026-10-02,OKTA,OKTA261009P00205000,PUT,205.0,2026-10-09,259,102,88060,NEUTRAL,MID,PENDIENTE,,,0.5
2026-10-02,YUM,YUM261120C00145000,CALL,145.0,2026-11-20,565,53,147465,NEUTRAL,MID,PENDIENTE,,,1.0
2026-10-02,YUM,YUM261120C00155000,CALL,155.0,2026-11-20,555,54,50505,NEUTRAL,MID,PENDIENTE,,,1.0
2026-10-02,ENTG,ENTG261016C00175000,CALL,175.0,2026-10-16,1339,11,535600,NEUTRAL,MID,PENDIENTE,,,1.0
2026-10-02,ENTG,ENTG261120C00190000,CALL,190.0,2026-11-20,120,14,99600,NEUTRAL,MID,PENDIENTE,,,1.0
2026-10-02,MTSI,MTSI270521C00350000,CALL,350.0,2027-05-21,109,1,619120,NEUTRAL,MID,PENDIENTE,,,1.0
2026-10-02,MTSI,MTSI270219C00420000,CALL,420.0,2027-02-19,100,0,230000,NEUTRAL,MID,PENDIENTE,,,1.0
2026-10-02,XPO,XPO261120C00220000,CALL,220.0,2026-11-20,203,19,50141,NEUTRAL,MID,PENDIENTE,,,1.0
2026-10-02,ZTS,ZTS261120C00070000,CALL,70.0,2026-11-20,518,243,217560,NEUTRAL,MID,PENDIENTE,,,1.0
2026-10-02,THC,THC261218C00270000,CALL,270.0,2026-12-18,184,56,309120,NEUTRAL,MID,PENDIENTE,,,1.0
2026-10-02,WWD,WWD261120P00320000,PUT,320.0,2026-11-20,450,50,557100,NEUTRAL,MID,PENDIENTE,,,1.0
2026-10-02,WYNN,WYNN261016P00074000,PUT,74.0,2026-10-16,612,20,72828,ALCISTA,BID,PENDIENTE,,,1.0
2026-10-02,WYNN,WYNN261016P00076000,PUT,76.0,2026-10-16,364,109,80444,NEUTRAL,MID,PENDIENTE,,,1.0
2026-10-02,WYNN,WYNN270219C00077500,CALL,77.5,2027-02-19,209,0,153615,NEUTRAL,MID,PENDIENTE,,,0.25
2026-10-02,WYNN,WYNN270219P00075000,PUT,75.0,2027-02-19,200,70,117400,NEUTRAL,MID,PENDIENTE,,,0.25
2026-10-02,CDE,CDE261030C00020000,CALL,20.0,2026-10-30,2042,386,77596,NEUTRAL,MID,PENDIENTE,,,1.0
2026-10-02,BURL,BURL261120P00240000,PUT,240.0,2026-11-20,1270,119,392430,BAJISTA,ASK,PENDIENTE,,,1.0
2026-10-02,SMTC,SMTC270115P00120000,PUT,120.0,2027-01-15,1277,179,523570,NEUTRAL,MID,PENDIENTE,,,1.0
2026-10-02,SMTC,SMTC261009P00185000,PUT,185.0,2026-10-09,170,4,54060,ALCISTA,BID,PENDIENTE,,,0.5
2026-10-02,TLN,TLN270115C00220000,CALL,220.0,2027-01-15,440,19,4785000,ALCISTA,ASK,PENDIENTE,,,0.3
2026-10-02,NBIX,NBIX261016C00145000,CALL,145.0,2026-10-16,535,44,155150,BAJISTA,BID,PENDIENTE,,,1.0
2026-10-02,DOCN,DOCN261009P00125000,PUT,125.0,2026-10-09,816,256,84864,NEUTRAL,MID,PENDIENTE,,,0.5
2026-10-02,MTZ,MTZ261120C00220000,CALL,220.0,2026-11-20,1504,49,3090720,ALCISTA,ASK,PENDIENTE,,,1.0
2026-10-02,MTZ,MTZ261120C00250000,CALL,250.0,2026-11-20,1301,1267,1202124,ALCISTA,ASK,PENDIENTE,,,1.0
2026-10-02,TTMI,TTMI270115P00075000,PUT,75.0,2027-01-15,858,19,150150,BAJISTA,ASK,PENDIENTE,,,1.0
2026-10-02,TTMI,TTMI270319C00125000,CALL,125.0,2027-03-19,195,100,645450,NEUTRAL,MID,PENDIENTE,,,1.0
2026-10-02,TTMI,TTMI261120P00130000,PUT,130.0,2026-11-20,105,68,154560,NEUTRAL,MID,PENDIENTE,,,1.0
2026-10-02,GWRE,GWRE261120C00175000,CALL,175.0,2026-11-20,121,8,62920,ALCISTA,ASK,PENDIENTE,,,1.0
2026-10-02,BWXT,BWXT261120C00145000,CALL,145.0,2026-11-20,358,29,180432,NEUTRAL,MID,PENDIENTE,,,1.0
2026-10-02,BWXT,BWXT270521C00150000,CALL,150.0,2027-05-21,161,13,223790,NEUTRAL,MID,PENDIENTE,,,1.0
2026-10-02,BWA,BWA261120C00067500,CALL,67.5,2026-11-20,501,97,77154,NEUTRAL,MID,PENDIENTE,,,1.0
2026-10-02,TRU,TRU261016C00067500,CALL,67.5,2026-10-16,860,335,112660,NEUTRAL,MID,PENDIENTE,,,1.0
2026-10-02,SANM,SANM261218C00300000,CALL,300.0,2026-12-18,300,7,240000,NEUTRAL,MID,PENDIENTE,,,1.0
2026-10-02,ARW,ARW261016C00270000,CALL,270.0,2026-10-16,714,10,60690,BAJISTA,BID,PENDIENTE,,,1.0
2026-10-02,HL,HL261120P00017000,PUT,17.0,2026-11-20,1415,681,182535,ALCISTA,BID,PENDIENTE,,,1.0
2026-10-02,HL,HL261009C00017000,CALL,17.0,2026-10-09,1478,95,76856,BAJISTA,BID,PENDIENTE,,,0.5
2026-10-02,VIAV,VIAV261016C00046000,CALL,46.0,2026-10-16,10399,323,3535660,ALCISTA,ASK,PENDIENTE,,,1.0
2026-10-02,VIAV,VIAV261016C00048000,CALL,48.0,2026-10-16,239,181,59033,NEUTRAL,MID,PENDIENTE,,,1.0
2026-10-02,VIAV,VIAV261016C00047000,CALL,47.0,2026-10-16,229,87,61830,NEUTRAL,MID,PENDIENTE,,,1.0
2026-10-02,FN,FN270416C00660000,CALL,660.0,2027-04-16,100,0,350000,BAJISTA,BID,PENDIENTE,,,1.0
2026-10-02,AGNC,AGNC261009C00009000,CALL,9.0,2026-10-09,13164,2866,78984,ALCISTA,ASK,PENDIENTE,,,0.5
2026-10-02,AGNC,AGNC261106C00009000,CALL,9.0,2026-11-06,3556,86,85344,ALCISTA,ASK,PENDIENTE,,,1.0
2026-10-02,AGNC,AGNC270115C00008000,CALL,8.0,2027-01-15,1108,272,114124,ALCISTA,ASK,PENDIENTE,,,1.0
2026-10-02,AGNC,AGNC261023P00009000,PUT,9.0,2026-10-23,2146,1228,77256,NEUTRAL,MID,PENDIENTE,,,1.0
2026-10-02,GME,GME261009C00024500,CALL,24.5,2026-10-09,7366,2211,604012,ALCISTA,ASK,PENDIENTE,,,0.125
2026-10-02,GME,GME261113C00015000,CALL,15.0,2026-11-13,2251,0,2138450,NEUTRAL,MID,PENDIENTE,,,0.3
2026-10-02,GME,GME261120C00018000,CALL,18.0,2026-11-20,3058,2,2073324,NEUTRAL,MID,PENDIENTE,,,0.3
2026-10-02,GME,GME261009C00024000,CALL,24.0,2026-10-09,9000,6945,999000,ALCISTA,ASK,PENDIENTE,,,0.125
2026-10-02,GME,GME261009C00026000,CALL,26.0,2026-10-09,8261,4529,272613,ALCISTA,ASK,PENDIENTE,,,0.125
2026-10-02,GME,GME261030P00025000,PUT,25.0,2026-10-30,1035,268,162495,NEUTRAL,MID,PENDIENTE,,,1.0
2026-10-02,GME,GME261120C00022000,CALL,22.0,2026-11-20,3357,2374,1124595,NEUTRAL,MID,PENDIENTE,,,1.0
2026-10-02,GME,GME261009C00025000,CALL,25.0,2026-10-09,17357,9461,989349,BAJISTA,BID,PENDIENTE,,,0.125
2026-10-02,GME,GME261106C00023000,CALL,23.0,2026-11-06,1043,234,256578,NEUTRAL,MID,PENDIENTE,,,1.0
2026-10-02,GME,GME261009C00019500,CALL,19.5,2026-10-09,1025,185,539150,NEUTRAL,MID,PENDIENTE,,,0.15
2026-10-02,GME,GME261009C00020000,CALL,20.0,2026-10-09,3983,980,1887942,NEUTRAL,MID,PENDIENTE,,,0.037
2026-10-02,GME,GME261009C00025500,CALL,25.5,2026-10-09,4099,1701,176257,BAJISTA,BID,PENDIENTE,,,0.125
2026-10-02,GME,GME261009C00023000,CALL,23.0,2026-10-09,3964,2574,697664,BAJISTA,BID,PENDIENTE,,,0.125
2026-10-02,GME,GME261009C00023500,CALL,23.5,2026-10-09,3608,1488,508728,NEUTRAL,MID,PENDIENTE,,,0.125
2026-10-02,GME,GME261009C00022500,CALL,22.5,2026-10-09,1053,384,236925,NEUTRAL,MID,PENDIENTE,,,0.15
2026-10-02,BTSG,BTSG261120C00065000,CALL,65.0,2026-11-20,233,47,59182,NEUTRAL,MID,PENDIENTE,,,1.0
2026-10-02,ALSN,ALSN261120P00115000,PUT,115.0,2026-11-20,151,9,72480,NEUTRAL,MID,PENDIENTE,,,1.0
2026-10-02,OGE,OGE261016C00030000,CALL,30.0,2026-10-16,319,0,500830,NEUTRAL,MID,PENDIENTE,,,0.3
2026-10-02,OGE,OGE261120C00025000,CALL,25.0,2026-11-20,319,0,658735,NEUTRAL,MID,PENDIENTE,,,0.3
2026-10-02,DKS,DKS261030P00125000,PUT,125.0,2026-10-30,837,78,146475,BAJISTA,ASK,PENDIENTE,,,1.0
2026-10-02,DKS,DKS261016P00139000,PUT,139.0,2026-10-16,400,0,252000,NEUTRAL,MID,PENDIENTE,,,1.0
2026-10-02,AAL,AAL261023C00013500,CALL,13.5,2026-10-23,2497,780,114862,ALCISTA,ASK,PENDIENTE,,,1.0
2026-10-02,AAL,AAL261023P00014000,PUT,14.0,2026-10-23,570,215,72390,NEUTRAL,MID,PENDIENTE,,,1.0
2026-10-02,AVT,AVT270219C00150000,CALL,150.0,2027-02-19,371,0,63070,NEUTRAL,MID,PENDIENTE,,,1.0
2026-10-02,ARWR,ARWR261016C00067500,CALL,67.5,2026-10-16,374,174,56100,ALCISTA,ASK,PENDIENTE,,,1.0
2026-10-02,KTOS,KTOS261120C00045000,CALL,45.0,2026-11-20,1526,432,488320,BAJISTA,BID,PENDIENTE,,,1.0
2026-10-02,KTOS,KTOS261016C00036000,CALL,36.0,2026-10-16,152,0,106400,NEUTRAL,MID,PENDIENTE,,,0.3
2026-10-02,KTOS,KTOS261016C00037000,CALL,37.0,2026-10-16,154,1,94402,NEUTRAL,MID,PENDIENTE,,,0.3
2026-10-02,WMS,WMS261120P00125000,PUT,125.0,2026-11-20,926,3,575972,NEUTRAL,MID,PENDIENTE,,,1.0
2026-10-02,AM,AM270115C00022000,CALL,22.0,2027-01-15,1014,507,50700,NEUTRAL,MID,PENDIENTE,,,1.0
2026-10-02,AMKR,AMKR280121C00080000,CALL,80.0,2028-01-21,615,339,728775,ALCISTA,ASK,PENDIENTE,,,0.25
2026-10-02,AMKR,AMKR280121P00075000,PUT,75.0,2028-01-21,500,11,1425000,NEUTRAL,MID,PENDIENTE,,,0.25
2026-10-02,AMKR,AMKR280121C00100000,CALL,100.0,2028-01-21,850,680,654500,BAJISTA,BID,PENDIENTE,,,0.25
2026-10-02,CLF,CLF261016P00013000,PUT,13.0,2026-10-16,3005,2779,480800,NEUTRAL,MID,PENDIENTE,,,1.0
2026-10-02,CLF,CLF270617C00015000,CALL,15.0,2027-06-17,3001,1544,423141,NEUTRAL,MID,PENDIENTE,,,0.25
2026-10-02,CLF,CLF270617P00010000,PUT,10.0,2027-06-17,3000,1893,447000,NEUTRAL,MID,PENDIENTE,,,0.25
2026-10-02,KEX,KEX261016C00145000,CALL,145.0,2026-10-16,730,3,54020,NEUTRAL,MID,PENDIENTE,,,1.0
2026-10-02,HIMS,HIMS261009C00029500,CALL,29.5,2026-10-09,3960,2438,304920,BAJISTA,BID,PENDIENTE,,,0.5
2026-10-02,HIMS,HIMS261218P00049000,PUT,49.0,2026-12-18,325,0,669175,NEUTRAL,MID,PENDIENTE,,,1.0
2026-10-02,HIMS,HIMS261218P00048000,PUT,48.0,2026-12-18,329,0,646485,NEUTRAL,MID,PENDIENTE,,,1.0
2026-10-02,HIMS,HIMS270521P00027000,PUT,27.0,2027-05-21,251,3,134787,NEUTRAL,MID,PENDIENTE,,,1.0
2026-10-02,HIMS,HIMS261009C00031500,CALL,31.5,2026-10-09,3594,507,93444,BAJISTA,BID,PENDIENTE,,,0.125
2026-10-02,HIMS,HIMS261009C00031000,CALL,31.0,2026-10-09,2384,1047,88208,NEUTRAL,MID,PENDIENTE,,,0.5
2026-10-02,HIMS,HIMS261009C00028500,CALL,28.5,2026-10-09,808,242,102616,NEUTRAL,MID,PENDIENTE,,,0.5
2026-10-02,HIMS,HIMS261009C00029000,CALL,29.0,2026-10-09,1137,489,113700,NEUTRAL,MID,PENDIENTE,,,0.5
2026-10-02,HIMS,HIMS261016P00039000,PUT,39.0,2026-10-16,128,30,114816,ALCISTA,BID,PENDIENTE,,,0.3
2026-10-02,HIMS,HIMS261009C00032000,CALL,32.0,2026-10-09,2877,1607,63294,NEUTRAL,MID,PENDIENTE,,,0.125
2026-10-02,CROX,CROX261120C00125000,CALL,125.0,2026-11-20,128,35,90880,ALCISTA,ASK,PENDIENTE,,,1.0
2026-10-02,CROX,CROX261120C00120000,CALL,120.0,2026-11-20,129,45,114165,ALCISTA,ASK,PENDIENTE,,,1.0
2026-10-02,CAVA,CAVA280121P00085000,PUT,85.0,2028-01-21,200,163,685200,ALCISTA,BID,PENDIENTE,,,1.0
2026-10-02,CAVA,CAVA261016C00056000,CALL,56.0,2026-10-16,556,383,73392,NEUTRAL,MID,PENDIENTE,,,1.0
2026-10-02,M,M261218C00023000,CALL,23.0,2026-12-18,903,342,158928,NEUTRAL,MID,PENDIENTE,,,1.0
2026-10-02,AVAV,AVAV261009C00150000,CALL,150.0,2026-10-09,584,109,57232,BAJISTA,BID,PENDIENTE,,,0.5
2026-10-02,AVAV,AVAV261120C00155000,CALL,155.0,2026-11-20,443,244,287950,BAJISTA,BID,PENDIENTE,,,1.0
2026-10-02,PATH,PATH261113P00017000,PUT,17.0,2026-11-13,200,0,76200,ALCISTA,BID,PENDIENTE,,,1.0
2026-10-02,WH,WH261016C00070000,CALL,70.0,2026-10-16,174,45,52200,NEUTRAL,MID,PENDIENTE,,,1.0
2026-10-02,BSY,BSY280121C00045000,CALL,45.0,2028-01-21,501,215,122745,NEUTRAL,MID,PENDIENTE,,,1.0
2026-10-02,EXP,EXP270416P00165000,PUT,165.0,2027-04-16,100,0,110000,ALCISTA,BID,PENDIENTE,,,1.0
2026-10-02,GAP,GAP270115P00023000,PUT,23.0,2027-01-15,1745,313,441485,NEUTRAL,MID,PENDIENTE,,,1.0
2026-10-02,APPF,APPF261016P00200000,PUT,200.0,2026-10-16,230,4,131100,NEUTRAL,MID,PENDIENTE,,,1.0
2026-10-02,MSM,MSM261016C00140000,CALL,140.0,2026-10-16,1996,0,55888,NEUTRAL,MID,PENDIENTE,,,1.0
2026-10-02,BROS,BROS270416C00045000,CALL,45.0,2027-04-16,282,224,129720,NEUTRAL,MID,PENDIENTE,,,1.0
2026-10-02,BROS,BROS261106P00042000,PUT,42.0,2026-11-06,116,59,58000,NEUTRAL,MID,PENDIENTE,,,1.0
2026-10-02,VFC,VFC270319P00013000,PUT,13.0,2027-03-19,7469,1363,836528,NEUTRAL,MID,PENDIENTE,,,1.0
2026-10-02,VFC,VFC270319P00011000,PUT,11.0,2027-03-19,1843,1425,86621,ALCISTA,BID,PENDIENTE,,,1.0
2026-10-02,OZK,OZK280121C00035000,CALL,35.0,2028-01-21,465,3,628680,NEUTRAL,MID,PENDIENTE,,,1.0
2026-10-02,ALGM,ALGM261016C00040000,CALL,40.0,2026-10-16,1572,264,315972,NEUTRAL,MID,PENDIENTE,,,1.0
2026-10-02,ALGM,ALGM280121C00012500,CALL,12.5,2028-01-21,164,0,467400,NEUTRAL,MID,PENDIENTE,,,0.3
2026-10-02,ALK,ALK261120C00042500,CALL,42.5,2026-11-20,316,137,64780,NEUTRAL,MID,PENDIENTE,,,1.0
2026-10-02,SARO,SARO261120C00020000,CALL,20.0,2026-11-20,506,109,107778,NEUTRAL,MID,PENDIENTE,,,1.0
2026-10-02,SIRI,SIRI261009C00026000,CALL,26.0,2026-10-09,17472,20,506688,BAJISTA,BID,PENDIENTE,,,0.5
2026-10-02,SIRI,SIRI261009C00026500,CALL,26.5,2026-10-09,17482,253,279712,BAJISTA,BID,PENDIENTE,,,0.5
2026-10-02,MAT,MAT261120C00014000,CALL,14.0,2026-11-20,2356,225,471200,NEUTRAL,MID,PENDIENTE,,,1.0
2026-10-02,MAT,MAT270115C00017000,CALL,17.0,2027-01-15,5288,851,581680,NEUTRAL,MID,PENDIENTE,,,0.25
2026-10-02,MAT,MAT261120C00015000,CALL,15.0,2026-11-20,1280,205,162560,BAJISTA,BID,PENDIENTE,,,1.0
2026-10-02,MAT,MAT261016C00015000,CALL,15.0,2026-10-16,1793,1043,164956,ALCISTA,ASK,PENDIENTE,,,1.0
2026-10-02,MAT,MAT261218C00016000,CALL,16.0,2026-12-18,3306,2435,366966,NEUTRAL,MID,PENDIENTE,,,1.0
2026-10-02,MAT,MAT270115P00013000,PUT,13.0,2027-01-15,4983,1598,204303,ALCISTA,BID,PENDIENTE,,,0.25
2026-10-02,MAT,MAT270115C00015000,CALL,15.0,2027-01-15,1456,695,269360,NEUTRAL,MID,PENDIENTE,,,1.0
2026-10-02,MAT,MAT270115C00020000,CALL,20.0,2027-01-15,5004,1886,115092,BAJISTA,BID,PENDIENTE,,,0.25
2026-10-02,SYNA,SYNA261016P00120000,PUT,120.0,2026-10-16,572,1,51480,BAJISTA,ASK,PENDIENTE,,,1.0
2026-10-02,CBT,CBT261016C00085000,CALL,85.0,2026-10-16,5187,53,62244,BAJISTA,BID,PENDIENTE,,,1.0
2026-10-02,FLG,FLG261016C00012000,CALL,12.0,2026-10-16,3107,833,62140,NEUTRAL,MID,PENDIENTE,,,1.0
2026-10-02,BBWI,BBWI261016C00015500,CALL,15.5,2026-10-16,1751,11,213622,ALCISTA,ASK,PENDIENTE,,,1.0
2026-10-02,BBWI,BBWI261009C00016000,CALL,16.0,2026-10-09,1006,7,55330,NEUTRAL,MID,PENDIENTE,,,0.5
2026-10-02,CHH,CHH261016C00100000,CALL,100.0,2026-10-16,743,416,393790,ALCISTA,ASK,PENDIENTE,,,1.0
2026-10-02,FOUR,FOUR270115C00040000,CALL,40.0,2027-01-15,357,249,132090,NEUTRAL,MID,PENDIENTE,,,1.0
2026-10-02,CAR,CAR261120C00130000,CALL,130.0,2026-11-20,101,23,51005,NEUTRAL,MID,PENDIENTE,,,1.0
2026-10-02,RH,RH261016P00110000,PUT,110.0,2026-10-16,806,496,132990,NEUTRAL,MID,PENDIENTE,,,1.0
2026-10-02,RGA,RGA261016C00260000,CALL,260.0,2026-10-16,924,25,87780,ALCISTA,ASK,PENDIENTE,,,1.0
2026-10-02,STRL,STRL261016P00490000,PUT,490.0,2026-10-16,112,29,81760,NEUTRAL,MID,PENDIENTE,,,1.0
2026-10-02,STRL,STRL261016P00520000,PUT,520.0,2026-10-16,115,111,212520,NEUTRAL,MID,PENDIENTE,,,1.0
2026-10-02,SITM,SITM261016P00700000,PUT,700.0,2026-10-16,254,0,751840,ALCISTA,BID,PENDIENTE,,,1.0
2026-10-02,XRAY,XRAY270416C00005000,CALL,5.0,2027-04-16,201,60,78390,BAJISTA,BID,PENDIENTE,,,0.3
