date,ticker,price,opt_vol,call_vol,put_vol,iv30,unusual_premium,bull_premium,bear_premium,stock_volume
2026-10-01,A,166.68,557,349,208,0.3122,0,0,0,2787267.0
2026-10-02,A,167.78,899,246,653,0.3088,92590,0,0,2290096.0
2026-10-01,AA,42.06,13903,10119,3784,0.4899,0,0,0,4918387.0
2026-10-02,AA,41.95,10223,4398,5825,0.4795,0,0,0,3690797.0
2026-10-01,AAL,13.35,54799,21202,33597,0.5138,0,0,0,54789527.0
2026-10-02,AAL,12.96,69790,35542,34248,0.4988,187252,114862,0,73008245.0
2026-10-01,AAON,82.23,514,468,46,0.6987,0,0,0,1052724.0
2026-10-02,AAON,83.5,128,63,65,0.6482,0,0,0,707241.0
2026-10-01,AAPL,331.47,1158689,713817,444872,0.2622,31637354,2250622,3633813,36306346.0
2026-10-02,AAPL,333.6,1358616,847935,510681,0.254,46248466,224218,958063,33278552.0
2026-10-01,ABBV,261.0,8500,4912,3588,0.3009,0,0,0,3889907.0
2026-10-02,ABBV,263.04,13085,8432,4653,0.2945,383576,0,0,5540679.0
2026-10-01,ABNB,163.9,7885,4165,3720,0.3706,1609800,0,0,4842086.0
2026-10-02,ABNB,162.1,10233,5106,5127,0.3681,390750,0,0,3437817.0
2026-10-01,ABT,97.6,9143,4752,4391,0.321,0,0,0,8862124.0
2026-10-02,ABT,97.2,14961,10019,4942,0.3154,1264988,0,174011,8644983.0
2026-10-01,ACGL,94.26,207,176,31,0.2207,0,0,0,4093535.0
2026-10-02,ACGL,93.6,220,90,130,0.2295,0,0,0,3011836.0
2026-09-30,ACHV,8.0,321,321,0,0.6779,0,0,0,2378245.0
2026-10-01,ACHV,7.43,47,30,17,0.7114,0,0,0,1153537.0
2026-10-01,ACI,11.72,2002,1593,409,0.4179,0,0,0,5980218.0
2026-10-02,ACI,11.8,1040,630,410,0.4036,0,0,0,5548865.0
2026-10-01,ACM,59.6,102,68,34,0.392,0,0,0,1336712.0
2026-10-02,ACM,60.0,106,87,19,0.3901,0,0,0,1323400.0
2026-10-01,ACN,212.0,97753,59157,38596,0.4293,13567981,1691845,136635,28982113.0
2026-10-02,ACN,199.51,61599,36793,24806,0.4285,9249387,1130078,30537,10033628.0
2026-10-01,ADBE,241.25,28093,16571,11522,0.3993,32647328,2111407,0,4764485.0
2026-10-02,ADBE,237.4,21570,12317,9253,0.3797,1442192,330138,11876,3106097.0
2026-10-01,ADC,65.29,0,0,0,,0,0,0,0.0
2026-10-02,ADC,65.88,102,58,44,0.1961,0,0,0,1585634.0
2026-10-01,ADI,410.5,6894,4395,2499,0.3864,0,0,0,3162643.0
2026-10-02,ADI,417.15,12342,7331,5011,0.3729,2754714,130896,126357,2623352.0
2026-10-01,ADM,79.84,1019,628,391,0.3196,0,0,0,2396224.0
2026-10-02,ADM,81.2,2452,869,1583,0.3083,0,0,0,3463563.0
2026-10-01,ADP,263.96,746,328,418,0.2822,0,0,0,1532234.0
2026-10-02,ADP,257.68,1058,559,499,0.2757,0,0,0,2177399.0
2026-10-01,ADSK,211.6,2418,1299,1119,0.4134,0,0,0,2334428.0
2026-10-02,ADSK,212.98,3678,1765,1913,0.4084,71250,35625,0,1664702.0
2026-10-01,AEE,99.64,70,22,48,0.1964,0,0,0,2296365.0
2026-10-02,AEE,99.94,2143,1809,334,0.1905,492414,39309,0,2406732.0
2026-10-01,AEIS,294.11,391,303,88,0.6116,189600,0,0,453014.0
2026-10-02,AEIS,309.79,362,297,65,0.5998,0,0,0,426038.0
2026-10-01,AEP,119.75,979,593,386,0.2074,0,0,0,4139534.0
2026-10-02,AEP,119.57,703,424,279,0.2006,0,0,0,5532187.0
2026-10-01,AES,14.92,585,547,38,0.0556,0,0,0,9168483.0
2026-10-02,AES,14.91,289,269,20,0.0593,0,0,0,7258473.0
2026-10-01,AFG,138.08,1,1,0,0.2011,0,0,0,323311.0
2026-10-02,AFG,139.1,14,14,0,0.2075,0,0,0,362320.0
2026-10-01,AFL,111.18,1421,1170,251,0.1887,0,0,0,1471085.0
2026-10-02,AFL,111.54,1283,396,887,0.2022,0,0,0,1874050.0
2026-10-01,AGCO,111.81,216,186,30,0.3905,0,0,0,984008.0
2026-10-02,AGCO,114.61,19,12,7,0.3803,0,0,0,886128.0
2026-09-30,AGIO,33.21,79,77,2,0.7364,0,0,0,1548455.0
2026-10-01,AGIO,32.48,1260,1223,37,0.7306,2081200,0,187308,1703750.0
2026-10-02,AGIO,31.8,197,197,0,0.7869,0,0,0,569933.0
2026-10-01,AGNC,8.95,93267,29847,63420,0.2961,343382,73600,136216,51031976.0
2026-10-02,AGNC,8.82,63334,35253,28081,0.292,355708,238960,0,39792828.0
2026-10-01,AHR,50.69,9,9,0,0.2675,0,0,0,2879999.0
2026-10-02,AHR,50.75,11,11,0,0.2641,0,0,0,2444258.0
2026-10-01,AIG,75.43,496,247,249,0.2446,0,0,0,5352218.0
2026-10-02,AIG,74.93,1292,1066,226,0.2336,0,0,0,4739461.0
2026-10-01,AIT,339.39,3,3,0,0.2692,0,0,0,188478.0
2026-10-02,AIT,343.45,11,6,5,0.2742,0,0,0,268208.0
2026-10-01,AIZ,266.24,20,15,5,0.232,0,0,0,385957.0
2026-10-02,AIZ,267.32,30,30,0,0.2317,0,0,0,349498.0
2026-10-01,AJG,231.82,275,234,41,0.34,0,0,0,2862271.0
2026-10-02,AJG,226.11,313,175,138,0.3288,0,0,0,1076872.0
2026-10-01,AKAM,107.83,13486,8286,5200,0.5674,149400,0,0,5590409.0
2026-10-02,AKAM,108.88,15470,8558,6912,0.5705,446350,103400,0,5032776.0
2026-10-01,ALAB,349.2,33933,23768,10165,0.841,3824940,1747664,351762,4080050.0
2026-10-02,ALAB,350.01,40575,23952,16623,0.8009,7745125,437972,768200,4094921.0
2026-10-01,ALB,105.51,5920,2102,3818,0.5251,4040100,0,0,1948132.0
2026-10-02,ALB,104.59,4890,2677,2213,0.5178,0,0,0,2004790.0
2026-10-01,ALGM,37.4,318,248,70,0.672,0,0,0,2794366.0
2026-10-02,ALGM,39.53,4450,4194,256,0.6782,783372,0,0,5210307.0
2026-10-01,ALGN,145.34,1486,245,1241,0.5537,1208704,0,0,619792.0
2026-10-02,ALGN,143.74,2314,740,1574,0.5615,941134,0,0,420832.0
2026-10-01,ALK,39.49,1614,997,617,0.5373,0,0,0,2861183.0
2026-10-02,ALK,39.53,1090,831,259,0.5237,64780,0,0,2662925.0
2026-10-01,ALL,224.41,994,805,189,0.269,297950,0,0,2944745.0
2026-10-02,ALL,223.74,787,329,458,0.2688,0,0,0,1205798.0
2026-10-01,ALLE,154.28,97,69,28,0.2666,0,0,0,1084307.0
2026-10-02,ALLE,154.21,668,640,28,0.2706,0,0,0,726401.0
2026-10-01,ALLY,37.65,6645,6019,626,0.3088,338040,0,101412,5166473.0
2026-10-02,ALLY,37.91,886,551,335,0.302,0,0,0,2917965.0
2026-09-30,ALNY,246.74,378,255,123,0.4885,0,0,0,1044414.0
2026-10-01,ALNY,231.54,1111,784,327,0.4891,198900,0,0,2017406.0
2026-10-01,ALSN,116.28,7,4,3,0.3598,0,0,0,802623.0
2026-10-02,ALSN,117.97,173,19,154,0.3511,72480,0,0,749679.0
2026-10-01,ALV,113.06,6,0,6,0.2933,0,0,0,654772.0
2026-10-02,ALV,111.85,57,6,51,0.3001,0,0,0,714941.0
2026-10-01,AM,20.26,217,124,93,0.2544,0,0,0,2395852.0
2026-10-02,AM,20.36,1702,1626,76,0.2536,50700,0,0,2353213.0
2026-10-01,AMAT,539.0,55435,29486,25949,0.5385,3635110,620880,0,6089343.0
2026-10-02,AMAT,540.01,40423,20557,19866,0.5272,3618120,0,2268000,5701784.0
2026-10-01,AMCR,41.81,342,228,114,0.2796,0,0,0,3029738.0
2026-10-02,AMCR,41.86,250,208,42,0.2735,0,0,0,2401886.0
2026-10-01,AMD,625.08,376200,206913,169287,0.5192,38603522,4683830,0,17134533.0
2026-10-02,AMD,633.25,727376,410800,316576,0.5021,68116114,3784613,1280454,19865309.0
2026-10-01,AME,249.09,189,133,56,0.2421,0,0,0,2009461.0
2026-10-02,AME,251.93,536,449,87,0.2429,0,0,0,1588812.0
2026-10-01,AMG,371.95,9,4,5,0.3589,0,0,0,176175.0
2026-10-02,AMG,371.43,8,5,3,0.3565,0,0,0,219429.0
2026-10-01,AMGN,410.2,5539,4222,1317,0.2851,0,0,0,2501030.0
2026-10-02,AMGN,404.0,3591,2377,1214,0.2776,195300,0,0,3503219.0
2026-10-01,AMH,30.53,2,0,2,0.212,0,0,0,2785088.0
2026-10-02,AMH,30.26,1,0,1,0.2142,0,0,0,3023306.0
2026-10-01,AMKR,53.87,6049,4004,2045,0.7459,99900,0,0,3619439.0
2026-10-02,AMKR,56.04,9634,6014,3620,0.7555,2808275,182194,49088,4334637.0
2026-10-01,AMP,494.82,54,30,24,0.2777,0,0,0,595516.0
2026-10-02,AMP,490.91,28,21,7,0.2756,0,0,0,462591.0
2026-10-01,AMT,161.06,1646,1014,632,0.2723,0,0,0,2649195.0
2026-10-02,AMT,162.2,2209,1014,1195,0.2678,1312200,393660,0,2908509.0
2026-10-01,AMZN,249.75,637810,427736,210074,0.3872,39240005,3555214,1799097,33243918.0
2026-10-02,AMZN,251.39,822665,587567,235098,0.3813,62393211,1539219,1159939,33433392.0
2026-10-01,AN,164.99,222,52,170,0.3889,132312,0,0,805488.0
2026-10-02,AN,162.46,54,24,30,0.3871,0,0,0,402077.0
2026-10-01,ANET,207.6,14585,8704,5881,0.4809,71001,0,0,4106819.0
2026-10-02,ANET,207.51,15596,9703,5893,0.4735,591927,0,0,4146651.0
2026-10-01,ANF,136.36,2994,2299,695,0.4863,0,0,0,1136081.0
2026-10-02,ANF,135.91,2344,1173,1171,0.4703,0,0,0,1053835.0
2026-10-01,AON,275.95,309,149,160,0.287,0,0,0,2009618.0
2026-10-02,AON,269.45,745,658,87,0.289,293880,293880,0,1315157.0
2026-10-01,AOS,56.67,579,124,455,0.273,66200,0,0,2114201.0
2026-10-02,AOS,56.75,114,71,43,0.2754,0,0,0,1090952.0
2026-10-01,APA,43.4,4808,2598,2210,0.4504,0,0,0,6931070.0
2026-10-02,APA,43.68,3883,2162,1721,0.4458,0,0,0,3956752.0
2026-10-01,APD,273.33,386,120,266,0.25,0,0,0,1568671.0
2026-10-02,APD,277.57,241,199,42,0.2531,0,0,0,1015298.0
2026-10-01,APG,40.01,20,17,3,0.3511,0,0,0,3533849.0
2026-10-02,APG,40.48,22,22,0,0.3334,0,0,0,2960702.0
2026-10-01,APH,85.67,10878,8764,2114,0.4364,231630,0,0,11887369.0
2026-10-02,APH,86.86,7195,4737,2458,0.4167,107160,0,0,10764622.0
2026-10-01,APO,115.99,45589,1836,43753,0.395,2261231,136036,0,4249694.0
2026-10-02,APO,114.02,40881,2229,38652,0.3935,928270,331260,0,2797852.0
2026-10-01,APP,266.78,96181,45663,50518,0.5999,37100010,0,10363968,8021715.0
2026-10-02,APP,268.09,81513,42605,38908,0.5932,9963640,578009,139095,8968978.0
2026-10-01,APPF,204.24,3,3,0,0.4987,0,0,0,187584.0
2026-10-02,APPF,202.97,253,8,245,0.4873,131100,0,0,340675.0
2026-10-01,APTV,43.97,686,559,127,0.4235,55500,0,16650,2582787.0
2026-10-02,APTV,43.46,839,696,143,0.4194,515495,0,0,2714227.0
2026-10-01,AR,34.03,997,622,375,0.3818,0,0,0,2381116.0
2026-10-02,AR,34.0,1655,1214,441,0.3794,0,0,0,4472622.0
2026-10-01,ARE,47.03,947,453,494,0.4413,0,0,0,3204006.0
2026-10-02,ARE,47.37,570,380,190,0.4243,0,0,0,2068801.0
2026-10-01,ARES,116.57,1315,439,876,0.4333,0,0,0,2330014.0
2026-10-02,ARES,117.55,1138,299,839,0.4312,87450,26235,0,2594025.0
2026-10-01,ARKK,89.44,13025,3586,9439,0.3574,0,0,0,3720198.0
2026-10-02,ARKK,89.83,43277,19378,23899,0.3442,554137,0,4195,5553515.0
2026-10-01,ARM,298.49,47120,26255,20865,0.6989,5428320,2068046,0,3278976.0
2026-10-02,ARM,307.39,119298,80528,38770,0.6981,16541905,5827905,282304,5881521.0
2026-10-01,ARMK,54.59,63,26,37,0.252,0,0,0,2737421.0
2026-10-02,ARMK,55.55,215,55,160,0.2515,0,0,0,1983695.0
2026-10-01,ARW,231.63,753,646,107,0.4235,1258600,0,0,471849.0
2026-10-02,ARW,242.01,1196,988,208,0.4203,60690,0,18207,884011.0
2026-10-01,ARWR,64.75,706,528,178,0.5379,0,0,0,1522235.0
2026-10-02,ARWR,64.14,2024,1366,658,0.5419,56100,56100,0,1214778.0
2026-10-01,ASB,28.72,85,40,45,0.2949,0,0,0,2442114.0
2026-10-02,ASB,29.0,0,0,0,0.2706,0,0,0,1694777.0
2026-10-01,ASH,68.61,2623,2622,1,0.3536,0,0,0,564373.0
2026-10-02,ASH,69.52,23,12,11,0.3478,0,0,0,363564.0
2026-10-01,ASML,1832.21,16796,7925,8871,0.4476,4380100,1465110,0,1406582.0
2026-10-02,ASML,1867.31,24170,12878,11292,0.4445,26572189,64800,238538,1343304.0
2026-10-01,ATI,191.14,182,152,30,0.4794,0,0,0,1483476.0
2026-10-02,ATI,192.0,1486,1111,375,0.4686,938510,0,79497,1423577.0
2026-10-01,ATO,156.38,29,23,6,0.1786,0,0,0,1086698.0
2026-10-02,ATO,157.17,28,18,10,0.175,0,0,0,843833.0
2026-10-01,ATR,120.87,2,2,0,0.2812,0,0,0,389005.0
2026-10-02,ATR,119.91,0,0,0,0.2902,0,0,0,383976.0
2026-09-30,AUPH,16.2,714,444,270,0.4497,0,0,0,913844.0
2026-10-01,AUPH,15.45,549,230,319,0.442,0,0,0,934032.0
2026-10-02,AUPH,15.83,1393,946,447,0.42,60915,60915,0,813421.0
2026-10-01,AVAV,141.99,6213,3796,2417,0.5673,120003,0,36001,1272385.0
2026-10-02,AVAV,140.99,5802,3979,1823,0.5497,345182,0,94970,1273669.0
2026-10-01,AVGO,347.36,285897,176715,109182,0.3564,7306299,627506,0,24574136.0
2026-10-02,AVGO,355.1,484184,310385,173799,0.3522,24475807,4868662,261198,24639562.0
2026-10-01,AVNT,40.54,32,0,32,0.3387,0,0,0,670876.0
2026-10-02,AVNT,41.17,1977,1977,0,0.3309,0,0,0,876562.0
2026-10-01,AVT,102.24,84,29,55,0.4317,0,0,0,1203733.0
2026-10-02,AVT,107.9,843,734,109,0.4698,63070,0,0,2155923.0
2026-10-01,AVTR,15.03,108,81,27,0.3764,0,0,0,10567381.0
2026-10-02,AVTR,15.34,56,50,6,0.3711,0,0,0,6149097.0
2026-10-01,AVY,171.62,58,34,24,0.2824,0,0,0,788023.0
2026-10-02,AVY,169.87,52,2,50,0.2868,0,0,0,631638.0
2026-10-01,AWK,127.86,705,611,94,0.2198,195650,0,0,2423530.0
2026-10-02,AWK,130.25,838,819,19,0.2167,0,0,0,2149929.0
2026-10-01,AXON,424.0,2500,1353,1147,0.5907,181000,0,181000,829478.0
2026-10-02,AXON,413.35,4045,1871,2174,0.5834,740744,382024,0,715076.0
2026-10-01,AXP,304.0,10609,5303,5306,0.2964,0,0,0,3921762.0
2026-10-02,AXP,302.96,18502,13830,4672,0.2932,2351479,0,0,2778135.0
2026-10-01,AXTA,31.85,8,0,8,0.393,0,0,0,1740162.0
2026-10-02,AXTA,32.2,0,0,0,0.3811,0,0,0,2704615.0
2026-10-01,AYI,299.28,268,115,153,0.3137,0,0,0,821056.0
2026-10-02,AYI,308.76,236,59,177,0.3058,0,0,0,745821.0
2026-10-01,AZO,2811.09,2057,1460,597,0.3111,1011050,187222,0,303812.0
2026-10-02,AZO,2792.03,1818,1508,310,0.3065,1641660,137160,451350,169808.0
2026-10-01,BA,193.52,168334,122309,46025,0.3904,8967936,3260390,0,13538550.0
2026-10-02,BA,193.8,184729,127218,57511,0.3769,12009783,39433,2081,12632602.0
2026-10-01,BAC,53.93,246618,129001,117617,0.2859,13934346,242488,2280154,60033328.0
2026-10-02,BAC,53.76,162364,85752,76612,0.279,2450999,233616,181390,35070640.0
2026-10-01,BAH,70.47,360,292,68,0.3998,0,0,0,3009654.0
2026-10-02,BAH,67.35,460,277,183,0.3963,0,0,0,2287568.0
2026-10-01,BALL,56.5,37,37,0,0.2554,0,0,0,3375186.0
2026-10-02,BALL,56.37,225,82,143,0.2601,0,0,0,1863971.0
2026-10-01,BAX,23.64,426,282,144,0.4833,0,0,0,7380992.0
2026-10-02,BAX,23.49,4138,3268,870,0.511,62708,0,0,4735306.0
2026-09-30,BBIO,65.8,315,226,89,0.4837,0,0,0,2822431.0
2026-10-01,BBIO,67.0,797,248,549,0.4704,0,0,0,3550066.0
2026-10-02,BBIO,67.25,773,757,16,0.4753,144960,0,0,2646126.0
2026-10-01,BBWI,16.4,1425,755,670,0.4833,0,0,0,5196628.0
2026-10-02,BBWI,16.16,6252,5031,1221,0.4848,268952,213622,0,5653218.0
2026-10-01,BBY,87.7,2062,1249,813,0.3717,0,0,0,3420936.0
2026-10-02,BBY,87.96,5061,3628,1433,0.3603,0,0,0,1479443.0
2026-10-01,BC,64.22,46,15,31,0.3992,0,0,0,838609.0
2026-10-02,BC,65.43,108,57,51,0.3755,0,0,0,557079.0
2026-10-01,BCO,99.97,48,23,25,0.316,0,0,0,405389.0
2026-10-02,BCO,101.8,77,62,15,0.3052,0,0,0,407683.0
2026-10-01,BDC,108.28,32,28,4,0.4542,0,0,0,385775.0
2026-10-02,BDC,112.46,83,71,12,0.4511,0,0,0,333260.0
2026-10-01,BDX,178.07,69,15,54,0.2802,0,0,0,1287872.0
2026-10-02,BDX,176.8,55,25,30,0.2938,0,0,0,1113337.0
2026-10-01,BE,280.13,120169,69059,51110,0.8095,17336942,7656450,5164105,11509021.0
2026-10-02,BE,287.22,195851,108215,87636,0.7936,25595813,768103,2549478,12867884.0
2026-10-01,BEN,32.5,629,592,37,0.3005,0,0,0,5302400.0
2026-10-02,BEN,32.81,303,245,58,0.288,0,0,0,5056508.0
2026-10-01,BF.B,25.97,45,26,19,0.3219,0,0,0,2032251.0
2026-10-02,BF.B,26.16,60,50,10,0.3079,0,0,0,1700108.0
2026-10-01,BG,106.61,1252,897,355,0.3574,0,0,0,2613211.0
2026-10-02,BG,106.72,487,340,147,0.3552,0,0,0,1617941.0
2026-10-01,BHF,50.05,515,331,184,0.5672,0,0,0,531454.0
2026-10-02,BHF,50.02,974,778,196,0.5716,0,0,0,407877.0
2026-10-01,BIIB,222.2,1002,886,116,0.356,0,0,0,1755321.0
2026-10-02,BIIB,219.1,1863,1177,686,0.3601,108544,0,0,777993.0
2026-10-01,BILL,43.78,268,134,134,0.5473,0,0,0,1118969.0
2026-10-02,BILL,43.62,1415,1092,323,0.5584,0,0,0,1194857.0
2026-10-01,BIO,355.57,26,6,20,0.3928,0,0,0,264578.0
2026-10-02,BIO,369.14,5,4,1,0.3753,0,0,0,223640.0
2026-10-01,BJ,94.36,410,347,63,0.3214,111100,0,0,3640009.0
2026-10-02,BJ,94.96,62,29,33,0.3335,0,0,0,2439082.0
2026-10-01,BKH,70.14,119,19,100,0.2506,0,0,0,901720.0
2026-10-02,BKH,70.96,6,5,1,0.2572,0,0,0,614614.0
2026-10-01,BKNG,162.06,10258,5139,5119,0.4271,9009620,521052,0,6672748.0
2026-10-02,BKNG,158.89,28764,11367,17397,0.4003,2038974,774060,119520,7590827.0
2026-10-01,BKR,55.24,1028,647,381,0.3466,0,0,0,6573578.0
2026-10-02,BKR,56.08,1228,1109,119,0.3448,0,0,0,3970032.0
2026-10-01,BLK,1064.36,1935,1724,211,0.3237,3046195,1811485,0,524534.0
2026-10-02,BLK,1056.1,1349,782,567,0.323,0,0,0,538441.0
2026-10-01,BMRN,58.5,914,863,51,0.351,111940,0,0,2083189.0
2026-10-02,BMRN,57.18,476,377,99,0.3546,0,0,0,2192303.0
2026-10-01,BMY,61.0,41074,20482,20592,0.3575,16642422,614992,0,10768320.0
2026-10-02,BMY,61.02,29727,20442,9285,0.358,597533,0,66872,9933590.0
2026-10-01,BNY,143.92,2071,1033,1038,0.2862,64770,0,19431,6293559.0
2026-10-02,BNY,145.37,1191,816,375,0.2778,109800,0,0,2828531.0
2026-10-01,BR,161.15,129,103,26,0.3548,0,0,0,653614.0
2026-10-02,BR,156.93,315,224,91,0.3517,266000,0,0,743070.0
2026-10-01,BRK.B,501.12,23321,14973,8348,0.1357,372300,0,372300,4595140.0
2026-10-02,BRK.B,502.28,34115,12766,21349,0.1336,1541151,17156,0,4164610.0
2026-10-01,BRKR,61.94,214,128,86,0.6072,0,0,0,2378239.0
2026-10-02,BRKR,63.24,19,14,5,0.6191,0,0,0,1989394.0
2026-10-01,BRO,61.77,63,26,37,0.3127,0,0,0,2804775.0
2026-10-02,BRO,59.91,64,14,50,0.3002,0,0,0,2520326.0
2026-10-01,BROS,38.61,4560,2711,1849,0.5073,0,0,0,3809018.0
2026-10-02,BROS,38.75,4512,2818,1694,0.519,187720,0,0,3024591.0
2026-10-01,BRX,27.57,0,0,0,0.248,0,0,0,3999015.0
2026-10-02,BRX,27.39,10,10,0,0.2445,0,0,0,4425123.0
2026-10-01,BSX,43.21,17242,6701,10541,0.4714,18468330,229493,0,17935116.0
2026-10-02,BSX,42.59,14488,7128,7360,0.4601,212968,0,25666,18303997.0
2026-10-01,BSY,32.75,90,75,15,0.4327,0,0,0,1959122.0
2026-10-02,BSY,32.23,529,529,0,0.4097,122745,0,0,1574812.0
2026-10-01,BTSG,57.26,83,56,27,0.4281,0,0,0,2880284.0
2026-10-02,BTSG,59.0,559,520,39,0.4528,59182,0,0,3195645.0
2026-10-01,BURL,275.32,5235,3208,2027,0.3853,1261660,0,576840,1867515.0
2026-10-02,BURL,275.34,6817,2914,3903,0.3786,392430,0,392430,1991683.0
2026-10-01,BWA,60.38,214,66,148,0.3769,0,0,0,1878510.0
2026-10-02,BWA,60.52,779,684,95,0.3805,77154,0,0,1520127.0
2026-10-01,BWXT,139.5,1382,817,565,0.4401,0,0,0,1330831.0
2026-10-02,BWXT,134.86,2496,2092,404,0.4356,404222,0,0,1408943.0
2026-10-01,BX,112.75,28142,6710,21432,0.4172,4171065,0,1662336,5953294.0
2026-10-02,BX,112.18,14090,6467,7623,0.4126,358838,66795,0,5689217.0
2026-10-01,BXP,60.24,789,453,336,0.2938,0,0,0,1409613.0
2026-10-02,BXP,60.45,106,33,73,0.2915,0,0,0,687210.0
2026-10-01,BYD,66.07,160,125,35,0.3015,0,0,0,1310183.0
2026-10-02,BYD,67.25,366,204,162,0.303,0,0,0,1118855.0
2026-10-01,C,127.4,157952,71039,86913,0.3276,5654545,675205,1695626,13771729.0
2026-10-02,C,128.54,55173,38550,16623,0.3139,3141556,112106,18981,7611465.0
2026-10-01,CACI,627.06,59,31,28,0.3781,0,0,0,305184.0
2026-10-02,CACI,615.04,11,2,9,0.3731,0,0,0,212800.0
2026-09-30,CADL,10.55,856,757,99,0.9125,283500,283500,0,1268853.0
2026-10-01,CADL,10.16,1256,745,511,0.92,0,0,0,1037610.0
2026-10-02,CADL,10.31,676,261,415,0.9038,148500,0,0,878366.0
2026-10-01,CAH,230.09,1674,1050,624,0.2745,0,0,0,1913270.0
2026-10-02,CAH,228.3,906,475,431,0.2825,0,0,0,1860003.0
2026-10-01,CAPR,8.95,6701,4789,1912,1.4929,0,0,0,3875878.0
2026-10-02,CAPR,8.98,6816,5081,1735,1.491,53460,0,0,2543451.0
2026-10-01,CAR,106.7,4444,1222,3222,0.7543,64818750,0,0,580331.0
2026-10-02,CAR,111.23,1847,980,867,0.753,51005,0,0,494448.0
2026-10-01,CARR,55.22,675,351,324,0.3739,0,0,0,7430346.0
2026-10-02,CARR,55.12,2503,1814,689,0.3412,0,0,0,5767924.0
2026-10-01,CART,43.07,4269,3324,945,0.4185,0,0,0,3712968.0
2026-10-02,CART,44.25,1045,764,281,0.4122,0,0,0,1751292.0
2026-10-01,CASY,619.5,647,377,270,0.331,0,0,0,690972.0
2026-10-02,CASY,617.76,546,269,277,0.318,64900,0,64900,606504.0
2026-10-01,CAT,836.59,18300,9291,9009,0.4448,2806281,1162380,1437906,2154297.0
2026-10-02,CAT,845.42,24538,11881,12657,0.4364,1141602,168316,0,2385677.0
2026-10-01,CAVA,54.4,11169,7501,3668,0.5552,0,0,0,3846879.0
2026-10-02,CAVA,54.41,5491,3636,1855,0.5602,758592,205560,0,2826451.0
2026-10-01,CB,331.3,424,265,159,0.1969,0,0,0,1368322.0
2026-10-02,CB,331.43,771,266,505,0.1945,0,0,0,1966192.0
2026-10-01,CBOE,277.19,2339,1703,636,0.4123,0,0,0,1467628.0
2026-10-02,CBOE,272.11,3608,1735,1873,0.3938,299800,89940,0,1151966.0
2026-10-01,CBRE,130.53,974,96,878,0.3738,0,0,0,1905546.0
2026-10-02,CBRE,129.58,2480,200,2280,0.3545,0,0,0,1903648.0
2026-10-01,CBSH,54.83,0,0,0,0.265,0,0,0,850172.0
2026-10-02,CBSH,55.28,0,0,0,0.2494,0,0,0,813913.0
2026-10-01,CBT,76.35,2,0,2,0.3554,0,0,0,606569.0
2026-10-02,CBT,76.95,5211,5210,1,0.3438,62244,0,18673,376701.0
2026-09-30,CCEP,101.71,1,1,0,0.225,0,0,0,1667902.0
2026-10-01,CCEP,100.94,16,14,2,0.2241,0,0,0,1474178.0
2026-10-02,CCEP,101.06,40,2,38,0.2113,0,0,0,2306453.0
2026-10-01,CCI,66.12,1284,1109,175,0.3357,118755,0,0,3549437.0
2026-10-02,CCI,66.75,1383,1028,355,0.3387,0,0,0,2952823.0
2026-10-01,CCK,106.19,23,6,17,0.2658,0,0,0,819266.0
2026-10-02,CCK,106.05,116,3,113,0.2707,0,0,0,772874.0
2026-10-01,CCL,25.44,41315,28274,13041,0.4069,76320,0,0,26477521.0
2026-10-02,CCL,25.81,82204,62859,19345,0.3722,1985568,1838250,0,27425727.0
2026-10-01,CDE,17.53,18121,14699,3422,0.5766,195315,20625,0,29945567.0
2026-10-02,CDE,17.66,15858,9202,6656,0.5665,77596,0,0,28228253.0
2026-10-01,CDNS,352.15,4665,2588,2077,0.4834,0,0,0,3284434.0
2026-10-02,CDNS,350.2,4674,3828,846,0.4731,1579676,0,26626,1612118.0
2026-10-01,CDP,33.27,1,1,0,0.3561,0,0,0,1310884.0
2026-10-02,CDP,33.57,0,0,0,0.35,0,0,0,824299.0
2026-10-01,CDW,135.83,332,158,174,0.462,0,0,0,1654432.0
2026-10-02,CDW,133.29,537,59,478,0.4585,315800,22140,0,1328497.0
2026-10-01,CEG,260.77,14215,6892,7323,0.4448,7570686,0,0,4215751.0
2026-10-02,CEG,258.0,16727,5430,11297,0.4412,1633590,30345,0,3663329.0
2026-10-01,CELH,27.59,14008,9904,4104,0.5194,0,0,0,5578512.0
2026-10-02,CELH,26.81,21265,13569,7696,0.5154,0,0,0,8993887.0
2026-10-01,CF,114.55,2032,1224,808,0.4185,0,0,0,2476755.0
2026-10-02,CF,115.01,3911,3536,375,0.412,196600,196600,0,1891823.0
2026-10-01,CFG,63.7,264,160,104,0.31,0,0,0,6319196.0
2026-10-02,CFG,64.33,562,151,411,0.3082,0,0,0,3320585.0
2026-10-01,CFR,154.51,17,6,11,0.2531,0,0,0,423547.0
2026-10-02,CFR,155.04,4,2,2,0.2442,0,0,0,322739.0
2026-10-01,CG,40.4,7160,268,6892,0.42,752010,0,66420,3850315.0
2026-10-02,CG,39.82,2552,627,1925,0.4303,0,0,0,2906666.0
2026-10-01,CGNX,62.5,777,528,249,0.5059,0,0,0,1691759.0
2026-10-02,CGNX,64.8,1083,703,380,0.4955,0,0,0,1721964.0
2026-10-01,CHD,94.11,34,27,7,0.2276,0,0,0,2512303.0
2026-10-02,CHD,94.31,34,14,20,0.2265,0,0,0,2181853.0
2026-10-01,CHDN,74.82,52,45,7,0.3873,0,0,0,1040908.0
2026-10-02,CHDN,76.05,222,162,60,0.3893,0,0,0,1194507.0
2026-10-01,CHE,502.9,0,0,0,0.3055,0,0,0,201684.0
2026-10-02,CHE,507.5,1,0,1,0.3205,0,0,0,159121.0
2026-10-01,CHH,102.31,279,275,4,0.3909,134750,134750,0,466818.0
2026-10-02,CHH,102.5,752,751,1,0.3833,393790,393790,0,661728.0
2026-10-01,CHRD,136.85,112,99,13,0.3928,0,0,0,786086.0
2026-10-02,CHRD,137.01,22,19,3,0.3849,0,0,0,358285.0
2026-10-01,CHRW,151.83,304,84,220,0.3656,0,0,0,1487927.0
2026-10-02,CHRW,157.72,234,88,146,0.3618,190300,0,190300,1231429.0
2026-10-01,CHTR,112.86,11798,7267,4531,0.6773,1967750,0,0,2977723.0
2026-10-02,CHTR,109.29,3000,1663,1337,0.6754,81600,0,0,1618438.0
2026-10-01,CHWY,18.0,16763,7767,8996,0.4578,0,0,0,7712745.0
2026-10-02,CHWY,18.17,9098,4802,4296,0.4481,0,0,0,7936533.0
2026-10-01,CI,268.0,5463,3417,2046,0.3109,220388,0,220388,1980997.0
2026-10-02,CI,270.53,1380,860,520,0.3088,60320,0,18096,1914055.0
2026-10-01,CIEN,383.0,16031,7528,8503,0.6531,4491440,0,232089,2566370.0
2026-10-02,CIEN,392.5,9912,4743,5169,0.6299,1466601,0,584442,2273621.0
2026-10-01,CINF,162.15,168,162,6,0.2225,0,0,0,649549.0
2026-10-02,CINF,161.95,299,291,8,0.2214,81180,0,24354,278514.0
2026-10-01,CL,84.53,2893,1258,1635,0.2411,0,0,0,5015275.0
2026-10-02,CL,84.33,1898,1476,422,0.2299,0,0,0,6610610.0
2026-10-01,CLF,11.5,32461,20599,11862,0.6746,109548,32864,0,14782166.0
2026-10-02,CLF,11.32,60961,29912,31049,0.6997,1350941,0,0,14614798.0
2026-10-01,CLH,312.51,4,3,1,0.2558,0,0,0,325895.0
2026-10-02,CLH,318.51,8,8,0,0.2541,0,0,0,424054.0
2026-10-01,CLX,80.8,4999,2867,2132,0.3569,0,0,0,3731748.0
2026-10-02,CLX,80.45,4711,3431,1280,0.3527,107000,0,0,2283443.0
2026-10-01,CMC,62.72,158,51,107,0.4023,0,0,0,1076074.0
2026-10-02,CMC,63.58,98,97,1,0.4013,0,0,0,917688.0
2026-10-01,CMCSA,21.75,11178,5079,6099,0.3897,323646,0,0,20418959.0
2026-10-02,CMCSA,21.58,13009,9179,3830,0.3853,0,0,0,20924329.0
2026-10-01,CME,266.0,2065,871,1194,0.2702,379280,0,0,2279393.0
2026-10-02,CME,263.14,2415,1222,1193,0.2767,145530,0,0,1493713.0
2026-10-01,CMG,32.5,29973,22147,7826,0.5082,349608,0,92387,18543933.0
2026-10-02,CMG,32.27,31470,23102,8368,0.4811,0,0,0,15056215.0
2026-10-01,CMI,517.0,541,390,151,0.3381,164700,164700,0,1661063.0
2026-10-02,CMI,529.73,833,665,168,0.3329,1010670,0,0,1040588.0
2026-10-01,CMS,63.64,31,29,2,0.2107,0,0,0,5785830.0
2026-10-02,CMS,63.74,130,120,10,0.1974,0,0,0,5152296.0
2026-10-01,CNC,61.15,3912,2619,1293,0.5154,0,0,0,5302649.0
2026-10-02,CNC,62.99,6931,5116,1815,0.539,150060,0,0,3579652.0
2026-10-01,CNH,12.85,350,308,42,0.4064,0,0,0,16909826.0
2026-10-02,CNH,13.47,116,72,44,0.3747,0,0,0,17281418.0
2026-10-01,CNM,41.38,359,231,128,0.3171,0,0,0,1899673.0
2026-10-02,CNM,41.35,27,21,6,0.3245,0,0,0,1391329.0
2026-10-01,CNO,53.08,8,8,0,0.2832,0,0,0,994149.0
2026-10-02,CNO,53.86,2,2,0,0.2725,0,0,0,711516.0
2026-10-01,CNP,37.21,93,39,54,0.2073,0,0,0,8354722.0
2026-10-02,CNP,37.79,151,149,2,0.1932,0,0,0,8756534.0
2026-10-01,CNX,31.52,60,33,27,0.3086,0,0,0,1344648.0
2026-10-02,CNX,31.5,33,15,18,0.3031,0,0,0,1728066.0
2026-10-01,COF,195.99,9572,5946,3626,0.3633,0,0,0,3743839.0
2026-10-02,COF,194.72,8378,5948,2430,0.3598,340650,0,15854,4296761.0
2026-09-30,COGT,32.48,229,179,50,0.5839,0,0,0,1960172.0
2026-10-01,COGT,31.59,113,110,3,0.5895,0,0,0,1698630.0
2026-10-02,COGT,31.02,528,416,112,0.5717,136680,0,0,1172099.0
2026-10-01,COHR,319.05,52743,27165,25578,0.7344,3313676,578730,512937,11392453.0
2026-10-02,COHR,337.49,39244,18983,20261,0.7144,11582415,70541,5038930,8655818.0
2026-10-01,COIN,194.7,140101,114463,25638,0.6512,6874803,1329399,0,5844186.0
2026-10-02,COIN,183.26,280418,196147,84271,0.6229,23929565,292537,616610,12867480.0
2026-10-01,COKE,187.55,137,41,96,0.3574,0,0,0,525340.0
2026-10-02,COKE,192.04,120,116,4,0.3602,0,0,0,457905.0
2026-10-01,COLB,28.73,95,28,67,0.2709,0,0,0,3302058.0
2026-10-02,COLB,28.92,57,57,0,0.2735,0,0,0,2376564.0
2026-10-01,COLM,57.69,3,3,0,0.3756,0,0,0,1006112.0
2026-10-02,COLM,57.27,7,7,0,0.3634,0,0,0,486400.0
2026-10-01,COO,56.9,441,345,96,0.2864,0,0,0,4897626.0
2026-10-02,COO,56.91,254,215,39,0.2818,0,0,0,3307608.0
2026-10-01,COP,127.06,5549,2983,2566,0.312,68385,68385,0,6070431.0
2026-10-02,COP,126.73,8594,4047,4547,0.3083,161022,0,15225,5196284.0
2026-10-01,COR,309.78,532,422,110,0.2822,0,0,0,1889577.0
2026-10-02,COR,309.05,133,19,114,0.2829,0,0,0,1164345.0
2026-09-30,CORT,115.69,402,364,38,0.4891,0,0,0,910311.0
2026-10-01,CORT,114.95,638,586,52,0.4967,0,0,0,878988.0
2026-10-02,CORT,118.9,351,286,65,0.4937,0,0,0,930248.0
2026-10-01,COST,915.4,36984,20254,16730,0.1945,10984648,98800,198360,2126408.0
2026-10-02,COST,919.55,35209,18929,16280,0.1892,6517921,0,963703,2025566.0
2026-10-01,CPAY,389.73,105,96,9,0.2933,0,0,0,563858.0
2026-10-02,CPAY,394.6,39,29,10,0.2807,0,0,0,575534.0
2026-10-01,CPRT,27.32,1095,687,408,0.3485,0,0,0,7285944.0
2026-10-02,CPRT,27.23,1132,750,382,0.3451,0,0,0,8434164.0
2026-10-01,CPT,96.62,142,28,114,0.224,0,0,0,1364226.0
2026-10-02,CPT,95.96,105,6,99,0.2258,0,0,0,1053377.0
2026-10-01,CR,206.32,20,17,3,0.3186,0,0,0,240608.0
2026-10-02,CR,208.2,7,7,0,0.3252,0,0,0,416264.0
2026-10-01,CRBG,33.66,321,73,248,0.3025,0,0,0,5437848.0
2026-10-02,CRBG,34.03,209,208,1,0.3096,0,0,0,5299301.0
2026-10-01,CRH,81.7,851,411,440,0.3972,0,0,0,5572505.0
2026-10-02,CRH,81.94,1200,981,219,0.3747,164220,0,0,3928218.0
2026-10-01,CRL,287.6,130,111,19,0.468,0,0,0,823059.0
2026-10-02,CRL,290.19,243,232,11,0.4581,165720,0,49716,445510.0
2026-10-01,CRM,236.11,41233,23022,18211,0.3938,109340,0,109340,9571565.0
2026-10-02,CRM,234.85,27250,15746,11504,0.382,1095858,26676,0,7890689.0
2026-10-01,CROX,119.0,171,110,61,0.4994,0,0,0,1037428.0
2026-10-02,CROX,118.09,385,311,74,0.4799,205045,205045,0,772924.0
2026-10-01,CRS,383.69,275,206,69,0.4542,0,0,0,781957.0
2026-10-02,CRS,388.47,151,47,104,0.447,0,0,0,824666.0
2026-10-01,CRUS,120.0,325,141,184,0.4327,0,0,0,509534.0
2026-10-02,CRUS,121.17,201,177,24,0.3919,0,0,0,382942.0
2026-10-01,CRWD,268.09,60039,25633,34406,0.5289,1743395,184810,75806,6954676.0
2026-10-02,CRWD,270.0,89820,44260,45560,0.5035,13499510,78523,3907080,5830630.0
2026-10-01,CRWV,89.2,191369,120371,70998,0.7127,9804428,0,7827321,20464569.0
2026-10-02,CRWV,89.4,318523,209210,109313,0.6988,26484641,4082837,8432144,23591620.0
2026-10-01,CSCO,109.12,93307,80727,12580,0.2884,104353807,0,5746986,12758055.0
2026-10-02,CSCO,112.19,78025,57107,20918,0.2842,2328870,0,187191,17498115.0
2026-10-01,CSGP,27.72,839,595,244,0.5381,0,0,0,4630485.0
2026-10-02,CSGP,27.38,516,382,134,0.5235,0,0,0,3736399.0
2026-10-01,CSL,325.21,4,2,2,0.3788,0,0,0,420885.0
2026-10-02,CSL,329.34,10,7,3,0.3752,0,0,0,373854.0
2026-10-01,CSX,46.54,1474,908,566,0.2801,0,0,0,12901268.0
2026-10-02,CSX,47.43,3556,2942,614,0.2811,100750,0,0,8802015.0
2026-10-01,CTAS,195.0,747,289,458,0.2291,0,0,0,1824329.0
2026-10-02,CTAS,193.02,650,382,268,0.2272,0,0,0,1408850.0
2026-10-01,CTRE,36.05,48,16,32,0.2373,0,0,0,2147246.0
2026-10-02,CTRE,36.3,17,9,8,0.2437,0,0,0,5684630.0
2026-10-01,CTSH,60.72,6436,3919,2517,0.4603,936160,169858,0,13750542.0
2026-10-02,CTSH,58.62,2334,2041,293,0.4364,260208,110838,0,6979143.0
2026-10-01,CTVA,12.56,458,407,51,0.2978,0,0,0,88169461.0
2026-10-02,CTVA,11.87,3339,3173,166,0.5404,0,0,0,78733670.0
2026-10-01,CUBE,37.53,266,266,0,0.2373,0,0,0,2931801.0
2026-10-02,CUBE,37.52,96,8,88,0.2365,0,0,0,2997627.0
2026-10-01,CUZ,27.63,1,1,0,0.4145,0,0,0,1152059.0
2026-10-02,CUZ,28.01,7,7,0,0.3831,0,0,0,1326415.0
2026-10-01,CVLT,147.77,220,123,97,0.5103,0,0,0,706277.0
2026-10-02,CVLT,150.28,148,139,9,0.5109,0,0,0,471021.0
2026-10-01,CVNA,63.7,60356,35942,24414,0.7693,6322136,391145,38227,11321256.0
2026-10-02,CVNA,63.79,38500,23019,15481,0.764,1360852,146267,28833,8864266.0
2026-10-01,CVS,85.7,12975,8059,4916,0.3498,60060,0,18018,6560164.0
2026-10-02,CVS,86.93,28754,25624,3130,0.3544,260403,0,40959,10463059.0
2026-10-01,CVX,205.23,27388,18874,8514,0.2784,636639,0,0,6001430.0
2026-10-02,CVX,206.69,47174,34697,12477,0.2771,1379157,457244,76752,6670151.0
2026-10-01,CW,544.94,80,56,24,0.3943,0,0,0,400463.0
2026-10-02,CW,545.64,7,7,0,0.3931,0,0,0,338185.0
2026-10-01,CXT,48.06,21,21,0,0.4131,0,0,0,479784.0
2026-10-02,CXT,48.78,2,2,0,0.4226,0,0,0,457130.0
2026-10-01,CYTK,65.62,194,115,79,0.4422,0,0,0,1724330.0
2026-10-02,CYTK,65.6,613,391,222,0.4538,0,0,0,2031534.0
2026-10-01,D,60.66,663,441,222,0.198,0,0,0,5583696.0
2026-10-02,D,61.31,600,310,290,0.1945,0,0,0,3879013.0
2026-10-01,DAL,85.58,39910,33678,6232,0.4372,2253730,1373288,301683,6421831.0
2026-10-02,DAL,84.24,18676,11695,6981,0.4376,94105,0,94105,8151647.0
2026-10-01,DAR,61.64,960,922,38,0.4387,0,0,0,2584278.0
2026-10-02,DAR,62.94,394,387,7,0.4471,0,0,0,1650165.0
2026-10-01,DASH,182.22,6296,3147,3149,0.5277,2413818,0,0,4172142.0
2026-10-02,DASH,189.15,7883,4386,3497,0.5143,207585,0,48772,3683057.0
2026-10-01,DBX,34.08,1016,820,196,0.4065,0,0,0,4821648.0
2026-10-02,DBX,33.86,446,311,135,0.4163,0,0,0,2634562.0
2026-10-01,DCI,87.76,0,0,0,0.2351,0,0,0,706254.0
2026-10-02,DCI,88.65,6,5,1,0.218,0,0,0,747254.0
2026-10-01,DD,129.2,172,170,2,0.3148,0,0,0,950681.0
2026-10-02,DD,129.98,561,549,12,0.3123,0,0,0,686004.0
2026-10-01,DDOG,278.74,10062,3035,7027,0.6333,2977972,0,252420,2941247.0
2026-10-02,DDOG,277.22,10863,4526,6337,0.6133,322193,0,101528,1633164.0
2026-10-01,DE,667.26,4971,2454,2517,0.3035,542390,0,162717,1596469.0
2026-10-02,DE,687.0,2980,1329,1651,0.2998,1475060,0,48178,1071311.0
2026-10-01,DECK,79.0,9368,8826,542,0.55,0,0,0,3019026.0
2026-10-02,DECK,79.47,2225,1676,549,0.5453,0,0,0,2707965.0
2026-10-01,DELL,545.99,101052,63577,37475,0.5911,5421902,184375,91845,6671456.0
2026-10-02,DELL,562.99,125145,74367,50778,0.5762,29946564,6507942,153794,5496935.0
2026-10-01,DG,118.93,2267,1495,772,0.3335,403200,0,0,1864876.0
2026-10-02,DG,118.94,4080,2582,1498,0.3316,1732266,0,83252,1196549.0
2026-10-01,DGX,231.09,497,21,476,0.2808,0,0,0,992169.0
2026-10-02,DGX,233.33,843,243,600,0.2574,61875,0,18562,1016369.0
2026-10-01,DHI,137.06,3313,1796,1517,0.3906,94000,0,28200,4030792.0
2026-10-02,DHI,135.0,2206,911,1295,0.3898,66170,0,0,2363430.0
2026-10-01,DHR,211.76,5556,1721,3835,0.3933,872064,213050,0,5302582.0
2026-10-02,DHR,215.38,2644,864,1780,0.3937,0,0,0,3894343.0
2026-10-01,DIA,511.19,61675,28456,33219,0.1396,8678007,334590,2547608,4411645.0
2026-10-02,DIA,511.1,49073,22643,26430,0.1318,3964988,128226,993738,3977077.0
2026-10-01,DINO,112.7,1776,1181,595,0.5712,233810,0,233810,2463547.0
2026-10-02,DINO,113.36,1105,521,584,0.5531,0,0,0,1802158.0
2026-10-01,DIS,101.41,31907,22460,9447,0.245,557548,18763,23544,9208379.0
2026-10-02,DIS,101.99,33554,20857,12697,0.2331,0,0,0,6578561.0
2026-10-01,DKS,133.04,4263,2091,2172,0.4124,0,0,0,2953736.0
2026-10-02,DKS,135.5,6453,3185,3268,0.4025,398475,0,146475,3839533.0
2026-10-01,DLB,59.06,5,0,5,0.35,0,0,0,802628.0
2026-10-02,DLB,58.89,15,5,10,0.3531,0,0,0,649744.0
2026-10-01,DLR,176.49,776,524,252,0.3273,0,0,0,1930893.0
2026-10-02,DLR,178.55,636,279,357,0.3203,52100,0,0,1692510.0
2026-10-01,DLTR,114.32,2889,1931,958,0.3575,505960,386512,0,1886890.0
2026-10-02,DLTR,112.16,2639,1268,1371,0.3597,1249734,86372,0,1335851.0
2026-10-01,DOC,19.44,290,205,85,0.2312,0,0,0,5740323.0
2026-10-02,DOC,19.49,150,132,18,0.242,0,0,0,4854237.0
2026-10-01,DOCN,139.8,1806,771,1035,0.8016,105370,0,0,1478627.0
2026-10-02,DOCN,140.68,5124,3177,1947,0.8108,84864,0,0,1960294.0
2026-10-01,DOCS,28.51,1226,1064,162,0.6127,0,0,0,3340637.0
2026-10-02,DOCS,27.93,344,178,166,0.6026,0,0,0,2672146.0
2026-10-01,DOCU,69.74,4747,2724,2023,0.4556,90850,0,0,2072499.0
2026-10-02,DOCU,68.81,3639,1299,2340,0.4372,0,0,0,1323695.0
2026-10-01,DOV,188.06,115,23,92,0.2548,0,0,0,1234202.0
2026-10-02,DOV,190.48,71,64,7,0.2491,0,0,0,831540.0
2026-10-01,DOW,27.51,11689,7189,4500,0.4227,0,0,0,10058899.0
2026-10-02,DOW,27.97,11355,6946,4409,0.4284,0,0,0,7349807.0
2026-10-01,DPZ,295.0,901,419,482,0.4332,2970000,292500,0,648154.0
2026-10-02,DPZ,297.62,162,67,95,0.4324,0,0,0,478534.0
2026-10-01,DRI,197.41,347,303,44,0.2889,0,0,0,1326099.0
2026-10-02,DRI,200.33,369,309,60,0.2703,96240,0,0,901793.0
2026-10-01,DT,59.26,4578,3021,1557,0.4786,1710000,0,0,5248233.0
2026-10-02,DT,59.32,1345,1268,77,0.4283,0,0,0,3855094.0
2026-10-01,DTE,123.27,143,79,64,0.1848,0,0,0,2164389.0
2026-10-02,DTE,124.45,71,47,24,0.188,0,0,0,1720752.0
2026-10-01,DTM,120.08,11,11,0,0.24,0,0,0,792303.0
2026-10-02,DTM,121.0,17,15,2,0.2425,0,0,0,1087186.0
2026-10-01,DUK,113.68,1936,1494,442,0.1891,0,0,0,4821615.0
2026-10-02,DUK,114.38,1387,934,453,0.1765,0,0,0,3891009.0
2026-10-01,DUOL,146.6,2379,1327,1052,0.5862,222500,0,0,837063.0
2026-10-02,DUOL,144.0,2595,1621,974,0.5766,0,0,0,776690.0
2026-10-01,DVA,176.35,561,182,379,0.4008,190080,57024,0,653576.0
2026-10-02,DVA,178.69,397,270,127,0.4,0,0,0,451952.0
2026-10-01,DVN,46.64,10708,7629,3079,0.363,0,0,0,7589598.0
2026-10-02,DVN,47.65,17140,10859,6281,0.3583,926695,0,0,7921536.0
2026-10-01,DXCM,86.54,526,325,201,0.4207,0,0,0,3034749.0
2026-10-02,DXCM,85.36,1065,614,451,0.4176,0,0,0,2204390.0
2026-10-01,DY,269.96,186,157,29,0.5161,0,0,0,594242.0
2026-10-02,DY,274.53,133,88,45,0.4957,0,0,0,443208.0
2026-09-30,DYN,16.11,6151,4880,1271,0.6093,925900,125172,312602,4456483.0
2026-10-01,DYN,15.82,27323,26817,506,0.5892,8909700,2198775,58144,3699425.0
2026-10-02,DYN,15.28,2435,2156,279,0.5962,0,0,0,2534182.0
2026-10-01,EAT,194.33,254,75,179,0.4843,0,0,0,1081505.0
2026-10-02,EAT,202.0,1763,1262,501,0.4749,0,0,0,954773.0
2026-10-01,EBAY,105.94,2311,1631,680,0.3797,0,0,0,3704142.0
2026-10-02,EBAY,106.41,3897,2196,1701,0.3812,0,0,0,2972905.0
2026-10-01,ECHO,88.52,13734,1616,12118,0.3971,53028747,794208,9055329,3950800.0
2026-10-02,ECHO,93.02,15983,9835,6148,0.3952,1352156,38796,168030,4943908.0
2026-10-01,ECL,268.08,1565,1096,469,0.2631,193052,0,0,1683201.0
2026-10-02,ECL,273.7,95,43,52,0.2527,0,0,0,1225734.0
2026-10-01,ED,103.5,248,145,103,0.173,0,0,0,3442324.0
2026-10-02,ED,103.39,300,122,178,0.1653,0,0,0,1674700.0
2026-10-01,EEFT,63.64,138,86,52,0.4146,0,0,0,566044.0
2026-10-02,EEFT,63.5,14,3,11,0.4152,0,0,0,507512.0
2026-10-01,EFX,139.73,632,179,453,0.4624,0,0,0,2069569.0
2026-10-02,EFX,140.0,773,387,386,0.4703,90763,0,0,3465426.0
2026-10-01,EG,368.72,4,3,1,0.2267,0,0,0,427939.0
2026-10-02,EG,368.27,1,1,0,0.228,0,0,0,401700.0
2026-10-01,EGP,194.84,8,7,1,0.182,0,0,0,502510.0
2026-10-02,EGP,195.78,11,5,6,0.1765,0,0,0,514491.0
2026-10-01,EHC,119.06,226,226,0,0.2683,0,0,0,996089.0
2026-10-02,EHC,113.08,168,168,0,0.2742,0,0,0,858281.0
2026-10-01,EIX,53.8,1975,1355,620,0.3403,0,0,0,4474577.0
2026-10-02,EIX,53.85,12270,1707,10563,0.3763,451980,0,0,5851644.0
2026-10-01,EL,90.19,6161,4985,1176,0.3962,877428,106260,127078,3507310.0
2026-10-02,EL,91.97,2530,668,1862,0.4117,669600,0,0,2202486.0
2026-10-01,ELAN,21.77,49,25,24,0.451,0,0,0,5873641.0
2026-10-02,ELAN,22.14,81,81,0,0.468,0,0,0,5000712.0
2026-10-01,ELF,104.19,12233,10690,1543,0.5922,1153500,0,346050,1823216.0
2026-10-02,ELF,104.5,2870,1929,941,0.5815,0,0,0,1023065.0
2026-10-01,ELS,57.62,3,1,2,0.2185,0,0,0,1330474.0
2026-10-02,ELS,58.25,35,10,25,0.2211,0,0,0,2252712.0
2026-10-01,ELV,381.67,923,202,721,0.3575,0,0,0,1186842.0
2026-10-02,ELV,386.43,956,731,225,0.3437,92590,0,0,892670.0
2026-10-01,EME,769.03,147,99,48,0.3904,0,0,0,319852.0
2026-10-02,EME,786.61,251,164,87,0.381,0,0,0,250583.0
2026-10-01,EMR,158.57,655,271,384,0.2793,81920,0,81920,3341454.0
2026-10-02,EMR,162.02,3597,3097,500,0.3051,289770,0,18297,2887917.0
2026-10-01,ENS,189.59,66,41,25,0.4256,0,0,0,865099.0
2026-10-02,ENS,196.3,107,83,24,0.4048,0,0,0,593922.0
2026-10-01,ENSG,169.63,334,17,317,0.2883,148000,17400,0,432524.0
2026-10-02,ENSG,171.78,222,169,53,0.2948,0,0,0,356161.0
2026-10-01,ENTG,158.48,2494,2060,434,0.6403,0,0,0,1646672.0
2026-10-02,ENTG,168.01,5543,4276,1267,0.6161,635200,0,0,2247146.0
2026-10-01,EOG,141.31,3188,2196,992,0.3104,0,0,0,3149956.0
2026-10-02,EOG,141.38,1434,798,636,0.3087,68411,0,0,3599593.0
2026-10-01,EPR,55.49,92,69,23,0.2159,0,0,0,789128.0
2026-10-02,EPR,56.45,74,66,8,0.2177,0,0,0,828394.0
2026-10-01,EQH,51.95,15,4,11,0.3439,0,0,0,2241986.0
2026-10-02,EQH,52.64,1,1,0,0.2628,0,0,0,2605706.0
2026-10-01,EQIX,1012.33,323,300,23,0.3067,0,0,0,555356.0
2026-10-02,EQIX,1025.72,91,63,28,0.2993,0,0,0,331249.0
2026-10-01,EQT,49.76,6345,3857,2488,0.3232,0,0,0,8447589.0
2026-10-02,EQT,50.31,33780,4283,29497,0.3137,4739936,177120,0,7588712.0
2026-10-01,ERIE,222.11,11,3,8,0.3448,0,0,0,134786.0
2026-10-02,ERIE,221.09,6,1,5,0.3405,0,0,0,143404.0
2026-10-01,ES,64.31,80,58,22,0.2022,0,0,0,2296296.0
2026-10-02,ES,63.87,143,132,11,0.2088,0,0,0,2544420.0
2026-10-01,ESAB,67.11,30,27,3,0.492,0,0,0,787259.0
2026-10-02,ESAB,69.9,0,0,0,0.4921,0,0,0,943129.0
2026-10-01,ESNT,58.86,14,11,3,0.2785,0,0,0,1250120.0
2026-10-02,ESNT,60.22,23,2,21,0.2744,0,0,0,868826.0
2026-10-01,ESS,269.51,8,1,7,0.212,0,0,0,586528.0
2026-10-02,ESS,268.65,35,4,31,0.2117,0,0,0,466770.0
2026-10-01,ETN,440.0,2687,996,1691,0.3862,0,0,0,1606510.0
2026-10-02,ETN,436.11,5638,3551,2087,0.3775,1063343,0,0,2093798.0
2026-10-01,ETR,100.4,265,224,41,0.2115,0,0,0,4059234.0
2026-10-02,ETR,100.91,173,168,5,0.2188,0,0,0,2647820.0
2026-10-01,EVR,259.0,76,26,50,0.3864,0,0,0,336040.0
2026-10-02,EVR,261.68,53,51,2,0.3797,0,0,0,670122.0
2026-10-01,EVRG,78.79,26,6,20,0.1923,0,0,0,2545817.0
2026-10-02,EVRG,79.17,13,8,5,0.1684,0,0,0,2258334.0
2026-10-01,EW,85.19,572,219,353,0.3063,0,0,0,3084762.0
2026-10-02,EW,85.15,100,62,38,0.2974,0,0,0,2408375.0
2026-10-01,EWBC,125.02,43,28,15,0.2439,0,0,0,836286.0
2026-10-02,EWBC,126.21,25,14,11,0.2479,0,0,0,824795.0
2026-10-01,EXC,40.5,281,161,120,0.2037,0,0,0,12584505.0
2026-10-02,EXC,40.7,999,913,86,0.1982,0,0,0,9789520.0
2026-10-01,EXE,86.19,1572,1061,511,0.3081,115500,0,115500,3552981.0
2026-10-02,EXE,85.52,2909,299,2610,0.3051,375218,0,0,2897130.0
2026-10-01,EXEL,57.94,275,220,55,0.3706,0,0,0,1369460.0
2026-10-02,EXEL,58.39,2016,1991,25,0.3772,634920,634920,0,1969279.0
2026-10-01,EXLS,36.48,101,101,0,0.3845,0,0,0,3022894.0
2026-10-02,EXLS,36.95,131,125,6,0.3956,0,0,0,2997213.0
2026-10-01,EXP,173.07,38,19,19,0.3498,0,0,0,420570.0
2026-10-02,EXP,171.36,100,0,100,0.338,110000,33000,0,379028.0
2026-10-01,EXPD,187.74,10,9,1,0.2451,0,0,0,1450879.0
2026-10-02,EXPD,192.47,553,402,151,0.2403,50388,0,0,1552383.0
2026-10-01,EXPE,262.67,1863,380,1483,0.4921,0,0,0,1442293.0
2026-10-02,EXPE,264.75,2518,839,1679,0.4967,0,0,0,1428078.0
2026-10-01,EXPO,69.9,803,803,0,0.3493,0,0,0,943110.0
2026-10-02,EXPO,67.3,59,57,2,0.3609,0,0,0,582171.0
2026-10-01,EXR,133.36,78,56,22,0.254,0,0,0,1650692.0
2026-10-02,EXR,133.25,241,116,125,0.2258,0,0,0,999124.0
2026-10-01,F,12.32,75901,45098,30803,0.3817,395406,59713,0,46651339.0
2026-10-02,F,12.1,144823,116441,28382,0.3927,2114710,965839,8828,49119388.0
2026-10-01,FAF,61.51,4,0,4,0.2906,0,0,0,1716991.0
2026-10-02,FAF,62.49,6,2,4,0.2974,0,0,0,916011.0
2026-10-01,FANG,183.8,664,427,237,0.364,0,0,0,1864326.0
2026-10-02,FANG,184.71,359,221,138,0.3568,0,0,0,2139153.0
2026-10-01,FAST,50.3,1655,311,1344,0.3432,0,0,0,6198839.0
2026-10-02,FAST,50.75,1200,632,568,0.3474,0,0,0,7156938.0
2026-10-01,FBIN,38.52,2,1,1,0.4684,0,0,0,3218347.0
2026-10-02,FBIN,38.56,30,10,20,0.45,0,0,0,1593067.0
2026-10-01,FCFS,208.15,9,8,1,0.4027,0,0,0,386522.0
2026-10-02,FCFS,210.36,5,4,1,0.3922,0,0,0,277717.0
2026-10-01,FCN,141.72,1716,1716,0,0.38,115850,0,0,738419.0
2026-10-02,FCN,136.4,30,26,4,0.3916,0,0,0,472320.0
2026-10-01,FCX,69.82,37513,20220,17293,0.4776,2198030,0,0,12051436.0
2026-10-02,FCX,72.13,63256,39627,23629,0.4862,10755029,12953,242360,11926699.0
2026-10-01,FDS,277.61,4842,2455,2387,0.4433,8080825,77700,1336892,1140629.0
2026-10-02,FDS,266.0,426,56,370,0.4385,0,0,0,566709.0
2026-10-01,FDX,287.07,3291,2294,997,0.3892,0,0,0,1750397.0
2026-10-02,FDX,289.38,3040,1779,1261,0.3918,581924,0,130974,1458484.0
2026-09-30,FDXF,109.38,464,296,168,0.4824,0,0,0,2129056.0
2026-10-01,FE,43.39,8326,8267,59,0.1768,1061455,1061455,0,7629514.0
2026-10-02,FE,43.34,4562,4422,140,0.1809,113960,0,0,5702994.0
2026-09-30,FER,54.06,38,16,22,0.2791,0,0,0,2021072.0
2026-10-01,FER,52.94,22,1,21,0.2888,0,0,0,2810350.0
2026-10-02,FER,53.64,7,5,2,0.2913,0,0,0,1396571.0
2026-09-30,FERG,222.62,68,41,27,0.3222,0,0,0,1518771.0
2026-10-01,FERG,221.49,20,17,3,0.3245,0,0,0,2017381.0
2026-10-02,FERG,223.33,18,14,4,0.3442,0,0,0,1841752.0
2026-10-01,FFIN,31.75,0,0,0,0.3409,0,0,0,1062805.0
2026-10-02,FFIN,32.15,0,0,0,0.3482,0,0,0,849472.0
2026-10-01,FFIV,443.68,1106,547,559,0.4279,0,0,0,550895.0
2026-10-02,FFIV,454.04,411,313,98,0.4235,0,0,0,633195.0
2026-10-01,FHI,56.16,1,0,1,0.3206,0,0,0,473411.0
2026-10-02,FHI,56.07,0,0,0,0.3334,0,0,0,552956.0
2026-10-01,FHN,23.05,2072,23,2049,0.2594,70417,0,70417,6865236.0
2026-10-02,FHN,23.42,255,155,100,0.2707,0,0,0,3675794.0
2026-10-01,FICO,607.5,10104,6217,3887,0.6258,12884995,313629,249618,2991209.0
2026-10-02,FICO,661.35,6132,2608,3524,0.6233,8078672,422400,1135200,1644703.0
2026-10-01,FIS,33.29,2081,1245,836,0.4078,0,0,0,6830163.0
2026-10-02,FIS,32.63,3915,2883,1032,0.4119,488580,0,0,7013602.0
2026-10-01,FISV,45.71,6973,5070,1903,0.4824,334800,100440,0,6027857.0
2026-10-02,FISV,44.35,14124,9400,4724,0.4776,767149,28796,9625,6419392.0
2026-10-01,FITB,50.5,1236,272,964,0.2693,0,0,0,9868097.0
2026-10-02,FITB,50.98,357,332,25,0.2616,0,0,0,5574531.0
2026-10-01,FIVE,221.0,136,32,104,0.4087,0,0,0,726971.0
2026-10-02,FIVE,221.19,135,27,108,0.3986,0,0,0,624644.0
2026-10-01,FIX,1704.0,724,232,492,0.5766,0,0,0,303038.0
2026-10-02,FIX,1728.01,1001,660,341,0.5665,0,0,0,276807.0
2026-10-01,FLEX,112.7,1626,901,725,0.647,0,0,0,2095525.0
2026-10-02,FLEX,117.93,2025,1153,872,0.6323,0,0,0,1954325.0
2026-10-01,FLG,11.69,10496,631,9865,0.314,0,0,0,6536521.0
2026-10-02,FLG,11.7,3769,3327,442,0.3261,62140,0,0,4461325.0
2026-10-01,FLR,49.4,482,447,35,0.513,0,0,0,3490697.0
2026-10-02,FLR,49.9,405,372,33,0.4904,0,0,0,2065819.0
2026-10-01,FLS,73.06,6,5,1,0.4053,0,0,0,1195896.0
2026-10-02,FLS,74.37,14,11,3,0.4255,0,0,0,1100762.0
2026-10-01,FN,453.0,2824,1153,1671,0.656,690000,0,0,959806.0
2026-10-02,FN,463.69,1581,640,941,0.6416,350000,0,105000,573179.0
2026-10-01,FNB,17.24,2,2,0,0.3067,0,0,0,6570121.0
2026-10-02,FNB,17.45,11,11,0,0.3981,0,0,0,3912594.0
2026-10-01,FND,46.03,582,257,325,0.5294,0,0,0,2951243.0
2026-10-02,FND,45.49,34,19,15,0.5082,0,0,0,1745163.0
2026-10-01,FNF,39.11,353,275,78,0.3241,0,0,0,4021119.0
2026-10-02,FNF,39.26,496,321,175,0.3416,0,0,0,2215913.0
2026-10-01,FOUR,35.63,1383,449,934,0.6475,447925,0,0,4655906.0
2026-10-02,FOUR,36.17,1225,822,403,0.6385,132090,0,0,1392249.0
2026-10-01,FOX,54.92,69,56,13,0.3107,0,0,0,609258.0
2026-10-02,FOX,55.89,54,21,33,0.3322,0,0,0,1030135.0
2026-10-01,FOXA,60.15,146,76,70,0.3387,0,0,0,4823831.0
2026-10-02,FOXA,62.28,146,136,10,0.3306,0,0,0,4696076.0
2026-10-01,FR,58.87,1,1,0,0.2702,0,0,0,1221564.0
2026-10-02,FR,59.46,0,0,0,0.2843,0,0,0,1143701.0
2026-10-01,FRT,108.03,0,0,0,0.2014,0,0,0,0.0
2026-10-02,FRT,106.69,78,69,9,0.1906,0,0,0,1093381.0
2026-10-01,FSLR,173.71,59073,22305,36768,0.5675,29979187,158091,1191748,2547513.0
2026-10-02,FSLR,174.61,20982,14944,6038,0.5547,1736015,30924,21262,1568896.0
2026-10-01,FTI,68.85,442,413,29,0.3783,117600,0,0,2174411.0
2026-10-02,FTI,68.82,53,53,0,0.3635,0,0,0,2745770.0
2026-10-01,FTNT,178.53,4746,2656,2090,0.605,0,0,0,2963520.0
2026-10-02,FTNT,179.5,7026,4307,2719,0.6244,725062,32010,0,3412775.0
2026-10-01,FTV,55.84,2,2,0,0.292,0,0,0,2154225.0
2026-10-02,FTV,57.47,2993,2993,0,0.2995,150425,150425,0,2585403.0
2026-10-01,G,34.7,169,114,55,0.4071,0,0,0,2285240.0
2026-10-02,G,33.29,41,41,0,0.4014,0,0,0,1814397.0
2026-10-01,GAP,22.78,5328,4233,1095,0.3925,0,0,0,6158947.0
2026-10-02,GAP,22.51,6404,3225,3179,0.4014,441485,0,0,4370734.0
2026-10-01,GATX,168.88,33,27,6,0.2871,0,0,0,337288.0
2026-10-02,GATX,171.03,10,0,10,0.2879,0,0,0,295102.0
2026-10-01,GBCI,43.41,0,0,0,0.2697,0,0,0,1021414.0
2026-10-02,GBCI,43.91,19,19,0,0.2523,0,0,0,765823.0
2026-10-01,GD,334.09,744,318,426,0.2378,0,0,0,1250748.0
2026-10-02,GD,330.09,869,626,243,0.2276,0,0,0,870166.0
2026-10-01,GDDY,96.9,534,246,288,0.5466,0,0,0,1303467.0
2026-10-02,GDDY,97.21,768,470,298,0.5493,0,0,0,1715924.0
2026-10-01,GE,314.99,7205,3929,3276,0.3782,0,0,0,3438751.0
2026-10-02,GE,309.32,21422,16813,4609,0.3733,1038781,0,0,4148638.0
2026-10-01,GEF,81.56,8,8,0,0.323,0,0,0,433899.0
2026-10-02,GEF,82.18,92,89,3,0.3206,0,0,0,307707.0
2026-10-01,GEHC,63.98,1549,264,1285,0.3731,81305,0,81305,3308949.0
2026-10-02,GEHC,64.29,1972,1361,611,0.372,171182,119382,0,2185321.0
2026-10-01,GEN,22.34,3889,2808,1081,0.4841,221000,0,66300,10768102.0
2026-10-02,GEN,21.99,1563,1390,173,0.4892,0,0,0,11818944.0
2026-10-01,GEV,998.5,22959,11625,11334,0.5167,3348688,1240308,1094630,2947593.0
2026-10-02,GEV,985.58,14008,6960,7048,0.5101,3647512,135878,0,2129490.0
2026-10-01,GGG,77.76,21,14,7,0.238,0,0,0,1080971.0
2026-10-02,GGG,78.0,20,8,12,0.2253,0,0,0,1215289.0
2026-10-01,GILD,147.68,3268,1716,1552,0.3062,0,0,0,4438698.0
2026-10-02,GILD,144.92,3678,2020,1658,0.3086,0,0,0,4785492.0
2026-10-01,GIS,31.78,19422,12411,7011,0.3257,616745,256500,16219,17144583.0
2026-10-02,GIS,32.01,10047,8392,1655,0.3096,1118719,577600,17280,13799846.0
2026-10-01,GL,165.83,34,34,0,0.241,0,0,0,801776.0
2026-10-02,GL,165.68,22,10,12,0.2362,0,0,0,296742.0
2026-10-01,GLD,383.3,251216,136335,114881,0.2089,85100584,977241,3639346,5870093.0
2026-10-02,GLD,380.14,327324,196960,130364,0.2063,23162669,3022652,1284778,9174044.0
2026-10-01,GLPI,37.59,382,137,245,0.2172,0,0,0,3727565.0
2026-10-02,GLPI,37.68,266,151,115,0.2146,0,0,0,1864257.0
2026-10-01,GLW,160.86,50658,31097,19561,0.6349,2593828,0,0,7878006.0
2026-10-02,GLW,164.66,59542,38985,20557,0.6272,12956806,96460,0,7504219.0
2026-10-01,GM,79.66,16288,7461,8827,0.4007,220880,0,66264,8441021.0
2026-10-02,GM,78.27,12904,8012,4892,0.3998,0,0,0,9074600.0
2026-10-01,GME,24.29,162586,137790,24796,0.4986,4513646,100082,0,10655091.0
2026-10-02,GME,25.16,331985,297138,34847,0.5139,12667082,234453,69873,13452690.0
2026-10-01,GMED,74.41,52,5,47,0.3417,0,0,0,1441237.0
2026-10-02,GMED,75.6,54,38,16,0.3384,0,0,0,1310450.0
2026-10-01,GNRC,207.91,1189,653,536,0.5902,0,0,0,839848.0
2026-10-02,GNRC,216.8,4831,1735,3096,0.5862,1305511,0,153361,955720.0
2026-10-01,GNTX,21.95,9,9,0,0.2883,0,0,0,2385231.0
2026-10-02,GNTX,22.08,28,22,6,0.3168,0,0,0,2180354.0
2026-10-01,GOOG,336.45,289278,207617,81661,0.3562,43550190,156662,368952,20045045.0
2026-10-02,GOOG,340.05,221854,155235,66619,0.3462,11983023,120999,933558,17497948.0
2026-10-01,GOOGL,339.56,634055,460124,173931,0.3584,17798899,885099,302896,33269338.0
2026-10-02,GOOGL,343.25,553648,370296,183352,0.3475,13616057,712018,471772,23772148.0
2026-10-01,GPC,125.12,140,86,54,0.2854,0,0,0,981202.0
2026-10-02,GPC,127.24,68,64,4,0.3125,0,0,0,777888.0
2026-10-01,GPK,8.96,387,238,149,0.4864,0,0,0,8390448.0
2026-10-02,GPK,8.78,200,62,138,0.4843,0,0,0,8671114.0
2026-10-01,GPN,80.29,1079,401,678,0.3911,349635,40788,0,2718889.0
2026-10-02,GPN,78.38,2310,1809,501,0.3993,410920,339240,0,2516679.0
2026-10-01,GRMN,282.46,121,36,85,0.3362,0,0,0,633233.0
2026-10-02,GRMN,281.16,108,42,66,0.3371,0,0,0,833667.0
2026-10-01,GS,901.21,41093,21442,19651,0.3409,28987012,786530,961277,2582352.0
2026-10-02,GS,903.01,26443,14285,12158,0.3384,2004745,84892,227010,1584337.0
2026-09-30,GSK,47.86,1621,1212,409,0.26,0,0,0,5852580.0
2026-10-01,GSK,47.34,1108,652,456,0.2749,0,0,0,7897491.0
2026-10-01,GWRE,155.32,1920,1486,434,0.5429,106128,106128,0,1353918.0
2026-10-02,GWRE,152.15,330,282,48,0.5423,62920,62920,0,1227630.0
2026-10-01,GWW,1281.68,542,453,89,0.2489,605540,0,181662,299135.0
2026-10-02,GWW,1280.3,409,361,48,0.2462,659870,659870,0,199796.0
2026-10-01,GXO,45.96,542,305,237,0.3992,0,0,0,1360375.0
2026-10-02,GXO,46.56,507,256,251,0.4109,0,0,0,1132237.0
2026-10-01,H,160.94,36,26,10,0.3563,0,0,0,876323.0
2026-10-02,H,158.9,45,39,6,0.3651,0,0,0,562474.0
2026-10-01,HAE,104.37,23,16,7,0.3976,0,0,0,454252.0
2026-10-02,HAE,104.68,16,15,1,0.3862,0,0,0,328573.0
2026-10-01,HAL,31.88,30029,27617,2412,0.3865,779086,0,0,9731937.0
2026-10-02,HAL,31.95,8342,6792,1550,0.3699,61866,61866,0,8087589.0
2026-10-01,HALO,106.94,109,96,13,0.3614,0,0,0,2328924.0
2026-10-02,HALO,109.86,84,70,14,0.3517,0,0,0,2599777.0
2026-10-01,HAS,89.98,686,650,36,0.3216,0,0,0,3026413.0
2026-10-02,HAS,89.54,281,193,88,0.321,0,0,0,1383438.0
2026-10-01,HBAN,15.24,25396,24097,1299,0.3225,464950,0,0,26150348.0
2026-10-02,HBAN,15.36,610,551,59,0.3168,0,0,0,20582796.0
2026-10-01,HCA,423.39,1902,80,1822,0.3266,580050,85500,0,839511.0
2026-10-02,HCA,426.69,323,260,63,0.3252,166212,0,0,649715.0
2026-10-01,HD,284.85,48341,28518,19823,0.2761,12998925,382186,151090,7777281.0
2026-10-02,HD,283.64,28018,18046,9972,0.2751,6266180,1975391,0,4777033.0
2026-10-01,HGV,34.83,3,1,2,0.4683,0,0,0,1447632.0
2026-10-02,HGV,34.86,2,1,1,0.4609,0,0,0,900679.0
2026-10-01,HIG,125.74,216,136,80,0.2244,0,0,0,2110358.0
2026-10-02,HIG,126.05,291,94,197,0.2243,0,0,0,1088199.0
2026-10-01,HII,275.0,229,163,66,0.338,0,0,0,807265.0
2026-10-02,HII,268.54,130,78,52,0.3259,0,0,0,534063.0
2026-10-01,HIMS,29.47,47568,30286,17282,0.6825,433682,0,81160,7915118.0
2026-10-02,HIMS,29.0,83647,62401,21246,0.6716,2331445,10333,49242,10052970.0
2026-10-01,HL,17.03,29264,23926,5338,0.5395,183371,183371,0,23777474.0
2026-10-02,HL,17.19,16503,10574,5929,0.533,259391,54760,11528,33406862.0
2026-10-01,HLI,128.38,2,0,2,0.3627,0,0,0,813563.0
2026-10-02,HLI,126.37,1,0,1,0.3681,0,0,0,601569.0
2026-10-01,HLNE,88.57,87,2,85,0.4561,0,0,0,695186.0
2026-10-02,HLNE,87.04,59,23,36,0.4551,0,0,0,699967.0
2026-10-01,HLT,315.44,583,281,302,0.2887,0,0,0,1509946.0
2026-10-02,HLT,319.36,1561,724,837,0.2731,0,0,0,858941.0
2026-10-01,HOG,24.83,484,333,151,0.4486,0,0,0,1945713.0
2026-10-02,HOG,24.55,2125,1186,939,0.4494,0,0,0,1709342.0
2026-10-01,HOMB,28.56,0,0,0,0.3396,0,0,0,1628368.0
2026-10-02,HOMB,28.67,0,0,0,0.3316,0,0,0,1764403.0
2026-10-01,HON,213.8,3181,1930,1251,0.326,584380,0,0,2413343.0
2026-10-02,HON,213.95,1480,843,637,0.326,0,0,0,1792204.0
2026-10-01,HONA,154.07,1379,686,693,0.3955,311840,0,0,2581721.0
2026-10-02,HONA,154.5,717,387,330,0.4069,0,0,0,763253.0
2026-10-01,HOOD,113.05,300885,213748,87137,0.6072,10913557,582734,1226180,18273514.0
2026-10-02,HOOD,112.86,506668,361085,145583,0.6141,20983103,944623,738746,29379831.0
2026-10-01,HPE,65.67,41182,25466,15716,0.6048,298623,50040,0,16431446.0
2026-10-02,HPE,69.57,100811,67379,33432,0.6194,5361428,339877,128314,28995805.0
2026-10-01,HPQ,32.3,16573,6532,10041,0.471,0,0,0,13679839.0
2026-10-02,HPQ,32.13,11787,7341,4446,0.4577,0,0,0,10283052.0
2026-10-01,HQY,89.37,88,86,2,0.3066,0,0,0,726532.0
2026-10-02,HQY,90.0,1,1,0,0.3196,0,0,0,834511.0
2026-10-01,HR,17.43,4,4,0,0.2269,0,0,0,4628195.0
2026-10-02,HR,17.47,0,0,0,0.235,0,0,0,3523314.0
2026-10-01,HRB,42.32,1518,1478,40,0.4032,57960,0,0,2344446.0
2026-10-02,HRB,41.68,159,148,11,0.3763,0,0,0,1712430.0
2026-10-01,HRL,19.96,5967,1748,4219,0.2266,0,0,0,5882739.0
2026-10-02,HRL,20.21,3324,2949,375,0.2275,0,0,0,5092473.0
2026-10-01,HSIC,84.93,63,61,2,0.2754,0,0,0,1025583.0
2026-10-02,HSIC,84.88,24,24,0,0.268,0,0,0,1131677.0
2026-10-01,HST,22.57,27,20,7,0.2735,0,0,0,14022394.0
2026-10-02,HST,22.56,39,24,15,0.2784,0,0,0,7107430.0
2026-10-01,HSY,160.0,3234,1626,1608,0.2659,0,0,0,2132838.0
2026-10-02,HSY,160.19,1144,617,527,0.2564,101700,0,0,948394.0
2026-10-01,HUBB,466.98,1244,1234,10,0.2997,0,0,0,536701.0
2026-10-02,HUBB,475.52,300,190,110,0.3112,0,0,0,369085.0
2026-10-01,HUBS,218.03,1701,981,720,0.6805,0,0,0,1357680.0
2026-10-01,HUM,380.75,15611,11151,4460,0.6406,3169930,635850,0,891922.0
2026-10-02,HUM,387.87,12967,4496,8471,0.5988,5021605,0,291390,755958.0
2026-10-01,HWC,71.93,0,0,0,0.2724,0,0,0,872751.0
2026-10-02,HWC,73.09,2,2,0,0.2898,0,0,0,937567.0
2026-10-01,HWM,229.5,5802,1207,4595,0.3911,1628840,0,57620,2632142.0
2026-10-02,HWM,231.27,2438,1095,1343,0.3905,455432,0,0,1701552.0
2026-10-01,HXL,86.74,111,110,1,0.3546,0,0,0,1088567.0
2026-10-02,HXL,86.41,8,7,1,0.3504,0,0,0,768392.0
2026-10-01,HYG,76.9,891736,141015,750721,0.0724,30074785,352582,152769,115416494.0
2026-10-02,HYG,76.91,655623,247649,407974,0.0745,9186860,30555,113704,82429296.0
2026-10-01,IBKR,86.42,9641,6161,3480,0.4141,1132552,0,3370,5715861.0
2026-10-02,IBKR,88.16,4797,2270,2527,0.4122,0,0,0,3526383.0
2026-10-01,IBM,226.56,85988,57524,28464,0.4545,10074376,2370260,34182,8881453.0
2026-10-02,IBM,222.55,49866,27646,22220,0.4382,819808,17309,4883,7750650.0
2026-10-01,IBOC,69.12,0,0,0,0.3185,0,0,0,552495.0
2026-10-02,IBOC,69.84,0,0,0,0.3325,0,0,0,380518.0
2026-10-01,ICE,150.75,1194,732,462,0.2728,0,0,0,2755128.0
2026-10-02,ICE,150.12,4121,1764,2357,0.2622,0,0,0,1947713.0
2026-10-01,IDA,131.86,75,69,6,0.1958,0,0,0,451845.0
2026-10-02,IDA,132.79,101,100,1,0.1846,0,0,0,933697.0
2026-10-01,IDCC,339.93,67,44,23,0.4029,0,0,0,127502.0
2026-10-02,IDCC,335.13,25,13,12,0.4014,0,0,0,222421.0
2026-10-01,IDXX,517.75,49,30,19,0.3264,0,0,0,218743.0
2026-10-02,IDXX,518.39,32,20,12,0.3246,0,0,0,195438.0
2026-09-30,IESC,321.15,35,29,6,0.7175,0,0,0,229561.0
2026-10-02,IESC,340.0,179,90,89,0.6906,0,0,0,197509.0
2026-10-01,IEX,229.85,3,3,0,0.2429,0,0,0,681997.0
2026-10-02,IEX,232.99,233,233,0,0.2434,140740,0,0,619682.0
2026-10-01,IFF,83.12,66,52,14,0.2907,0,0,0,1338302.0
2026-10-02,IFF,82.42,14,1,13,0.2786,0,0,0,1853834.0
2026-10-01,ILMN,266.2,575,203,372,0.5569,410400,123120,0,1950350.0
2026-10-02,ILMN,273.04,798,368,430,0.5612,135050,0,0,2151159.0
2026-10-01,INCY,116.5,574,311,263,0.4173,66960,66960,0,2362136.0
2026-10-02,INCY,115.3,904,744,160,0.4273,132325,132325,0,1696973.0
2026-10-01,INGR,94.91,68,51,17,0.2584,0,0,0,678387.0
2026-10-02,INGR,95.33,49,15,34,0.2545,0,0,0,733862.0
2026-10-01,INO,1.23,292,282,10,2.0647,0,0,0,1939664.0
2026-10-02,INO,1.2,531,521,10,2.0693,0,0,0,1484198.0
2026-10-01,INTC,122.13,580045,360499,219546,0.7221,12102869,1039718,104309,103559806.0
2026-10-02,INTC,119.19,1040129,589897,450232,0.6933,42521040,7677881,202927,95401476.0
2026-10-01,INTU,284.09,15783,8607,7176,0.4842,1888325,0,268800,4647887.0
2026-10-02,INTU,281.08,9552,5569,3983,0.4566,382594,0,0,2021364.0
2026-10-01,INVH,26.4,65,64,1,0.2174,0,0,0,4568760.0
2026-10-02,INVH,26.02,145,120,25,0.2189,0,0,0,5798220.0
2026-10-01,IOVA,14.65,23921,14993,8928,1.0116,54900,0,0,15967862.0
2026-10-02,IOVA,14.25,24454,15507,8947,0.9842,149430,0,0,11900044.0
2026-10-01,IP,32.52,2726,1131,1595,0.4103,106856,9617,0,6503748.0
2026-10-02,IP,31.97,1837,1319,518,0.4091,169425,0,0,5595838.0
2026-10-01,IPGP,85.33,62,49,13,0.5995,0,0,0,442088.0
2026-10-02,IPGP,84.05,102,71,31,0.5758,0,0,0,319396.0
2026-10-01,IQV,260.72,633,575,58,0.3638,154854,154854,0,1476468.0
2026-10-02,IQV,258.21,378,305,73,0.368,161415,0,0,1041711.0
2026-10-01,IR,75.25,52,45,7,0.3415,0,0,0,5424820.0
2026-10-02,IR,76.07,332,264,68,0.3118,280280,280280,0,3283647.0
2026-09-30,IRD,4.96,133,92,41,1.0997,0,0,0,2458482.0
2026-10-02,IRD,4.61,41,41,0,1.0984,0,0,0,108323.0
2026-10-01,IRM,111.13,3561,816,2745,0.3161,0,0,0,1707684.0
2026-10-02,IRM,113.39,748,506,242,0.3062,54200,0,0,1099691.0
2026-10-01,IRT,14.5,1,0,1,0.2892,0,0,0,4555853.0
2026-10-02,IRT,14.51,4,4,0,0.3042,0,0,0,5296629.0
2026-10-01,ISRG,403.0,4285,2971,1314,0.4301,226550,0,0,1511684.0
2026-10-02,ISRG,391.5,4514,2280,2234,0.4343,1093750,727894,0,1826957.0
2026-10-01,IT,192.8,954,857,97,0.5217,762000,762000,0,884201.0
2026-10-02,IT,184.8,128,53,75,0.5131,0,0,0,425391.0
2026-10-01,ITT,202.13,6,3,3,0.356,0,0,0,966311.0
2026-10-02,ITT,206.17,78,55,23,0.344,0,0,0,376725.0
2026-10-01,ITW,260.84,269,112,157,0.2103,0,0,0,1574607.0
2026-10-02,ITW,262.92,442,230,212,0.2149,198030,0,0,651374.0
2026-10-01,IVZ,30.42,1445,1427,18,0.3494,150500,0,0,5073396.0
2026-10-02,IVZ,30.66,105,89,16,0.3477,0,0,0,3106094.0
2026-10-01,IWM,281.15,2447069,1080443,1366626,0.196,67356925,9190936,3093709,33952407.0
2026-10-02,IWM,281.52,2071490,748773,1322717,0.1813,59795562,2036518,25420682,29774883.0
2026-10-01,J,139.79,1156,1142,14,0.2868,0,0,0,998408.0
2026-10-02,J,138.06,58,57,1,0.2819,0,0,0,771980.0
2026-10-01,JAZZ,233.01,117,114,3,0.2729,0,0,0,642264.0
2026-10-02,JAZZ,235.67,48,48,0,0.2756,0,0,0,636605.0
2026-10-01,JBHT,227.2,156,66,90,0.4211,0,0,0,736156.0
2026-10-02,JBHT,234.2,350,299,51,0.4107,54810,0,0,777450.0
2026-10-01,JBL,299.95,8562,4144,4418,0.4354,1051749,0,0,2455581.0
2026-10-02,JBL,304.41,6727,4843,1884,0.4245,412980,23925,0,1377924.0
2026-10-01,JCI,151.77,1559,1222,337,0.3184,111040,0,0,2124539.0
2026-10-02,JCI,156.24,854,581,273,0.3206,0,0,0,2509457.0
2026-10-01,JEF,45.25,1273,230,1043,0.4108,0,0,0,2404723.0
2026-10-02,JEF,45.97,254,165,89,0.3886,0,0,0,2064448.0
2026-10-01,JKHY,143.84,19,17,2,0.3095,0,0,0,1057170.0
2026-10-02,JKHY,142.54,7,2,5,0.3148,0,0,0,690174.0
2026-10-01,JLL,308.07,33,4,29,0.3612,0,0,0,800876.0
2026-10-02,JLL,306.81,60,1,59,0.3433,0,0,0,412680.0
2026-10-01,JNJ,260.21,16210,9285,6925,0.2623,56280,0,0,8289456.0
2026-10-02,JNJ,256.29,18976,10301,8675,0.2524,866103,6666,78385,10219624.0
2026-10-01,JPM,334.4,70776,48762,22014,0.2656,3300568,569823,17926,8160283.0
2026-10-02,JPM,332.38,58457,38304,20153,0.2543,8293265,220551,7527,6659198.0
2026-10-01,KBH,47.32,988,406,582,0.3651,0,0,0,1288324.0
2026-10-02,KBH,45.75,344,81,263,0.3567,0,0,0,1408022.0
2026-10-01,KBR,35.05,70,44,26,0.3304,0,0,0,1653171.0
2026-10-02,KBR,34.24,48,37,11,0.3414,0,0,0,1897772.0
2026-10-01,KD,12.12,2893,2469,424,0.6388,104160,0,31248,10544957.0
2026-10-02,KD,11.63,2026,749,1277,0.5827,0,0,0,4787867.0
2026-10-01,KDP,30.95,6364,6097,267,0.2782,0,0,0,17710891.0
2026-10-02,KDP,30.37,606,330,276,0.2891,0,0,0,9928342.0
2026-10-01,KEX,133.46,36,36,0,0.335,0,0,0,395237.0
2026-10-02,KEX,137.87,901,900,1,0.3269,54020,0,0,503444.0
2026-10-01,KEY,20.15,3270,3034,236,0.2564,0,0,0,14510635.0
2026-10-02,KEY,20.08,545,249,296,0.2644,0,0,0,12591043.0
2026-10-01,KEYS,373.88,759,551,208,0.3697,81510,0,0,844031.0
2026-10-02,KEYS,389.46,2650,2108,542,0.3673,892279,0,132385,1255071.0
2026-10-01,KHC,22.52,25502,14728,10774,0.272,270412,0,17093,17700536.0
2026-10-02,KHC,22.25,13433,8295,5138,0.2773,0,0,0,12583810.0
2026-10-01,KIM,22.21,24,17,7,0.2157,0,0,0,6011462.0
2026-10-02,KIM,22.24,16,10,6,0.214,0,0,0,4520194.0
2026-10-01,KKR,91.24,9556,4344,5212,0.3973,3113843,32697,180603,6516713.0
2026-10-02,KKR,90.7,4282,1812,2470,0.3923,236834,47535,0,4730431.0
2026-10-01,KLAC,204.49,20069,15400,4669,0.631,66960,0,0,8700871.0
2026-10-02,KLAC,207.01,16493,11289,5204,0.6214,5438610,0,159781,7335488.0
2026-10-01,KMB,94.34,7556,4549,3007,0.257,560972,0,22123,5351381.0
2026-10-02,KMB,94.36,7190,2861,4329,0.2526,635832,0,130752,3863862.0
2026-10-01,KMI,30.59,3722,2533,1189,0.2507,0,0,0,11146463.0
2026-10-02,KMI,31.07,20837,7128,13709,0.2475,57891,0,0,11618442.0
2026-10-01,KNF,50.62,5,3,2,0.477,0,0,0,1426744.0
2026-10-02,KNF,50.33,7,5,2,0.4861,0,0,0,608263.0
2026-10-01,KNSL,334.53,39,19,20,0.3496,0,0,0,276409.0
2026-10-02,KNSL,329.72,11,6,5,0.3442,0,0,0,206917.0
2026-10-01,KNX,65.41,2644,33,2611,0.376,101200,0,0,3303398.0
2026-10-02,KNX,66.76,611,497,114,0.3805,0,0,0,2917967.0
2026-10-01,KO,86.38,33448,19910,13538,0.2095,388099,0,96800,18726633.0
2026-10-02,KO,85.65,46239,30476,15763,0.2061,2450649,701568,65659,20279549.0
2026-10-01,KR,59.48,3365,2163,1202,0.2918,0,0,0,7946764.0
2026-10-02,KR,59.05,41417,39371,2046,0.2786,755630,19739,16612,4691594.0
2026-10-01,KRC,33.93,2,0,2,0.2956,0,0,0,1250315.0
2026-10-02,KRC,33.63,4,3,1,0.2882,0,0,0,1340943.0
2026-10-01,KRE,70.2,184763,92665,92098,0.266,908242,0,466905,21294427.0
2026-10-02,KRE,70.78,71689,28447,43242,0.2487,2284862,0,0,18654181.0
2026-10-01,KRG,24.44,0,0,0,0.3051,0,0,0,2200320.0
2026-10-02,KRG,24.39,0,0,0,0.3427,0,0,0,1337117.0
2026-10-01,KRYS,325.31,17,6,11,0.4414,0,0,0,225736.0
2026-10-02,KRYS,322.28,30,17,13,0.4312,0,0,0,425632.0
2026-10-01,KTOS,43.38,21848,20346,1502,0.5978,0,0,0,4765502.0
2026-10-02,KTOS,43.2,22119,19300,2819,0.5741,689122,0,146496,3765950.0
2026-10-01,KVUE,17.32,320,166,154,0.2374,0,0,0,22208533.0
2026-10-02,KVUE,17.2,558,296,262,0.2635,0,0,0,13993706.0
2026-10-01,L,105.05,32,19,13,0.1935,0,0,0,1872051.0
2026-10-02,L,106.03,11,2,9,0.1909,0,0,0,855083.0
2026-10-01,LAD,306.07,38,19,19,0.375,0,0,0,333517.0
2026-10-02,LAD,307.77,120,67,53,0.3762,0,0,0,390217.0
2026-10-01,LAMR,143.2,149,55,94,0.2119,0,0,0,646556.0
2026-10-02,LAMR,144.12,13,3,10,0.2271,0,0,0,727710.0
2026-10-01,LDOS,121.97,199,111,88,0.3559,0,0,0,842964.0
2026-10-02,LDOS,117.74,242,132,110,0.3433,0,0,0,655500.0
2026-10-01,LEA,121.37,21,15,6,0.3187,0,0,0,619388.0
2026-10-02,LEA,120.85,11,7,4,0.3095,0,0,0,336976.0
2026-10-01,LECO,269.4,47,17,30,0.3237,0,0,0,353555.0
2026-10-02,LECO,274.38,4,4,0,0.3139,0,0,0,305303.0
2026-10-01,LEN,82.11,7820,4105,3715,0.3907,552753,0,57822,8881939.0
2026-10-02,LEN,80.0,41059,17776,23283,0.4144,2785466,148080,0,9008477.0
2026-10-01,LFUS,435.55,418,6,412,0.4342,0,0,0,136041.0
2026-10-02,LFUS,456.53,19,9,10,0.4347,0,0,0,171048.0
2026-10-01,LH,304.6,67,20,47,0.2684,0,0,0,468284.0
2026-10-02,LH,308.49,55,45,10,0.2633,0,0,0,588219.0
2026-10-01,LHX,238.4,3650,2824,826,0.2781,5803340,0,1644714,1310038.0
2026-10-02,LHX,236.6,2397,2087,310,0.2715,0,0,0,1126451.0
2026-10-01,LII,360.46,77,17,60,0.3671,0,0,0,548741.0
2026-10-02,LII,356.3,17,8,9,0.365,0,0,0,404977.0
2026-10-01,LIN,469.45,1785,1446,339,0.2164,837070,0,0,2120421.0
2026-10-02,LIN,481.25,1930,795,1135,0.213,659400,0,0,2527445.0
2026-10-01,LITE,1053.85,109075,57129,51946,0.7412,43866607,11459480,10312720,7546634.0
2026-10-02,LITE,1087.72,66848,34308,32540,0.7169,32487450,3437140,296725,4735853.0
2026-10-01,LIVN,74.7,40,40,0,0.4093,0,0,0,767262.0
2026-10-02,LIVN,75.07,53,47,6,0.3797,0,0,0,528515.0
2026-10-01,LLY,1149.9,27799,16449,11350,0.4064,11898316,0,5779417,2172884.0
2026-10-02,LLY,1144.1,29160,15913,13247,0.3961,3503021,1493856,498015,2040448.0
2026-10-01,LMT,506.68,4075,2791,1284,0.3003,0,0,0,895035.0
2026-10-02,LMT,506.5,3949,2233,1716,0.3009,0,0,0,1063998.0
2026-10-01,LNT,63.71,13,1,12,0.2162,0,0,0,3380614.0
2026-10-02,LNT,63.95,10,8,2,0.2273,0,0,0,5113940.0
2026-10-01,LNTH,99.65,9,3,6,0.1338,0,0,0,617062.0
2026-10-02,LNTH,99.96,2,1,1,0.1123,0,0,0,705952.0
2026-10-01,LOPE,153.71,116,110,6,0.3213,0,0,0,317506.0
2026-10-02,LOPE,155.79,74,72,2,0.312,0,0,0,310632.0
2026-10-01,LOW,182.38,14331,6859,7472,0.2979,4583336,0,931126,4385074.0
2026-10-02,LOW,181.01,13414,11277,2137,0.2959,640845,181800,0,2771847.0
2026-10-01,LPX,64.55,62,32,30,0.4219,0,0,0,1716915.0
2026-10-02,LPX,65.1,152,3,149,0.4214,0,0,0,987987.0
2026-10-01,LRCX,346.0,58283,34557,23726,0.6245,9592900,649322,0,8700099.0
2026-10-02,LRCX,347.75,54614,33796,20818,0.6023,15005287,3473324,1695367,7430240.0
2026-10-01,LSCC,128.86,910,496,414,0.6134,532770,72992,60200,1138200.0
2026-10-02,LSCC,134.36,493,401,92,0.6095,0,0,0,2618343.0
2026-10-01,LSTR,170.14,0,0,0,0.3362,0,0,0,483477.0
2026-10-02,LSTR,173.48,4,1,3,0.3326,0,0,0,292626.0
2026-10-01,LULU,95.55,48935,27815,21120,0.4257,271485255,24433673,0,5506712.0
2026-10-02,LULU,94.44,59563,39842,19721,0.4132,4451273,1149660,235410,5341801.0
2026-10-01,LUV,42.02,4652,3839,813,0.4675,0,0,0,5114438.0
2026-10-02,LUV,42.47,13129,11541,1588,0.4553,307093,16525,0,6196327.0
2026-10-01,LVS,36.76,13474,6698,6776,0.4088,1761346,0,495317,6297596.0
2026-10-02,LVS,36.23,4797,3419,1378,0.4071,214400,187040,0,7311641.0
2026-10-01,LYB,57.78,985,753,232,0.4024,0,0,0,3663293.0
2026-10-02,LYB,58.58,1425,743,682,0.4088,0,0,0,2201595.0
2026-10-01,LYV,166.85,1163,904,259,0.3002,0,0,0,2289661.0
2026-10-02,LYV,168.77,1161,798,363,0.2888,0,0,0,2070676.0
2026-10-01,M,22.77,6886,3619,3267,0.4094,0,0,0,7484582.0
2026-10-02,M,22.8,5160,4068,1092,0.3944,158928,0,0,4600536.0
2026-10-01,MA,550.0,4511,2476,2035,0.2468,75480,0,75480,2893494.0
2026-10-02,MA,552.26,7794,4595,3199,0.2469,3980240,1509200,0,2453442.0
2026-10-01,MAA,116.38,109,52,57,0.2131,0,0,0,825076.0
2026-10-02,MAA,115.33,823,302,521,0.2206,196880,0,0,1454678.0
2026-10-01,MANH,204.15,92,49,43,0.4472,0,0,0,501785.0
2026-10-02,MANH,204.15,11,2,9,0.4319,0,0,0,370037.0
2026-10-01,MAR,354.79,1280,508,772,0.254,871330,0,0,816475.0
2026-10-02,MAR,359.57,1011,701,310,0.2533,0,0,0,874281.0
2026-10-01,MAS,68.28,8,3,5,0.3235,0,0,0,1964765.0
2026-10-02,MAS,68.36,32,24,8,0.3239,0,0,0,1361363.0
2026-10-01,MAT,15.15,40184,25990,14194,0.6389,1668190,525850,38200,35664256.0
2026-10-02,MAT,15.25,32091,24184,7907,0.5814,2336117,180279,57400,19029177.0
2026-10-01,MCD,232.47,54416,30565,23851,0.2206,55832844,2909683,3839821,5931238.0
2026-10-02,MCD,232.34,44934,33301,11633,0.2149,1984148,208391,23860,6426589.0
2026-10-01,MCHP,78.5,21522,19065,2457,0.4882,2050468,1443608,25895,5218178.0
2026-10-02,MCHP,81.48,9124,6154,2970,0.4841,596364,53665,0,7727400.0
2026-10-01,MCK,898.82,1724,1178,546,0.2808,1042524,0,170237,1210100.0
2026-10-02,MCK,902.28,552,295,257,0.2834,52900,0,52900,655742.0
2026-10-01,MCO,448.0,226,94,132,0.272,0,0,0,1586841.0
2026-10-02,MCO,441.18,546,276,270,0.2753,651100,99696,0,1601764.0
2026-10-01,MDLZ,57.78,3614,2460,1154,0.241,0,0,0,7615300.0
2026-10-02,MDLZ,58.19,4630,3905,725,0.234,250750,0,46515,5086820.0
2026-10-01,MDT,86.56,49173,13699,35474,0.314,10203060,0,0,29277439.0
2026-10-02,MDT,86.38,16003,9982,6021,0.2988,0,0,0,35365705.0
2026-10-01,MEDP,598.08,330,46,284,0.4126,140760,0,0,233387.0
2026-10-02,MEDP,599.47,251,44,207,0.4323,0,0,0,240742.0
2026-09-30,MELI,1735.0,7282,4059,3223,0.3993,9229388,1433644,6781415,688292.0
2026-10-01,MELI,1693.0,6200,3311,2889,0.4108,4625929,0,0,710236.0
2026-10-02,MELI,1682.64,6326,3785,2541,0.4062,6685182,728227,40515,169947.0
2026-10-01,MET,94.35,2166,1679,487,0.2445,0,0,0,3686318.0
2026-10-02,MET,94.43,2223,1106,1117,0.2462,331100,0,0,1981134.0
2026-10-01,META,728.25,439300,296458,142842,0.4461,13230516,398160,3570995,12408444.0
2026-10-02,META,727.65,582282,394074,188208,0.4226,53593934,1118250,3038891,12964079.0
2026-10-01,MGM,30.88,42218,4759,37459,0.3819,53729798,4269214,819968,5085455.0
2026-10-02,MGM,30.7,5858,2729,3129,0.3804,650430,0,22077,4081909.0
2026-10-01,MIDD,102.69,17,12,5,0.3492,0,0,0,501555.0
2026-10-02,MIDD,104.57,16,16,0,0.3537,0,0,0,751118.0
2026-10-01,MKC,44.25,7154,2641,4513,0.2822,0,0,0,8925551.0
2026-10-02,MKC,44.67,3822,2889,933,0.274,148734,0,67080,5455548.0
2026-10-01,MKSI,271.24,417,245,172,0.5628,53000,0,0,1150958.0
2026-10-02,MKSI,279.15,250,85,165,0.5393,0,0,0,1179954.0
2026-10-01,MLI,61.32,9,8,1,0.2951,0,0,0,1826275.0
2026-10-02,MLI,62.56,186,164,22,0.3058,0,0,0,1321836.0
2026-10-01,MLM,479.17,248,132,116,0.3103,374000,0,0,679174.0
2026-10-02,MLM,482.27,122,84,38,0.2996,0,0,0,602469.0
2026-09-30,MLYS,25.0,426,412,14,0.6893,213570,85428,0,2051880.0
2026-10-01,MLYS,23.75,335,298,37,0.6747,0,0,0,1654433.0
2026-10-02,MLYS,24.0,498,408,90,0.6319,0,0,0,927285.0
2026-10-01,MMM,163.02,8161,5986,2175,0.3212,0,0,0,3210558.0
2026-10-02,MMM,161.64,7729,5431,2298,0.3158,447980,31536,0,3002401.0
2026-10-01,MMS,53.53,2,2,0,0.3633,0,0,0,1074417.0
2026-10-02,MMS,52.65,0,0,0,0.375,0,0,0,610052.0
2026-10-01,MNST,42.09,2201,820,1381,0.2809,64000,0,0,7432970.0
2026-10-02,MNST,42.92,2515,551,1964,0.2789,0,0,0,7727161.0
2026-10-01,MO,66.95,15434,8615,6819,0.2501,0,0,0,5941934.0
2026-10-02,MO,67.38,13415,7052,6363,0.246,182400,0,58057,6614642.0
2026-10-01,MOG.A,390.19,30,3,27,0.4003,0,0,0,192730.0
2026-10-02,MOG.A,392.73,114,13,101,0.3863,0,0,0,209066.0
2026-10-01,MOH,180.85,383,252,131,0.4727,0,0,0,1046232.0
2026-10-01,MORN,191.21,0,0,0,0.4109,0,0,0,186375.0
2026-10-02,MORN,183.55,5,5,0,0.3978,0,0,0,196257.0
2026-10-01,MOS,21.45,14897,8044,6853,0.4753,87612,0,0,11877386.0
2026-10-02,MOS,21.07,11863,4417,7446,0.4636,375527,0,0,7821207.0
2026-10-01,MP,46.35,32495,15459,17036,0.5638,110268,0,55620,6817318.0
2026-10-02,MP,46.97,21563,11888,9675,0.5523,0,0,0,4394025.0
2026-10-01,MPC,410.82,6786,2877,3909,0.4919,11270250,0,3127260,2115616.0
2026-10-02,MPC,422.33,4040,1749,2291,0.4865,960060,0,0,2167464.0
2026-10-01,MPWR,1360.97,405,199,206,0.5525,0,0,0,344589.0
2026-10-02,MPWR,1442.0,1325,631,694,0.5469,1349724,0,0,551033.0
2026-10-01,MRK,144.02,11996,7747,4249,0.3596,0,0,0,7856921.0
2026-10-02,MRK,143.31,13522,9320,4202,0.3507,367695,28160,311375,9159620.0
2026-10-01,MRNA,192.21,83229,51368,31861,1.0159,8618104,5127671,0,15437001.0
2026-10-02,MRNA,189.64,125882,85840,40042,0.9995,16027104,262216,241729,10289461.0
2026-10-01,MRSH,171.85,38,16,22,0.2644,0,0,0,1689820.0
2026-10-02,MRSH,170.06,319,315,4,0.2614,107898,0,0,2927462.0
2026-10-01,MRVL,273.95,157777,107209,50568,0.6405,11575894,1152187,818496,19030170.0
2026-10-02,MRVL,273.04,189333,123198,66135,0.6114,21640666,2159032,407133,15905528.0
2026-10-01,MS,189.11,31067,17562,13505,0.3403,8222063,162288,178123,9546000.0
2026-10-02,MS,190.99,17274,8419,8855,0.3297,306091,0,0,6306960.0
2026-10-01,MSA,179.03,0,0,0,0.2373,0,0,0,178047.0
2026-10-02,MSA,181.23,0,0,0,0.2414,0,0,0,229543.0
2026-10-01,MSCI,545.39,163,122,41,0.2931,0,0,0,645378.0
2026-10-02,MSCI,535.95,125,84,41,0.2899,0,0,0,487612.0
2026-10-01,MSFT,517.45,440841,307753,133088,0.3324,25438355,10097295,0,19731882.0
2026-10-02,MSFT,517.19,457122,316710,140412,0.3203,23993770,3561589,1117404,17822339.0
2026-10-01,MSI,448.03,1387,1279,108,0.2587,1228080,0,368424,521339.0
2026-10-02,MSI,447.41,174,105,69,0.2528,0,0,0,448084.0
2026-10-01,MSM,128.5,406,385,21,0.3153,0,0,0,1249144.0
2026-10-02,MSM,130.12,2074,2072,2,0.287,55888,0,0,819907.0
2026-10-01,MSTR,165.02,432528,279541,152987,0.6661,19200513,552015,2780221,19345169.0
2026-10-02,MSTR,160.18,1012416,703311,309105,0.6258,140627366,66513,3661303,27457402.0
2026-10-01,MTB,217.35,66,33,33,0.2561,0,0,0,1086554.0
2026-10-02,MTB,219.14,233,13,220,0.2601,153750,0,0,920416.0
2026-10-01,MTD,1481.17,157,27,130,0.3026,1870000,0,0,130219.0
2026-10-02,MTD,1486.19,221,6,215,0.2928,990000,0,0,129325.0
2026-10-01,MTDR,52.96,282,161,121,0.4259,0,0,0,1592248.0
2026-10-02,MTDR,53.5,107,57,50,0.4185,0,0,0,1429118.0
2026-10-01,MTG,26.37,3211,3207,4,0.2989,247500,0,0,3950002.0
2026-10-02,MTG,26.95,8,8,0,0.3108,0,0,0,3800492.0
2026-10-01,MTN,138.99,539,206,333,0.3633,0,0,0,714653.0
2026-10-02,MTN,141.16,618,200,418,0.3527,0,0,0,845574.0
2026-10-01,MTSI,308.0,486,242,244,0.6183,0,0,0,1175547.0
2026-10-02,MTSI,321.6,1097,804,293,0.6157,849120,0,0,1107706.0
2026-10-01,MTZ,213.66,728,433,295,0.579,429520,0,429520,1213900.0
2026-10-02,MTZ,215.93,3451,3100,351,0.575,4292844,4292844,0,1090692.0
2026-10-01,MU,1095.42,1525955,969043,556912,0.5419,449211908,36717724,0,45735434.0
2026-10-02,MU,1069.18,1322366,814146,508220,0.4884,164060837,10714648,0,27337514.0
2026-10-01,MUR,37.47,245,193,52,0.4453,0,0,0,2050888.0
2026-10-02,MUR,37.66,193,152,41,0.4396,0,0,0,1134744.0
2026-10-01,MUSA,511.6,31,3,28,0.3511,0,0,0,177577.0
2026-10-02,MUSA,515.02,4,3,1,0.3397,0,0,0,190158.0
2026-10-01,MZTI,99.69,5,2,3,0.3506,0,0,0,555196.0
2026-10-02,MZTI,99.53,18,10,8,0.338,0,0,0,204776.0
2026-10-01,NBIS,234.96,138873,82473,56400,0.7681,10422586,6316387,0,12329186.0
2026-10-02,NBIS,242.98,212124,122961,89163,0.7417,34053217,475466,2461678,12268426.0
2026-10-01,NBIX,140.71,86,59,27,0.361,0,0,0,1603663.0
2026-10-02,NBIX,142.4,551,548,3,0.3584,155150,0,46545,1648127.0
2026-10-01,NCLH,14.87,17366,11700,5666,0.5423,879450,0,263835,26244070.0
2026-10-02,NCLH,15.13,30602,24317,6285,0.5194,742485,642534,0,31220126.0
2026-10-01,NDAQ,91.81,349,91,258,0.2797,0,0,0,3168617.0
2026-10-02,NDAQ,90.33,738,366,372,0.2843,0,0,0,2292316.0
2026-10-01,NDSN,329.02,31,26,5,0.1999,0,0,0,327103.0
2026-10-02,NDSN,333.54,62,60,2,0.1973,0,0,0,315132.0
2026-10-01,NDX,30501.56,105351,50979,54372,0.193,4036725,0,4036725,0.0
2026-10-02,NDX,30807.93,115792,58764,57028,0.1815,13361080,2174840,733005,0.0
2026-10-01,NEE,76.47,28344,11944,16400,0.2561,1287805,0,218267,21197321.0
2026-10-02,NEE,76.93,23080,17674,5406,0.2482,961576,101508,34789,18186446.0
2026-10-01,NEM,115.48,7783,4459,3324,0.4258,0,0,0,5614051.0
2026-10-02,NEM,115.56,33726,17658,16068,0.4191,3236309,1132661,1634844,4030707.0
2026-10-01,NEU,921.14,5,3,2,0.3059,0,0,0,125081.0
2026-10-02,NEU,924.06,38,21,17,0.2864,0,0,0,113505.0
2026-10-01,NFG,76.26,21,17,4,0.2601,0,0,0,745464.0
2026-10-02,NFG,76.43,20,17,3,0.2631,0,0,0,837453.0
2026-10-01,NFLX,67.9,423827,247993,175834,0.4458,153390179,1371729,12375132,41584674.0
2026-10-02,NFLX,67.07,400508,271292,129216,0.4439,11262667,434351,1846343,38672123.0
2026-10-01,NI,39.5,16,10,6,0.2307,0,0,0,5781016.0
2026-10-02,NI,39.43,39,32,7,0.2099,0,0,0,4151759.0
2026-10-01,NJR,51.15,20,20,0,0.2555,0,0,0,839898.0
2026-10-02,NJR,51.59,1,1,0,0.2565,0,0,0,523984.0
2026-10-01,NKE,32.09,558651,300403,258248,0.5147,3839275,120577,113038,109034318.0
2026-10-02,NKE,33.86,713498,384208,329290,0.3348,15989361,1288942,3426633,142597648.0
2026-10-01,NLY,18.85,20188,8837,11351,0.2641,86010,7741,0,22517403.0
2026-10-02,NLY,18.5,8832,5742,3090,0.2668,0,0,0,14990815.0
2026-10-01,NNN,40.3,1397,75,1322,0.2095,0,0,0,2302518.0
2026-10-02,NNN,40.95,461,44,417,0.1974,0,0,0,5058927.0
2026-10-01,NOC,482.0,1714,828,886,0.2807,1788260,0,228260,1041730.0
2026-10-02,NOC,479.6,1412,778,634,0.2733,0,0,0,2683236.0
2026-10-01,NOV,18.91,111,99,12,0.3701,0,0,0,3710147.0
2026-10-02,NOV,18.8,21,12,9,0.3739,0,0,0,3141066.0
2026-10-01,NOVT,143.58,5,4,1,0.5041,0,0,0,246763.0
2026-10-02,NOVT,149.27,18,14,4,0.5043,0,0,0,367600.0
2026-10-01,NOW,137.8,85122,53186,31936,0.5789,1553722,1457262,0,10222477.0
2026-10-02,NOW,134.15,72656,46757,25899,0.5768,2237995,111912,414549,8851604.0
2026-10-01,NRG,97.8,3243,2598,645,0.496,0,0,0,2640147.0
2026-10-02,NRG,95.23,2996,1919,1077,0.4897,132440,132440,0,3336870.0
2026-10-01,NSC,310.26,267,175,92,0.2286,0,0,0,1072720.0
2026-10-02,NSC,317.44,659,607,52,0.2268,0,0,0,777542.0
2026-10-01,NTAP,215.05,1252,791,461,0.4524,0,0,0,1980399.0
2026-10-02,NTAP,226.3,8631,5740,2891,0.4685,7139997,281358,0,4742554.0
2026-10-01,NTNX,71.52,612,411,201,0.3924,0,0,0,1755627.0
2026-10-02,NTNX,72.29,778,625,153,0.3731,0,0,0,1960296.0
2026-10-01,NTRS,167.64,223,103,120,0.2851,0,0,0,1099499.0
2026-10-02,NTRS,171.4,50,30,20,0.2818,0,0,0,1054987.0
2026-10-01,NUE,235.98,1863,500,1363,0.3587,0,0,0,1538747.0
2026-10-02,NUE,240.0,756,581,175,0.3525,171840,0,0,1083140.0
2026-10-01,NVDA,234.73,2604866,1594335,1010531,0.3053,111447825,7729034,8865987,98591411.0
2026-10-02,NVDA,234.22,4620554,2896565,1723989,0.2885,145102587,1943526,10132568,135167817.0
2026-10-01,NVST,23.16,0,0,0,0.4028,0,0,0,2508805.0
2026-10-02,NVST,23.46,5,5,0,0.411,0,0,0,2345230.0
2026-10-01,NVT,165.77,368,220,148,0.519,0,0,0,1694833.0
2026-10-02,NVT,169.56,2546,1845,701,0.5078,298794,0,0,1615642.0
2026-10-01,NWE,68.53,0,0,0,0.2618,0,0,0,446458.0
2026-10-02,NWE,69.27,39,37,2,0.2672,0,0,0,472842.0
2026-10-01,NWS,31.45,1,0,1,0.3143,0,0,0,1250575.0
2026-10-02,NWS,31.65,1,1,0,0.3193,0,0,0,834707.0
2026-10-01,NWSA,28.62,3,2,1,0.3234,0,0,0,3385573.0
2026-10-02,NWSA,28.69,3,1,2,0.328,0,0,0,3248490.0
2026-10-01,NXPI,243.0,1578,680,898,0.4474,0,0,0,2381128.0
2026-10-02,NXPI,243.66,3799,3267,532,0.4429,744000,125625,0,2676915.0
2026-10-01,NXST,158.61,242,38,204,0.4126,515100,0,0,243649.0
2026-10-02,NXST,155.42,41,30,11,0.4067,0,0,0,349593.0
2026-10-01,NXT,80.28,644,305,339,0.6359,0,0,0,2249341.0
2026-10-02,NXT,84.3,3731,3376,355,0.6402,0,0,0,1931439.0
2026-10-01,NYT,63.6,3318,1650,1668,0.3821,0,0,0,1602910.0
2026-10-02,NYT,62.7,454,183,271,0.4063,0,0,0,5035448.0
2026-10-01,O,53.78,9682,6525,3157,0.187,261968,0,0,11295863.0
2026-10-02,O,54.25,6519,4541,1978,0.1835,0,0,0,7670267.0
2026-10-01,OC,117.09,211,186,25,0.4375,90000,0,0,1607655.0
2026-10-02,OC,118.36,93,58,35,0.4331,0,0,0,1010305.0
2026-10-01,ODFL,178.1,169,138,31,0.3626,0,0,0,1908841.0
2026-10-02,ODFL,180.48,306,74,232,0.3636,0,0,0,1138416.0
2026-10-01,OGE,45.67,1,1,0,0.1794,0,0,0,2089061.0
2026-10-02,OGE,45.34,701,681,20,0.1918,1159565,0,0,3933670.0
2026-10-01,OGS,71.71,2,2,0,0.2339,0,0,0,632178.0
2026-10-02,OGS,72.57,20,0,20,0.2415,0,0,0,562260.0
2026-10-01,OHI,45.23,335,233,102,0.2159,0,0,0,1303251.0
2026-10-02,OHI,45.72,213,189,24,0.2142,0,0,0,1678706.0
2026-10-01,OKE,87.16,2873,2252,621,0.2974,0,0,0,3270869.0
2026-10-02,OKE,87.88,2513,1906,607,0.2864,0,0,0,3586929.0
2026-10-01,OKTA,215.0,9350,5926,3424,0.5772,433100,0,0,3183212.0
2026-10-02,OKTA,212.0,10582,5802,4780,0.5491,892420,221938,32282,1698063.0
2026-10-01,OLED,77.39,239,184,55,0.5107,0,0,0,364107.0
2026-10-02,OLED,80.37,137,85,52,0.5038,0,0,0,621275.0
2026-10-01,OLLI,87.91,1200,573,627,0.4609,2070000,0,0,1344409.0
2026-10-02,OLLI,88.06,145,97,48,0.4325,0,0,0,1361619.0
2026-10-01,OLN,15.96,988,712,276,0.5085,0,0,0,3933122.0
2026-10-02,OLN,15.9,202,95,107,0.4956,0,0,0,3178272.0
2026-10-01,OMC,74.7,628,543,85,0.3012,84949,84949,0,3044335.0
2026-10-02,OMC,74.15,178,146,32,0.3074,0,0,0,1342716.0
2026-10-01,ON,86.39,30074,23374,6700,0.6107,2506658,154689,493764,10940809.0
2026-10-02,ON,85.0,46498,35104,11394,0.6025,8993762,1587455,72488,22884614.0
2026-10-01,ONB,24.98,0,0,0,0.2747,0,0,0,8310957.0
2026-10-02,ONB,24.96,0,0,0,0.2704,0,0,0,6400830.0
2026-10-01,ONTO,321.0,462,200,262,0.6851,0,0,0,664024.0
2026-10-02,ONTO,327.77,635,350,285,0.6604,0,0,0,1019159.0
2026-10-01,OPCH,22.64,123,64,59,0.4356,0,0,0,1254937.0
2026-10-02,OPCH,22.64,8,8,0,0.4654,0,0,0,887118.0
2026-10-01,ORA,89.66,172,95,77,0.3771,0,0,0,879178.0
2026-10-02,ORA,92.86,82,54,28,0.3745,0,0,0,541155.0
2026-10-01,ORCL,139.5,201987,144204,57783,0.5284,1324381,0,0,25384665.0
2026-10-02,ORCL,142.37,446768,291848,154920,0.52,24481682,2015405,41883,35337727.0
2026-10-01,ORI,37.49,53,8,45,0.211,0,0,0,1358989.0
2026-10-02,ORI,38.06,13,5,8,0.1998,0,0,0,1749559.0
2026-10-01,ORLY,85.03,1283,994,289,0.2847,0,0,0,4296136.0
2026-10-02,ORLY,84.9,478,326,152,0.29,0,0,0,2363875.0
2026-10-01,OSK,130.82,113,91,22,0.3931,0,0,0,758826.0
2026-10-02,OSK,133.85,41,37,4,0.3728,0,0,0,765513.0
2026-10-01,OTIS,64.48,955,485,470,0.2674,0,0,0,6430751.0
2026-10-02,OTIS,64.05,1648,1247,401,0.2553,212526,0,111370,6161990.0
2026-10-01,OVV,59.07,358,99,259,0.3704,0,0,0,3070136.0
2026-10-02,OVV,60.34,160,108,52,0.3666,0,0,0,2298090.0
2026-10-01,OXY,57.1,26788,19831,6957,0.3424,580415,0,0,11774741.0
2026-10-02,OXY,58.12,101644,85906,15738,0.3354,2089030,21586,46429,8893198.0
2026-10-01,OZK,46.27,1214,116,1098,0.2626,0,0,0,1226214.0
2026-10-02,OZK,46.7,1090,992,98,0.253,628680,0,0,791824.0
2026-10-01,P,134.75,3643,2400,1243,0.6531,721975,0,0,4595588.0
2026-10-02,P,140.55,11304,9921,1383,0.6485,7153936,0,167559,4886484.0
2026-10-01,PAG,202.84,2193,1052,1141,0.2834,0,0,0,533250.0
2026-10-02,PAG,204.03,208,7,201,0.2875,0,0,0,450598.0
2026-10-01,PANW,398.92,24898,14998,9900,0.5175,1411100,0,0,5310864.0
2026-10-02,PANW,403.74,38644,23040,15604,0.5011,3146863,0,404593,4829948.0
2026-10-01,PATH,13.38,42190,36492,5698,0.5499,0,0,0,42693037.0
2026-10-02,PATH,13.11,22492,18683,3809,0.5327,76200,22860,0,19682927.0
2026-10-01,PAYX,101.01,3737,3486,251,0.2788,194460,0,0,4152338.0
2026-10-02,PAYX,99.01,789,226,563,0.2841,0,0,0,2309602.0
2026-10-01,PB,66.8,0,0,0,0.2086,0,0,0,1386212.0
2026-10-02,PB,67.38,10,10,0,0.2083,0,0,0,902681.0
2026-10-01,PBF,82.4,7169,6304,865,0.7369,747773,0,224332,4079264.0
2026-10-02,PBF,80.78,2340,908,1432,0.7151,0,0,0,3959629.0
2026-10-01,PCAR,109.94,267,160,107,0.288,0,0,0,3964623.0
2026-10-02,PCAR,109.68,337,232,105,0.2941,0,0,0,3466085.0
2026-10-01,PCG,12.15,126278,69621,56657,0.3995,16372713,390272,1503198,31517265.0
2026-10-02,PCG,12.34,76361,72938,3423,0.3942,522875,79553,20866,41515664.0
2026-10-01,PCTY,146.43,64,62,2,0.441,0,0,0,768654.0
2026-10-02,PCTY,144.47,1,1,0,0.465,0,0,0,537272.0
2026-10-01,PDD,76.14,38590,9831,28759,0.2975,54854229,1156505,2247453,5035718.0
2026-10-02,PDD,75.59,25187,14767,10420,0.2897,727090,0,40755,6224229.0
2026-10-01,PEG,67.89,415,125,290,0.2069,0,0,0,4500124.0
2026-10-02,PEG,68.07,360,226,134,0.2045,78100,23430,0,5435017.0
2026-10-01,PEGA,34.0,80,78,2,0.608,0,0,0,1392202.0
2026-10-02,PEGA,33.93,91,87,4,0.5998,0,0,0,844389.0
2026-10-01,PEN,318.0,18,8,10,0.3324,0,0,0,302294.0
2026-10-02,PEN,317.55,55,0,55,0.36,0,0,0,187368.0
2026-10-01,PEP,126.0,35256,16480,18776,0.2469,2324482,0,0,8543084.0
2026-10-02,PEP,125.98,24437,15668,8769,0.2434,254548,28102,0,6071949.0
2026-10-01,PFE,28.18,47172,27471,19701,0.2255,0,0,0,30481615.0
2026-10-02,PFE,27.8,114018,43579,70439,0.2255,4936885,53166,1173006,34915845.0
2026-10-01,PFG,112.08,22,19,3,0.2645,0,0,0,1273320.0
2026-10-02,PFG,111.96,8,2,6,0.2795,0,0,0,1094883.0
2026-10-01,PFGC,91.84,13,13,0,0.3292,0,0,0,1164170.0
2026-10-02,PFGC,93.85,4,4,0,0.3307,0,0,0,1193052.0
2026-10-01,PG,143.97,29326,24334,4992,0.2307,1440899,1362145,23626,7321646.0
2026-10-02,PG,144.91,10488,6717,3771,0.2268,50464,0,0,6248954.0
2026-10-01,PGR,210.96,373,262,111,0.2661,0,0,0,2497719.0
2026-10-02,PGR,210.31,990,675,315,0.2686,76480,0,0,2754723.0
2026-10-01,PH,965.88,102,37,65,0.2992,0,0,0,498575.0
2026-10-02,PH,965.0,127,67,60,0.2884,0,0,0,344620.0
2026-10-01,PHM,116.3,710,299,411,0.3924,0,0,0,2396924.0
2026-10-02,PHM,115.73,1083,362,721,0.3956,0,0,0,1824946.0
2026-10-01,PII,52.37,266,15,251,0.5157,62540,0,0,1061130.0
2026-10-02,PII,53.71,32,19,13,0.4919,0,0,0,679379.0
2026-10-01,PINS,19.48,8422,5477,2945,0.5179,0,0,0,13213856.0
2026-10-02,PINS,19.26,5014,3352,1662,0.5196,0,0,0,8529839.0
2026-10-01,PK,15.69,62,28,34,0.2999,0,0,0,3214382.0
2026-10-02,PK,15.53,112,50,62,0.3066,0,0,0,2309070.0
2026-10-01,PKG,229.71,9,8,1,0.2734,0,0,0,610978.0
2026-10-02,PKG,228.54,30,30,0,0.278,0,0,0,530771.0
2026-10-01,PLD,128.18,2591,1458,1133,0.2612,348880,0,119130,5399149.0
2026-10-02,PLD,128.91,774,297,477,0.2539,0,0,0,3823807.0
2026-10-01,PLNT,41.85,1174,633,541,0.5466,114920,0,15500,2151607.0
2026-10-02,PLNT,42.41,351,180,171,0.5295,0,0,0,1713679.0
2026-10-01,PLTR,191.42,335001,220884,114117,0.4834,6562940,118423,1350690,17901982.0
2026-10-02,PLTR,188.7,387717,241212,146505,0.4659,14647393,2296514,243707,17932108.0
2026-10-01,PM,188.18,13154,11957,1197,0.3178,61452638,0,1074945,3568568.0
2026-10-02,PM,188.53,5228,3499,1729,0.3165,867624,109392,0,3052459.0
2026-10-01,PNC,220.75,927,520,407,0.2771,0,0,0,2208847.0
2026-10-02,PNC,221.03,926,560,366,0.2711,76400,76400,0,1899721.0
2026-10-01,PNFP,94.63,150,144,6,0.3008,0,0,0,1698510.0
2026-10-02,PNFP,96.09,154,152,2,0.2795,0,0,0,1701356.0
2026-10-01,PNR,52.88,227,72,155,0.3482,0,0,0,2901342.0
2026-10-02,PNR,53.03,376,345,31,0.3512,105350,105350,0,2258296.0
2026-10-01,PNW,94.63,26,24,2,0.193,0,0,0,2060384.0
2026-10-02,PNW,95.92,1337,1334,3,0.1919,264800,264800,0,2115590.0
2026-10-01,PODD,130.79,148,84,64,0.4477,0,0,0,2434716.0
2026-10-02,PODD,131.69,477,443,34,0.4533,0,0,0,944788.0
2026-10-01,POR,44.76,21,21,0,0.2161,0,0,0,1785083.0
2026-10-02,POR,44.55,45,45,0,0.2154,0,0,0,1874709.0
2026-10-01,POST,72.83,46,31,15,0.3272,0,0,0,698968.0
2026-10-02,POST,72.56,130,113,17,0.325,0,0,0,573073.0
2026-10-01,PPC,25.19,220,36,184,0.4098,0,0,0,2211204.0
2026-10-02,PPC,27.5,13,13,0,0.424,0,0,0,2171962.0
2026-10-01,PPG,104.67,339,118,221,0.297,0,0,0,1838304.0
2026-10-02,PPG,105.76,709,657,52,0.2801,0,0,0,1091631.0
2026-10-01,PPL,32.76,3127,3110,17,0.1986,244480,0,73344,9994009.0
2026-10-02,PPL,32.8,160,139,21,0.1867,0,0,0,3704760.0
2026-10-01,PR,21.93,600,593,7,0.389,0,0,0,9657003.0
2026-10-02,PR,22.12,855,827,28,0.3973,0,0,0,7156809.0
2026-09-29,PRAX,281.08,342,338,4,0.7036,416950,0,250170,349557.0
2026-10-01,PRAX,290.0,464,413,51,0.734,0,0,0,381650.0
2026-10-01,PRI,274.72,2,0,2,0.2188,0,0,0,165820.0
2026-10-02,PRI,275.42,1,1,0,0.2089,0,0,0,163116.0
2026-10-01,PRU,113.13,3384,3129,255,0.2582,92304,0,0,1508624.0
2026-10-02,PRU,112.6,1604,1132,472,0.2601,320400,0,0,1877849.0
2026-10-01,PSA,284.0,76,37,39,0.2532,0,0,0,953982.0
2026-10-02,PSA,283.81,84,58,26,0.2496,0,0,0,585976.0
2026-10-01,PSKY,9.39,107795,38189,69606,0.574,406102,0,0,44268018.0
2026-10-02,PSKY,9.5,200755,133970,66785,0.5769,6528713,0,1569252,37388663.0
2026-10-01,PSN,41.01,181,141,40,0.5273,0,0,0,1299842.0
2026-10-02,PSN,40.79,112,106,6,0.5729,0,0,0,2157824.0
2026-10-01,PSX,264.23,2287,1525,762,0.4403,0,0,0,2529588.0
2026-10-02,PSX,264.58,3521,2329,1192,0.4292,2578144,0,208843,1573142.0
2026-10-01,PTC,146.79,1835,603,1232,0.4698,249860,0,0,1910619.0
2026-10-02,PTC,144.03,1593,81,1512,0.4595,537700,0,537700,1120022.0
2026-10-01,PVH,75.85,79,49,30,0.3877,0,0,0,740550.0
2026-10-02,PVH,75.53,519,415,104,0.3804,0,0,0,710925.0
2026-10-01,PWR,660.0,2017,1160,857,0.407,352030,0,105609,904348.0
2026-10-02,PWR,676.56,1802,593,1209,0.3992,891800,0,0,694417.0
2026-10-01,PYPL,53.14,29691,23680,6011,0.4598,394981,45774,0,11708583.0
2026-10-02,PYPL,52.87,42858,27186,15672,0.4392,692018,123956,23512,9001322.0
2026-09-30,Q,125.39,456,145,311,0.5283,141340,0,56536,534282.0
2026-10-01,Q,128.45,614,323,291,0.5303,0,0,0,1303443.0
2026-10-01,QCOM,184.45,46429,30218,16211,0.4849,1299379,126706,36229,10908626.0
2026-10-02,QCOM,185.2,57381,42460,14921,0.4762,1739286,55123,0,10095713.0
2026-10-01,QLYS,187.43,95,57,38,0.5538,0,0,0,653997.0
2026-10-02,QLYS,193.0,191,47,144,0.5314,0,0,0,357236.0
2026-10-01,QQQ,746.14,10114320,5053860,5060460,0.1963,155696025,2781598,9086116,35728920.0
2026-10-02,QQQ,749.55,9305544,4520574,4784970,0.1865,217773339,18027106,25143928,34498919.0
2026-10-01,R,230.92,2,2,0,0.3214,0,0,0,286450.0
2026-10-02,R,237.24,14,14,0,0.309,0,0,0,294769.0
2026-10-01,RBA,81.59,12,5,7,0.3397,0,0,0,2595358.0
2026-10-02,RBA,81.88,4,0,4,0.3364,0,0,0,1652163.0
2026-10-01,RBC,508.49,3,3,0,0.3018,0,0,0,205507.0
2026-10-02,RBC,515.56,4,4,0,0.2967,0,0,0,212942.0
2026-09-30,RCKT,2.7,44,42,2,0.8583,0,0,0,2526822.0
2026-10-01,RCKT,2.59,12,12,0,0.8756,0,0,0,2091968.0
2026-10-02,RCKT,2.61,6,5,1,0.8843,0,0,0,1818398.0
2026-10-01,RCL,273.06,4367,2424,1943,0.5062,187050,0,56115,3093835.0
2026-10-02,RCL,277.74,29172,4805,24367,0.5104,12828437,2081397,28879,3418943.0
2026-10-01,RDDT,150.0,41256,27023,14233,0.7215,9267277,137277,2575005,4102307.0
2026-10-02,RDDT,147.49,69381,43478,25903,0.7035,5442672,307033,46126,3123122.0
2026-10-01,REG,72.0,1,0,1,0.1756,0,0,0,1117808.0
2026-10-02,REG,71.6,1,1,0,0.161,0,0,0,1136324.0
2026-10-01,REGN,734.81,1045,493,552,0.358,0,0,0,835955.0
2026-10-02,REGN,736.5,894,603,291,0.3484,190900,0,0,612718.0
2026-10-01,REXR,36.02,19,15,4,0.2353,0,0,0,2653901.0
2026-10-02,REXR,36.69,31,10,21,0.2392,0,0,0,3316936.0
2026-10-01,RF,27.12,220,104,116,0.3195,0,0,0,11712772.0
2026-10-02,RF,27.1,278,89,189,0.3188,0,0,0,11420201.0
2026-10-01,RGA,244.62,24,6,18,0.2486,0,0,0,433548.0
2026-10-02,RGA,249.41,962,962,0,0.2399,87780,87780,0,342308.0
2026-10-01,RGEN,177.23,950,494,456,0.5094,78000,0,0,1945821.0
2026-10-02,RGEN,181.7,151,117,34,0.5033,0,0,0,1460369.0
2026-10-01,RGLD,234.0,459,171,288,0.3799,0,0,0,537101.0
2026-10-02,RGLD,234.5,330,149,181,0.37,0,0,0,439339.0
2026-10-01,RH,120.51,5863,2105,3758,0.605,1718743,100650,513666,742850.0
2026-10-02,RH,120.46,4066,1403,2663,0.5939,132990,0,0,783292.0
2026-10-01,RJF,159.76,54,34,20,0.2706,0,0,0,975614.0
2026-10-02,RJF,158.21,87,37,50,0.2678,0,0,0,907709.0
2026-10-01,RKLB,71.15,113431,87717,25714,0.6808,3542276,170361,106105,23312579.0
2026-10-02,RKLB,74.13,236026,156624,79402,0.6744,4682492,268534,0,26839304.0
2026-10-01,RL,362.66,385,304,81,0.3492,743920,0,0,619622.0
2026-10-02,RL,363.37,429,377,52,0.3405,506385,0,0,559277.0
2026-10-01,RLI,56.18,0,0,0,0.3534,0,0,0,908211.0
2026-10-02,RLI,55.94,0,0,0,0.3632,0,0,0,839276.0
2026-10-01,RMBS,108.37,738,545,193,0.7099,0,0,0,1138120.0
2026-10-02,RMBS,111.5,1903,1478,425,0.6982,0,0,0,1274268.0
2026-10-01,RMD,221.15,1038,878,160,0.325,0,0,0,930416.0
2026-10-02,RMD,218.89,1423,242,1181,0.3136,1301220,0,0,898886.0
2026-10-01,RNR,322.99,17,7,10,0.2443,0,0,0,385789.0
2026-10-02,RNR,325.53,4,3,1,0.2391,0,0,0,333930.0
2026-10-01,ROIV,35.68,62,62,0,0.503,0,0,0,3271947.0
2026-10-02,ROIV,35.5,39,29,10,0.5129,0,0,0,4365817.0
2026-10-01,ROK,442.45,348,197,151,0.3122,0,0,0,867302.0
2026-10-02,ROK,454.35,309,232,77,0.2995,0,0,0,716561.0
2026-10-01,ROKU,150.99,1238,748,490,0.1795,354686,0,0,1893844.0
2026-10-02,ROKU,152.19,2677,2170,507,0.1814,0,0,0,1420321.0
2026-10-01,ROL,30.57,1040,831,209,0.3455,152160,0,15840,7966723.0
2026-10-02,ROL,30.16,234,200,34,0.3447,0,0,0,4330881.0
2026-10-01,ROP,362.59,25,16,9,0.3183,0,0,0,1120402.0
2026-10-02,ROP,354.32,48,31,17,0.3078,0,0,0,751971.0
2026-10-01,ROST,234.25,527,375,152,0.2463,0,0,0,1744307.0
2026-10-02,ROST,228.5,1589,490,1099,0.2363,0,0,0,2354618.0
2026-10-01,RPM,99.29,105,36,69,0.3499,0,0,0,987138.0
2026-10-02,RPM,99.19,109,69,40,0.3463,0,0,0,1012495.0
2026-10-01,RRC,37.6,67,60,7,0.3507,0,0,0,1935439.0
2026-10-02,RRC,38.23,585,71,514,0.3425,0,0,0,2806852.0
2026-10-01,RRX,156.57,94,62,32,0.4675,0,0,0,876246.0
2026-10-02,RRX,159.87,171,136,35,0.4306,0,0,0,1114868.0
2026-10-01,RS,393.04,9,9,0,0.2781,0,0,0,265965.0
2026-10-02,RS,400.31,27,24,3,0.2601,0,0,0,273104.0
2026-10-01,RSG,206.98,67,35,32,0.1905,0,0,0,1164698.0
2026-10-02,RSG,209.56,125,106,19,0.1845,0,0,0,1178389.0
2026-10-01,RTX,185.5,8324,5280,3044,0.3075,1646010,0,194594,3174664.0
2026-10-02,RTX,184.68,13810,10023,3787,0.3051,735748,89545,0,3812460.0
2026-10-01,RUT,2806.62,107525,43733,63792,0.1957,42294590,0,28836959,0.0
2026-10-02,RUT,2832.89,111773,48231,63542,0.1817,70458984,6818914,15032573,0.0
2026-10-01,RVTY,149.06,464,266,198,0.4584,59500,17850,0,2483841.0
2026-10-02,RVTY,151.53,35,31,4,0.4525,0,0,0,1236573.0
2026-10-01,RYAN,38.39,4,0,4,0.5006,0,0,0,2039919.0
2026-10-02,RYAN,37.67,1,1,0,0.5032,0,0,0,2108357.0
2026-10-01,RYN,18.22,2202,971,1231,0.25,74885,0,74885,3523019.0
2026-10-02,RYN,18.06,173,94,79,0.2481,0,0,0,3826904.0
2026-10-01,SAIA,344.38,29,3,26,0.4505,0,0,0,444076.0
2026-10-02,SAIA,351.12,37,26,11,0.4461,0,0,0,410637.0
2026-10-01,SAIC,126.3,9,9,0,0.3132,0,0,0,494807.0
2026-10-02,SAIC,125.26,3,2,1,0.3086,0,0,0,418366.0
2026-10-01,SANM,221.96,590,410,180,0.6569,0,0,0,540377.0
2026-10-02,SANM,229.04,1072,800,272,0.6432,240000,0,0,486942.0
2026-10-01,SARO,21.17,3196,505,2691,0.4294,221085,0,0,4513272.0
2026-10-02,SARO,21.05,2109,974,1135,0.4321,107778,0,0,3702188.0
2026-10-01,SBAC,158.02,2117,2106,11,0.2914,70500,0,21150,658742.0
2026-10-02,SBAC,158.49,1984,1950,34,0.2906,0,0,0,621377.0
2026-10-01,SBRA,19.2,33,20,13,0.1835,0,0,0,3211146.0
2026-10-02,SBRA,19.13,82,78,4,0.1698,0,0,0,3008372.0
2026-10-01,SBUX,95.25,7010,3746,3264,0.3453,0,0,0,5147364.0
2026-10-02,SBUX,94.55,10932,6573,4359,0.3393,263350,24766,0,5948695.0
2026-10-01,SCHW,98.5,16450,3534,12916,0.3051,493072,22025,0,6676210.0
2026-10-02,SCHW,96.87,18567,7433,11134,0.3013,299475,167265,0,7721557.0
2026-10-01,SCI,76.5,31,17,14,0.2482,0,0,0,1054929.0
2026-10-02,SCI,77.14,75,11,64,0.2386,0,0,0,1056788.0
2026-10-01,SEIC,103.94,43,25,18,0.2567,0,0,0,662555.0
2026-10-02,SEIC,102.43,215,212,3,0.2398,0,0,0,474872.0
2026-10-01,SF,70.34,12,10,2,0.3093,0,0,0,1237040.0
2026-10-02,SF,70.28,35,0,35,0.314,0,0,0,1455426.0
2026-10-01,SFM,65.9,1073,451,622,0.4614,0,0,0,2750775.0
2026-10-02,SFM,64.47,1170,506,664,0.4592,0,0,0,1456661.0
2026-10-01,SGI,62.75,126,99,27,0.509,0,0,0,3029350.0
2026-10-02,SGI,61.97,257,188,69,0.514,0,0,0,2412707.0
2026-10-01,SHC,18.12,0,0,0,0.4568,0,0,0,1641148.0
2026-10-02,SHC,18.22,0,0,0,0.4388,0,0,0,1942390.0
2026-10-01,SHOP,150.27,26853,17446,9407,0.5851,158984,19958,0,4931114.0
2026-10-02,SHOP,151.59,51268,31603,19665,0.5663,7898555,0,3055182,5571202.0
2026-10-01,SHW,320.78,555,298,257,0.2731,0,0,0,1627099.0
2026-10-02,SHW,319.51,244,110,134,0.2691,0,0,0,1001894.0
2026-10-01,SIGI,84.9,0,0,0,0.2473,0,0,0,584723.0
2026-10-02,SIGI,85.59,4,0,4,0.2462,0,0,0,387903.0
2026-10-01,SIRI,25.69,2817,1925,892,0.3521,0,0,0,3897151.0
2026-10-02,SIRI,25.71,72643,71806,837,0.347,786400,0,117960,4095912.0
2026-10-01,SITM,680.3,347,84,263,0.7553,0,0,0,417756.0
2026-10-02,SITM,709.44,675,235,440,0.7681,751840,225552,0,349568.0
2026-10-01,SJM,115.95,414,121,293,0.2444,0,0,0,946956.0
2026-10-02,SJM,117.19,500,447,53,0.2433,0,0,0,1154581.0
2026-10-01,SLAB,222.51,7,2,5,0.0856,0,0,0,382128.0
2026-10-02,SLAB,222.76,12,10,2,0.088,0,0,0,174697.0
2026-10-01,SLB,48.61,15317,10328,4989,0.3625,0,0,0,14328647.0
2026-10-02,SLB,48.74,39301,37131,2170,0.3574,2317464,0,695239,8429347.0
2026-10-01,SLGN,34.77,1,0,1,0.3275,0,0,0,1430985.0
2026-10-02,SLGN,34.87,4,4,0,0.3197,0,0,0,899575.0
2026-10-01,SLM,22.61,417,51,366,0.3794,0,0,0,2559041.0
2026-10-02,SLM,22.8,108,52,56,0.3734,0,0,0,3667466.0
2026-10-01,SLV,55.12,337457,187630,149827,0.3367,166211026,1251044,21249651,12050944.0
2026-10-02,SLV,54.74,409103,270865,138238,0.3287,2966016,1333181,277511,17533954.0
2026-10-01,SMCI,42.33,167911,131000,36911,0.7324,1634084,0,141628,26504279.0
2026-10-02,SMCI,43.58,396354,298862,97492,0.7143,12893855,123585,444159,44497408.0
2026-10-01,SMG,50.02,223,170,53,0.3941,0,0,0,1233542.0
2026-10-02,SMG,49.02,115,84,31,0.4088,0,0,0,986415.0
2026-10-01,SMH,627.45,237908,78811,159097,0.354,0,0,0,5111682.0
2026-10-02,SMH,630.75,401036,94443,306593,0.3331,50169138,4316296,0,7328587.0
2026-09-30,SMMT,16.92,16995,13638,3357,1.0116,1946143,605136,0,13060430.0
2026-10-01,SMMT,16.79,9526,7898,1628,0.9858,0,0,0,7900981.0
2026-10-02,SMMT,16.75,5970,3551,2419,0.9638,0,0,0,5187929.0
2026-10-01,SMTC,190.0,4043,2624,1419,0.816,109000,0,0,3383568.0
2026-10-02,SMTC,195.0,10159,6568,3591,0.7619,577630,8109,0,4908952.0
2026-10-01,SN,179.78,379,91,288,0.4883,0,0,0,1061568.0
2026-10-02,SN,182.57,793,156,637,0.4758,0,0,0,925080.0
2026-10-01,SNA,367.72,34,24,10,0.2196,0,0,0,264532.0
2026-10-02,SNA,368.9,27,16,11,0.2153,0,0,0,249394.0
2026-10-01,SNDK,1764.0,195303,120012,75291,0.7083,87091409,13867966,14131681,9218050.0
2026-10-02,SNDK,1717.66,272916,168522,104394,0.6523,101096943,13653462,16302750,8191520.0
2026-10-01,SNPS,494.9,23667,18261,5406,0.4646,13526600,154940,2118982,6664648.0
2026-10-02,SNPS,489.9,9816,6926,2890,0.4475,5565908,0,77000,3051835.0
2026-10-01,SNX,271.76,711,581,130,0.3861,195800,0,58740,1188537.0
2026-10-02,SNX,278.37,182,106,76,0.3654,0,0,0,854417.0
2026-10-01,SO,83.47,6077,5246,831,0.182,404890,0,0,7566919.0
2026-10-02,SO,83.72,7368,5120,2248,0.1938,629112,0,15387,7802043.0
2026-10-01,SOFI,15.94,316563,214894,101669,0.5461,4495611,0,53858,37333338.0
2026-10-02,SOFI,15.75,332209,243018,89191,0.5302,3516622,1493185,147039,49554082.0
2026-10-01,SOLS,56.62,31138,617,30521,0.49,1050070,0,1050070,1095812.0
2026-10-02,SOLS,57.97,593,375,218,0.4781,0,0,0,1578735.0
2026-10-01,SOLV,87.77,69,54,15,0.307,0,0,0,528695.0
2026-10-02,SOLV,87.85,128,120,8,0.291,0,0,0,880449.0
2026-10-01,SON,48.5,51,38,13,0.3165,0,0,0,1010870.0
2026-10-02,SON,48.74,65,26,39,0.3066,0,0,0,964884.0
2026-10-01,SPG,200.81,1145,654,491,0.218,135300,0,0,1140957.0
2026-10-02,SPG,200.95,409,276,133,0.2159,0,0,0,1228427.0
2026-10-01,SPGI,391.32,1413,596,817,0.2975,0,0,0,2940006.0
2026-10-02,SPGI,386.27,2572,993,1579,0.2927,374650,0,0,2770733.0
2026-10-01,SPX,7666.45,5493929,2588821,2905108,0.129,819225438,0,98873610,0.0
2026-10-02,SPX,7722.72,5203406,2413932,2789474,0.1217,1094570893,0,139007551,0.0
2026-10-01,SPXC,169.71,337,310,27,0.4133,0,0,0,1066562.0
2026-10-02,SPXC,173.09,45,21,24,0.408,0,0,0,512015.0
2026-10-01,SPY,767.2,15024674,6982911,8041763,0.1348,41292841,8553257,9010695,47676934.0
2026-10-02,SPY,769.64,14211415,6415995,7795420,0.1244,178827244,11736379,29948158,46311920.0
2026-10-01,SR,76.44,0,0,0,0.2772,0,0,0,407392.0
2026-10-02,SR,77.54,1,1,0,0.281,0,0,0,509012.0
2026-10-01,SRE,78.05,158,97,61,0.254,0,0,0,3226552.0
2026-10-02,SRE,78.38,126,63,63,0.2388,0,0,0,2949921.0
2026-10-01,SSB,100.61,0,0,0,0.2343,0,0,0,852997.0
2026-10-02,SSB,101.91,0,0,0,0.248,0,0,0,604093.0
2026-10-01,SSD,172.59,12,11,1,0.3074,0,0,0,295464.0
2026-10-02,SSD,173.56,38,1,37,0.3197,0,0,0,310803.0
2026-10-01,ST,42.35,0,0,0,0.3836,0,0,0,1527833.0
2026-10-02,ST,43.7,20,19,1,0.3987,0,0,0,1486259.0
2026-10-01,STAG,35.72,40,8,32,0.1806,0,0,0,1495800.0
2026-10-02,STAG,36.05,22,17,5,0.1806,0,0,0,1784143.0
2026-10-01,STE,209.34,33,32,1,0.2665,0,0,0,583919.0
2026-10-02,STE,208.54,5,5,0,0.2621,0,0,0,676528.0
2026-10-01,STLD,226.17,561,383,178,0.3941,0,0,0,1065926.0
2026-10-02,STLD,231.99,312,196,116,0.3889,0,0,0,572895.0
2026-10-01,STRL,502.0,517,247,270,0.655,0,0,0,371352.0
2026-10-02,STRL,535.0,1158,391,767,0.6505,294280,0,0,605572.0
2026-10-01,STT,174.62,904,615,289,0.3508,106375,0,0,2145668.0
2026-10-02,STT,175.96,1496,1298,198,0.3488,252030,0,0,1752491.0
2026-10-01,STWD,13.32,2849,1070,1779,0.2561,141200,0,4261,8312177.0
2026-10-02,STWD,13.05,3304,1035,2269,0.2531,0,0,0,10246232.0
2026-10-01,STX,845.88,20884,9047,11837,0.7117,5898808,0,4086424,2485101.0
2026-10-02,STX,847.0,102924,60388,42536,0.6975,89520397,0,6491065,13547473.0
2026-10-01,STZ,112.99,3234,1332,1902,0.3617,79200,0,23760,2025630.0
2026-10-02,STZ,112.87,4247,2166,2081,0.3554,383150,59400,55545,1000188.0
2026-10-01,SUI,110.0,8,6,2,0.2227,0,0,0,1018284.0
2026-10-02,SUI,110.75,3,3,0,0.2273,0,0,0,1058578.0
2026-09-30,SVRA,5.2,261,141,120,0.9166,0,0,0,6051742.0
2026-10-01,SVRA,5.04,47,47,0,0.931,0,0,0,2549670.0
2026-10-02,SVRA,5.0,1,1,0,0.9424,0,0,0,205115.0
2026-10-01,SW,43.04,447,338,109,0.4045,0,0,0,3605394.0
2026-10-02,SW,42.54,1113,1055,58,0.391,0,0,0,4856287.0
2026-10-01,SWK,89.59,1374,1150,224,0.3461,0,0,0,1637997.0
2026-10-02,SWK,91.34,1107,713,394,0.3411,55968,0,55968,2042355.0
2026-10-01,SWKS,83.19,1127,532,595,0.5671,0,0,0,5064870.0
2026-10-02,SWKS,85.2,494,325,169,0.5511,0,0,0,6524068.0
2026-10-01,SWX,81.76,0,0,0,0.2148,0,0,0,700119.0
2026-10-02,SWX,82.69,2,2,0,0.2211,0,0,0,442929.0
2026-10-01,SYF,71.51,10294,10058,236,0.3338,1716000,0,514800,2864392.0
2026-10-02,SYF,71.77,8135,8002,133,0.3312,694110,694110,0,3116952.0
2026-10-01,SYK,273.39,1599,577,1022,0.3018,5439832,228247,0,2463938.0
2026-10-02,SYK,275.67,680,349,331,0.3122,0,0,0,1995090.0
2026-10-01,SYNA,121.2,257,231,26,0.5866,0,0,0,1009988.0
2026-10-02,SYNA,121.1,4573,2049,2524,0.1251,51480,0,51480,7666770.0
2026-10-01,SYY,77.77,159,48,111,0.2297,0,0,0,4642654.0
2026-10-02,SYY,77.49,308,193,115,0.2111,0,0,0,3987654.0
2026-10-01,T,24.37,28281,18026,10255,0.2924,0,0,0,26824451.0
2026-10-02,T,24.33,24425,17135,7290,0.2881,66198,0,0,29137475.0
2026-10-01,TCBI,93.2,300,0,300,0.2811,0,0,0,604153.0
2026-10-02,TCBI,93.76,2,0,2,0.2817,0,0,0,656956.0
2026-10-01,TDG,1096.25,139,130,9,0.3097,0,0,0,401965.0
2026-10-02,TDG,1090.38,37,33,4,0.3069,0,0,0,278616.0
2026-10-01,TDY,612.7,7,3,4,0.2687,0,0,0,261047.0
2026-10-02,TDY,617.17,41,33,8,0.2783,0,0,0,181904.0
2026-10-01,TECH,72.47,2,2,0,0.0481,0,0,0,2711405.0
2026-10-02,TECH,72.42,1,1,0,0.0553,0,0,0,1864706.0
2026-10-01,TEL,217.76,210,132,78,0.35,0,0,0,1577776.0
2026-10-02,TEL,220.36,259,171,88,0.3515,0,0,0,1298993.0
2026-10-01,TER,425.55,6977,5206,1771,0.7704,0,0,0,1709169.0
2026-10-02,TER,451.0,12005,4827,7178,0.7796,15075740,0,0,3396220.0
2026-10-01,TEX,54.94,43,10,33,0.4737,0,0,0,1922025.0
2026-10-02,TEX,56.71,59,38,21,0.4572,0,0,0,1620850.0
2026-10-01,TFC,46.28,5601,2384,3217,0.2792,70666,0,0,8866404.0
2026-10-02,TFC,46.45,2307,713,1594,0.2738,0,0,0,9146755.0
2026-10-01,TGT,156.5,20390,9069,11321,0.299,720802,157570,22630,4741871.0
2026-10-02,TGT,156.0,10980,4631,6349,0.2866,1267896,0,12371,4300574.0
2026-10-01,THC,253.97,24,19,5,0.4025,0,0,0,439257.0
2026-10-02,THC,258.62,217,207,10,0.4026,309120,0,0,574585.0
2026-10-01,THG,216.94,0,0,0,0.2107,0,0,0,279624.0
2026-10-02,THG,219.65,5,5,0,0.2168,0,0,0,318076.0
2026-10-01,THO,69.05,56,5,51,0.3722,0,0,0,844576.0
2026-10-02,THO,69.55,33,16,17,0.3714,0,0,0,665589.0
2026-10-01,TJX,133.59,6894,5607,1287,0.2243,342140,0,0,5896540.0
2026-10-02,TJX,132.5,4508,2918,1590,0.219,89232,0,0,6951369.0
2026-10-01,TKO,176.04,140,81,59,0.3431,0,0,0,1305557.0
2026-10-02,TKO,175.58,81,58,23,0.3419,0,0,0,929791.0
2026-10-01,TKR,118.99,35,31,4,0.3694,0,0,0,1128453.0
2026-10-02,TKR,122.44,107,91,16,0.377,0,0,0,1152770.0
2026-10-01,TLN,324.0,5628,3847,1781,0.5268,695300,0,108990,1126478.0
2026-10-02,TLN,320.5,1694,1094,600,0.5215,4785000,1435500,0,1112134.0
2026-10-01,TLT,77.94,1842997,1158006,684991,0.1633,133981623,674790,13611033,83642575.0
2026-10-02,TLT,77.53,1426799,1017443,409356,0.156,34289720,615440,2547868,61407955.0
2026-10-01,TMO,652.51,1784,769,1015,0.3739,1330215,1086564,0,2375284.0
2026-10-02,TMO,654.87,4153,1403,2750,0.3745,2253058,0,983886,1663054.0
2026-10-01,TMUS,161.89,3220,1849,1371,0.352,253800,0,0,3944969.0
2026-10-02,TMUS,163.64,5460,4385,1075,0.3408,708315,640420,0,3341395.0
2026-10-01,TNL,62.96,26,24,2,0.3597,0,0,0,832107.0
2026-10-02,TNL,62.92,73,44,29,0.3591,0,0,0,554958.0
2026-10-01,TOL,136.36,844,693,151,0.3347,0,0,0,1025289.0
2026-10-02,TOL,136.61,322,198,124,0.3323,0,0,0,1456940.0
2026-10-01,TOST,29.4,7572,3751,3821,0.4577,0,0,0,7818456.0
2026-10-02,TOST,29.95,7079,4294,2785,0.4561,0,0,0,9582979.0
2026-10-01,TPL,336.46,545,459,86,0.4392,0,0,0,261251.0
2026-10-02,TPL,340.19,195,131,64,0.4317,0,0,0,291484.0
2026-10-01,TPR,119.24,832,533,299,0.3791,111360,0,0,3297186.0
2026-10-02,TPR,118.12,696,490,206,0.3961,0,0,0,3638977.0
2026-10-01,TREX,43.5,80,30,50,0.4724,0,0,0,1962992.0
2026-10-02,TREX,43.56,22,9,13,0.4688,0,0,0,1144481.0
2026-10-01,TRGP,278.0,621,517,104,0.3098,191660,0,0,1335990.0
2026-10-02,TRGP,281.74,356,184,172,0.321,0,0,0,1245849.0
2026-09-30,TRI,97.3,124,119,5,0.4781,0,0,0,951861.0
2026-10-01,TRI,99.85,201,186,15,0.4785,0,0,0,1405039.0
2026-10-02,TRI,97.62,1657,866,791,0.4953,58674,0,0,1735525.0
2026-10-01,TRMB,57.53,52,51,1,0.3835,0,0,0,3712464.0
2026-10-02,TRMB,57.52,29,24,5,0.3793,0,0,0,1513127.0
2026-10-01,TROW,105.83,705,643,62,0.2524,0,0,0,2122496.0
2026-10-02,TROW,104.62,274,168,106,0.2473,0,0,0,1179305.0
2026-10-01,TRU,61.8,103,40,63,0.4793,0,0,0,3972455.0
2026-10-02,TRU,63.44,1611,898,713,0.4801,112660,0,0,5009035.0
2026-10-01,TRV,361.64,202,140,62,0.2625,0,0,0,1253897.0
2026-10-02,TRV,360.38,136,85,51,0.2564,0,0,0,882410.0
2026-10-01,TSCO,31.69,1622,924,698,0.4363,0,0,0,11889478.0
2026-10-02,TSCO,31.2,3452,2018,1434,0.437,0,0,0,13189867.0
2026-10-01,TSLA,356.0,1327382,873120,454262,0.4528,93985029,12265030,2025408,31080774.0
2026-10-02,TSLA,371.43,3603407,2005105,1598302,0.4301,206260195,6211922,7349123,55330140.0
2026-10-01,TSN,50.47,1118,603,515,0.2559,0,0,0,3251561.0
2026-10-02,TSN,51.89,706,389,317,0.255,0,0,0,3294659.0
2026-10-01,TT,458.94,203,65,138,0.2956,0,0,0,1100597.0
2026-10-02,TT,463.91,161,83,78,0.2894,0,0,0,1331806.0
2026-10-01,TTC,97.79,19,17,2,0.2451,0,0,0,599749.0
2026-10-02,TTC,98.64,121,121,0,0.2366,0,0,0,580083.0
2026-10-01,TTEK,33.72,24,12,12,0.3302,0,0,0,1480149.0
2026-10-02,TTEK,33.12,40,38,2,0.3292,0,0,0,1913024.0
2026-10-01,TTMI,126.65,1068,710,358,0.8202,0,0,0,1784752.0
2026-10-02,TTMI,132.82,2504,796,1708,0.8017,950160,0,150150,1613403.0
2026-10-01,TTWO,203.7,16676,6387,10289,0.3946,1315674,0,1315674,2662142.0
2026-10-02,TTWO,202.75,9924,6944,2980,0.388,2611497,1731092,192454,1592611.0
2026-10-01,TWLO,304.91,7097,4440,2657,0.7389,1757130,947460,0,2568510.0
2026-10-02,TWLO,294.52,8638,4946,3692,0.7336,3649985,0,0,3673631.0
2026-10-01,TXN,281.5,5265,2760,2505,0.4803,290500,0,178780,3698277.0
2026-10-02,TXN,293.92,24481,16983,7498,0.4719,1944945,101490,0,5009171.0
2026-10-01,TXNM,58.53,0,0,0,0.1951,0,0,0,1765245.0
2026-10-02,TXNM,58.41,2,2,0,0.1866,0,0,0,2412277.0
2026-10-01,TXRH,156.7,1211,873,338,0.2961,808485,0,102123,854431.0
2026-10-02,TXRH,156.14,272,149,123,0.2963,0,0,0,1150745.0
2026-10-01,TXT,77.17,95,51,44,0.2874,0,0,0,972577.0
2026-10-02,TXT,77.26,71,56,15,0.2785,0,0,0,2287946.0
2026-10-01,TYL,330.18,152,90,62,0.4218,0,0,0,721671.0
2026-10-02,TYL,322.81,14,6,8,0.4097,0,0,0,379527.0
2026-10-01,UAL,113.6,10883,6495,4388,0.5415,0,0,0,4367706.0
2026-10-02,UAL,112.25,13112,7303,5809,0.531,1327421,0,0,4026363.0
2026-10-01,UBER,68.01,90718,58178,32540,0.3583,4185368,49768,421922,17691296.0
2026-10-02,UBER,68.01,78644,48742,29902,0.3492,1785246,90998,4852,15556945.0
2026-10-01,UBSI,46.4,26,25,1,0.2574,0,0,0,1206717.0
2026-10-02,UBSI,47.04,1,1,0,0.271,0,0,0,1171597.0
2026-10-01,UDR,33.68,30,19,11,0.2186,0,0,0,3959430.0
2026-10-02,UDR,33.27,13,2,11,0.1903,0,0,0,3133979.0
2026-10-01,UFPI,77.08,3,2,1,0.3402,0,0,0,365155.0
2026-10-02,UFPI,77.15,1,0,1,0.3417,0,0,0,369639.0
2026-10-01,UGI,36.36,408,46,362,0.2518,0,0,0,2228460.0
2026-10-02,UGI,37.2,153,152,1,0.2558,0,0,0,2316580.0
2026-10-01,UHS,175.07,338,115,223,0.3318,0,0,0,453967.0
2026-10-02,UHS,175.72,723,658,65,0.3364,532944,0,159883,597942.0
2026-10-01,ULS,66.5,32,13,19,0.3661,0,0,0,1403041.0
2026-10-02,ULS,65.99,61,39,22,0.3796,0,0,0,1169823.0
2026-10-01,ULTA,537.7,1205,701,504,0.3099,0,0,0,442539.0
2026-10-02,ULTA,543.69,3533,2448,1085,0.3047,71400,0,0,341214.0
2026-10-01,UMBF,129.79,26,1,25,0.2128,0,0,0,742179.0
2026-10-02,UMBF,130.94,2,0,2,0.2277,0,0,0,654657.0
2026-10-01,UNH,366.84,53487,24220,29267,0.4024,2592512,64206,0,3940857.0
2026-10-02,UNH,371.9,56344,29376,26968,0.4045,3462054,58040,31916,3307469.0
2026-10-01,UNM,88.08,373,290,83,0.2951,0,0,0,798324.0
2026-10-02,UNM,88.57,132,108,24,0.2859,0,0,0,1056906.0
2026-10-01,UNP,272.42,11996,11336,660,0.257,1037035,0,0,2340697.0
2026-10-02,UNP,278.28,1482,1087,395,0.2565,0,0,0,3049536.0
2026-10-01,UPS,94.1,31649,25443,6206,0.3625,510050,0,153015,4791258.0
2026-10-02,UPS,93.02,16049,10388,5661,0.3642,59052,0,0,4675750.0
2026-10-01,URI,1010.0,3414,1720,1694,0.4529,58420,0,58420,430666.0
2026-10-02,URI,1081.04,3539,1600,1939,0.4819,574080,0,0,617350.0
2026-10-01,USB,57.74,5616,3645,1971,0.2745,0,0,0,11173371.0
2026-10-02,USB,57.51,4382,2721,1661,0.2724,54250,0,0,7590216.0
2026-10-01,USFD,93.93,25,14,11,0.2963,0,0,0,2108701.0
2026-10-02,USFD,96.92,69,40,29,0.2969,0,0,0,3479344.0
2026-10-01,USO,143.91,166817,57955,108862,0.4982,7615956,0,861617,5933904.0
2026-10-02,USO,147.37,306606,153414,153192,0.4902,17406555,0,8270404,7761145.0
2026-10-01,UTHR,571.38,2240,1941,299,0.3238,1783909,655949,0,1691495.0
2026-10-02,UTHR,541.7,696,467,229,0.3296,304500,304500,0,803358.0
2026-10-01,V,360.94,15156,9245,5911,0.2383,627970,0,0,5270940.0
2026-10-02,V,360.23,20399,12774,7625,0.2366,4180158,0,578626,3987871.0
2026-10-01,VAL,79.56,16,6,10,0.4688,0,0,0,1548501.0
2026-10-02,VAL,78.39,26,21,5,0.4651,0,0,0,781604.0
2026-10-01,VC,88.36,1421,1421,0,0.3667,71050,71050,0,690452.0
2026-10-02,VC,88.77,28,26,2,0.3687,0,0,0,260620.0
2026-10-01,VEEV,281.93,362,165,197,0.39,0,0,0,961696.0
2026-10-02,VEEV,273.33,867,437,430,0.3852,175440,0,0,905233.0
2026-10-01,VFC,14.41,19702,17737,1965,0.5731,1214955,0,0,12718993.0
2026-10-02,VFC,14.33,15514,4399,11115,0.5444,923149,25986,0,9415787.0
2026-10-01,VIAV,45.49,3787,3447,340,0.7837,74100,0,0,7260825.0
2026-10-02,VIAV,47.28,22094,21478,616,0.7793,3656523,3535660,0,10058343.0
2026-10-01,VICI,22.75,3624,2184,1440,0.1905,0,0,0,9641722.0
2026-10-02,VICI,22.71,2516,1390,1126,0.1968,0,0,0,5454266.0
2026-10-01,VICR,308.78,5575,2054,3521,0.8614,2200075,1001662,45530,1463963.0
2026-10-02,VICR,308.9,1281,537,744,0.8555,0,0,0,868130.0
2026-10-01,VIX,16.05,959960,612317,347643,0.8265,2654117,0,0,0.0
2026-10-02,VIX,15.31,1270811,1127581,143230,0.8825,60096213,4262688,0,0.0
2026-10-01,VLO,401.48,17256,6266,10990,0.5111,1563430,0,415709,2667157.0
2026-10-02,VLO,406.3,16391,7912,8479,0.5073,6717083,633450,0,2586518.0
2026-10-01,VLTO,94.6,5,3,2,0.2596,0,0,0,1969171.0
2026-10-02,VLTO,94.68,45,40,5,0.2729,0,0,0,1623791.0
2026-10-01,VLY,12.47,129,18,111,0.2907,0,0,0,11679791.0
2026-10-02,VLY,12.82,69,54,15,0.3096,0,0,0,5650192.0
2026-10-01,VMC,243.98,132,65,67,0.3033,0,0,0,2141524.0
2026-10-02,VMC,243.06,22,19,3,0.3027,0,0,0,726017.0
2026-10-01,VMI,467.74,5,3,2,0.2936,0,0,0,235305.0
2026-10-02,VMI,478.74,24,20,4,0.2896,0,0,0,166156.0
2026-09-29,VMRK,61.35,1797,16,1781,0.2442,0,0,0,3673649.0
2026-10-01,VMRK,60.17,155,52,103,0.2186,0,0,0,4698710.0
2026-09-30,VNDA,4.92,715,508,207,0.8891,0,0,0,3058528.0
2026-10-02,VNDA,4.58,151,115,36,0.951,0,0,0,1448962.0
2026-10-01,VNO,33.56,629,127,502,0.3566,0,0,0,1621255.0
2026-10-02,VNO,33.73,12,1,11,0.3693,0,0,0,898872.0
2026-10-01,VNOM,40.69,394,345,49,0.3029,0,0,0,2185419.0
2026-10-02,VNOM,40.64,627,472,155,0.2974,0,0,0,1499695.0
2026-10-01,VNT,31.69,10,10,0,0.3665,0,0,0,1132078.0
2026-10-02,VNT,31.66,8,8,0,0.3699,0,0,0,896473.0
2026-10-01,VOYA,95.38,170,160,10,0.3133,0,0,0,989849.0
2026-10-02,VOYA,96.65,45,28,17,0.311,0,0,0,681673.0
2026-10-01,VRSK,168.0,144,82,62,0.3583,0,0,0,854137.0
2026-10-02,VRSK,163.88,62,12,50,0.3426,0,0,0,649258.0
2026-10-01,VRSN,286.9,43,30,13,0.2981,0,0,0,483524.0
2026-10-02,VRSN,288.32,163,39,124,0.2876,0,0,0,403607.0
2026-10-01,VRT,248.56,21898,9444,12454,0.65,0,0,0,3470112.0
2026-10-02,VRT,252.23,33933,17428,16505,0.6411,7785798,37032,24916,2782786.0
2026-10-01,VRTX,508.76,1487,488,999,0.2778,281480,0,0,1194639.0
2026-10-02,VRTX,504.73,5039,2130,2909,0.2697,3590773,0,0,936344.0
2026-10-01,VST,140.89,36961,17014,19947,0.4415,1331989,0,30975,4757828.0
2026-10-02,VST,140.3,96829,52808,44021,0.4539,102299427,1018740,1222440,12342193.0
2026-10-01,VTR,84.1,135,68,67,0.2446,0,0,0,3085326.0
2026-10-02,VTR,84.01,112,72,40,0.2344,0,0,0,1625862.0
2026-10-01,VTRS,17.54,1651,522,1129,0.3323,0,0,0,9038825.0
2026-10-02,VTRS,17.62,713,662,51,0.3207,0,0,0,6021905.0
2026-10-01,VVV,30.78,190,47,143,0.4012,0,0,0,3570186.0
2026-10-02,VVV,30.58,27,17,10,0.3835,0,0,0,2971936.0
2026-10-01,VZ,46.16,29067,16127,12940,0.2619,0,0,0,22384648.0
2026-10-02,VZ,45.95,24610,15748,8862,0.2573,519177,0,0,19708719.0
2026-10-01,WAB,287.84,34,3,31,0.2473,0,0,0,852758.0
2026-10-02,WAB,287.54,72,36,36,0.2427,0,0,0,661064.0
2026-10-01,WAL,75.7,212,62,150,0.3668,0,0,0,1429372.0
2026-10-02,WAL,76.38,288,141,147,0.361,0,0,0,727295.0
2026-10-01,WAT,425.21,330,73,257,0.3328,0,0,0,810722.0
2026-10-02,WAT,425.21,60,8,52,0.3294,0,0,0,461358.0
2026-10-01,WBD,30.95,55106,39730,15376,0.0227,841495,22096,28093,44286194.0
2026-10-02,WBD,30.94,34276,16960,17316,0.0253,577950,17535,4138,25041782.0
2026-10-01,WCC,371.28,308,263,45,0.418,258400,0,0,531125.0
2026-10-02,WCC,381.73,69,49,20,0.4086,0,0,0,384454.0
2026-10-01,WDAY,186.99,6908,5041,1867,0.505,1965862,187355,426934,2455045.0
2026-10-02,WDAY,186.23,2267,1354,913,0.4892,0,0,0,1134971.0
2026-10-01,WDC,422.8,33399,16400,16999,0.7125,4673470,79281,293528,6167322.0
2026-10-02,WDC,415.95,204844,115512,89332,0.686,77478232,1366039,4608396,24686341.0
2026-10-01,WEC,101.73,208,113,95,0.1815,0,0,0,2212805.0
2026-10-02,WEC,101.59,159,75,84,0.1749,0,0,0,1857656.0
2026-10-01,WELL,227.1,1600,380,1220,0.254,0,0,0,2746499.0
2026-10-02,WELL,227.91,1280,794,486,0.2461,0,0,0,2637780.0
2026-10-01,WEX,168.66,7,7,0,0.4141,0,0,0,731139.0
2026-10-02,WEX,169.1,3,2,1,0.4184,0,0,0,528329.0
2026-10-01,WFC,80.5,61175,19991,41184,0.311,1676832,0,148558,17491472.0
2026-10-02,WFC,80.38,42961,30081,12880,0.3048,1768759,0,147166,10074371.0
2026-10-01,WFRD,78.44,81,18,63,0.4415,0,0,0,731767.0
2026-10-02,WFRD,79.72,57,29,28,0.4251,0,0,0,801993.0
2026-10-01,WH,71.49,1413,3,1410,0.3308,248930,74679,0,976271.0
2026-10-02,WH,71.79,179,175,4,0.3364,52200,0,0,630236.0
2026-10-01,WHR,30.49,4028,2675,1353,0.6297,0,0,0,2998830.0
2026-10-02,WHR,30.31,4348,3752,596,0.6206,0,0,0,2673777.0
2026-10-01,WING,104.36,411,257,154,0.6861,0,0,0,888528.0
2026-10-02,WING,106.89,328,117,211,0.6656,0,0,0,610390.0
2026-10-01,WLK,62.47,300,262,38,0.4686,0,0,0,2169377.0
2026-10-02,WLK,63.5,50,48,2,0.4372,0,0,0,1021283.0
2026-10-01,WM,202.22,2249,858,1391,0.2053,0,0,0,2734006.0
2026-10-02,WM,204.45,3197,1635,1562,0.2065,1481208,114741,0,1861945.0
2026-10-01,WMB,69.22,5944,2838,3106,0.2765,74184,0,0,7208961.0
2026-10-02,WMB,70.35,6363,4442,1921,0.2762,230254,0,52774,8276482.0
2026-10-01,WMG,27.05,16,14,2,0.3389,0,0,0,2960684.0
2026-10-02,WMG,26.82,6,4,2,0.3456,0,0,0,2167776.0
2026-10-01,WMS,126.86,6,0,6,0.3899,0,0,0,538735.0
2026-10-02,WMS,127.27,2007,7,2000,0.3932,575972,0,0,538155.0
2026-10-01,WMT,104.6,97627,60327,37300,0.2315,7387909,361144,419952,23043998.0
2026-10-02,WMT,104.26,96090,67636,28454,0.2223,3174046,357882,13039,23275480.0
2026-10-01,WPC,63.83,412,250,162,0.1909,0,0,0,1911475.0
2026-10-02,WPC,64.52,347,308,39,0.1997,0,0,0,823838.0
2026-10-01,WRB,68.9,71,45,26,0.2255,0,0,0,2545382.0
2026-10-02,WRB,68.98,40,15,25,0.2247,0,0,0,2243223.0
2026-10-01,WSM,233.39,730,102,628,0.3797,50215,0,0,1486541.0
2026-10-02,WSM,232.3,94,37,57,0.3768,0,0,0,724464.0
2026-10-01,WSO,301.15,37,27,10,0.3915,0,0,0,354437.0
2026-10-02,WSO,297.47,83,53,30,0.3619,0,0,0,351884.0
2026-10-01,WST,365.01,361,295,66,0.3077,602680,0,0,670872.0
2026-10-02,WST,364.98,105,83,22,0.3113,0,0,0,374698.0
2026-10-01,WTFC,143.55,4,0,4,0.263,0,0,0,809463.0
2026-10-02,WTFC,145.02,18,6,12,0.2628,0,0,0,435986.0
2026-10-01,WTRG,38.67,5,0,5,0.2134,0,0,0,3314437.0
2026-10-02,WTRG,39.38,5,5,0,0.2106,0,0,0,2491786.0
2026-10-01,WTS,359.49,329,328,1,0.2304,0,0,0,146734.0
2026-10-02,WTS,363.07,2,2,0,0.2293,0,0,0,166190.0
2026-10-01,WTW,280.55,19,14,5,0.2829,0,0,0,485789.0
2026-10-02,WTW,288.61,22,22,0,0.2769,0,0,0,462788.0
2026-10-01,WWD,336.19,108,1,107,0.377,0,0,0,708833.0
2026-10-02,WWD,331.62,915,10,905,0.3747,557100,0,0,836624.0
2026-10-01,WY,18.64,13492,5362,8130,0.3055,2135844,0,0,12429761.0
2026-10-02,WY,18.47,6315,5475,840,0.3105,949914,0,0,6446248.0
2026-10-01,WYNN,77.75,13453,7159,6294,0.3721,3919113,145081,77334,2997482.0
2026-10-02,WYNN,76.47,12079,4731,7348,0.3685,424287,21848,0,1702126.0
2026-10-01,XBI,156.08,41939,9479,32460,0.3154,223456,167400,0,11571533.0
2026-10-02,XBI,154.21,34272,6444,27828,0.3082,3714840,0,2639472,8752611.0
2026-10-01,XEL,70.55,745,234,511,0.2604,0,0,0,4085876.0
2026-10-02,XEL,71.4,1753,869,884,0.2769,1317904,0,0,3307795.0
2026-10-01,XLE,62.08,58950,37600,21350,0.2607,489174,0,50731,41682146.0
2026-10-02,XLE,62.82,137850,36468,101382,0.26,2965315,0,15214,27891919.0
2026-10-01,XLF,53.61,251155,106411,144744,0.1723,702316,173089,0,41529547.0
2026-10-02,XLF,53.49,183639,66360,117279,0.1652,746008,25325,63801,30288989.0
2026-10-01,XLK,199.72,47429,18406,29023,0.2564,2636789,0,0,10920441.0
2026-10-02,XLK,199.8,142397,18703,123694,0.2436,4162884,587811,79859,8925479.0
2026-10-01,XLV,166.8,15382,5230,10152,0.1659,363318,0,0,10029872.0
2026-10-02,XLV,166.05,11025,4706,6319,0.1661,2175261,0,181820,6907237.0
2026-10-01,XOM,162.45,80351,47842,32509,0.2948,14644601,0,1285432,11703592.0
2026-10-02,XOM,164.29,57645,40884,16761,0.2892,2578334,6541,8291,11288067.0
2026-10-01,XPO,179.73,143,23,120,0.4329,0,0,0,830601.0
2026-10-02,XPO,186.09,502,253,249,0.4034,50141,0,0,1353342.0
2026-10-01,XRAY,8.81,1024,590,434,0.3981,0,0,0,5934951.0
2026-10-02,XRAY,8.72,545,458,87,0.4071,78390,0,7055,5786403.0
2026-10-01,XYL,100.88,11720,5884,5836,0.3195,284928,284928,0,2423013.0
2026-10-02,XYL,101.79,243,149,94,0.3242,0,0,0,1734157.0
2026-10-01,XYZ,74.04,20025,11303,8722,0.4492,0,0,0,3766749.0
2026-10-02,XYZ,74.56,21320,10762,10558,0.4361,746167,72968,0,3802058.0
2026-10-01,YETI,41.37,50,47,3,0.4111,0,0,0,1006168.0
2026-10-02,YETI,40.87,78,60,18,0.3905,0,0,0,1104166.0
2026-10-01,YUM,136.69,296,147,149,0.2741,0,0,0,1281124.0
2026-10-02,YUM,136.12,1373,1252,121,0.2738,197970,0,0,1360185.0
2026-10-01,ZBH,88.06,41,24,17,0.2947,0,0,0,2298083.0
2026-10-02,ZBH,88.29,54,18,36,0.2964,0,0,0,1535311.0
2026-10-01,ZBRA,375.45,447,226,221,0.4079,1881000,0,0,390430.0
2026-10-02,ZBRA,375.86,76,34,42,0.3911,0,0,0,265081.0
2026-10-01,ZION,62.66,1398,152,1246,0.297,80822,0,80822,1891371.0
2026-10-02,ZION,63.17,153,84,69,0.2865,0,0,0,922015.0
2026-10-01,ZTS,69.25,6231,1990,4241,0.3789,0,0,0,5346763.0
2026-10-02,ZTS,69.61,4034,3160,874,0.3701,217560,0,0,5252667.0
2026-09-30,ZVRA,11.16,0,0,0,0.5754,0,0,0,0.0
2026-10-01,ZVRA,10.5,1018,358,660,0.5783,56880,0,0,1301121.0
